source_file|year|constituency|category|sn|record_text|page|extraction_method
CDF-2024-SUCCESSFUL-YOUTH-WOMEN-COMMUNITY-EMPOWERMENT-LOAN-APPLICANTS-MAGOYE-CONSTITUENCY.pdf|2024|Magoye|empowerment_loan|1|SugAR Of ZAMB)A CDF 2024 SUCESSFUL EMPOWERMENT LOAN APPLICANTS-MAGOYE Name of Groupl Type of No. Individual applicant Ward Sector 1 [Fecha Poultry House Individual Itebe Livestock Munakaanza Business Commerce|0|ocr
CDF-2024-SUCCESSFUL-YOUTH-WOMEN-COMMUNITY-EMPOWERMENT-LOAN-APPLICANTS-MAGOYE-CONSTITUENCY.pdf|2024|Magoye|empowerment_loan|2|Enterprises Individual Itebe & Trade|0|ocr
CDF-2024-SUCCESSFUL-YOUTH-WOMEN-COMMUNITY-EMPOWERMENT-LOAN-APPLICANTS-MAGOYE-CONSTITUENCY.pdf|2024|Magoye|empowerment_loan|3|Onachati Enterprise Individual Mbaya Agriculture|0|ocr
CDF-2024-SUCCESSFUL-YOUTH-WOMEN-COMMUNITY-EMPOWERMENT-LOAN-APPLICANTS-MAGOYE-CONSTITUENCY.pdf|2024|Magoye|empowerment_loan|4|Memsai General Dealers Individual Munenga Livestock|0|ocr
CDF-2024-SUCCESSFUL-YOUTH-WOMEN-COMMUNITY-EMPOWERMENT-LOAN-APPLICANTS-MAGOYE-CONSTITUENCY.pdf|2024|Magoye|empowerment_loan|5|Frewema General Dealers Individual Munjile Transport Choogris General Dealers Individual MwanachingwLivestock Munakanke Genaeral Dealers Individual MwanachingwTransport|0|ocr
CDF-2024-SUCCESSFUL-YOUTH-WOMEN-COMMUNITY-EMPOWERMENT-LOAN-APPLICANTS-MAGOYE-CONSTITUENCY.pdf|2024|Magoye|empowerment_loan|8|Mn Leaders Enterprice Individual Nachipooma Livestock Commerce|0|ocr
CDF-2024-SUCCESSFUL-YOUTH-WOMEN-COMMUNITY-EMPOWERMENT-LOAN-APPLICANTS-MAGOYE-CONSTITUENCY.pdf|2024|Magoye|empowerment_loan|9|Hunter Stationary Individual Ngwezi & Trade Ngwezi Ovc Care And|0|ocr
CDF-2024-SUCCESSFUL-YOUTH-WOMEN-COMMUNITY-EMPOWERMENT-LOAN-APPLICANTS-MAGOYE-CONSTITUENCY.pdf|2024|Magoye|empowerment_loan|10|Support Coperative Community Ngwezi IA Agriculture 0 MUNIcTT T REPUBLIC MAZABUKA COUNCIL|0|ocr
CDF-2024-SUCCESSFUL-YOUTH-WOMEN-COMMUNITY-EMPOWERMENT-LOAN-APPLICANTS-MAGOYE-CONSTITUENCY.pdf|2024|Magoye|empowerment_loan|202|4 APR 0 3 CLERK TOWN THE 670022, OF BOX OFFICE P.O MAZABUKA 11 Tubumbe Youth Club Youth Nkonkola Livestock 12 Nankumbe MPC Community Nkonkola Agriculture Mbayamusum 13 Monoris Enterprise Individual Agriculture Commerce 14 Metjoe Enterprise Individual Munenga & Trade Mahuumina Multipurspose 15 Limited Individual Munjile Agriculture 16 Tila Cizule MPC Community Musuma Agriculture Commerce 17 Hazwezwe MPC Individual Mwanchingwal& Trade Commerce 18 Mazubo General Dealers Individual Ngwezi & Trade 2Mejn 65 MUNICIPAL RErubLic MAZABUKA CQUNCIL 2024 APR CLERK 03 TOWN THE 670022, OF BOX OFFICE P.O: MAZABUKA|0|ocr
CDF-2024-SUCCESSFUL-SECONDARY-SCHOOL-BURSARY-APPLICANTS-MAGOYE-CONSTITUENCY.pdf|2024|Magoye|secondary_school_bursary|1|~Sugar O7 ZAMBIA SUCCESSFUL NAMES OF SECONDARY SCHOOL LEARNERS UNDER SPONSORSHIP FOR 2024 CDF ALLOCATION MAGOYE CONSTITUENCY_ Grad No: Name of Pupil Constituen Ward Sex (M/F) Name of School MOONGA TWALUMBA MAGOYE CHIVUNA FEMALE BATOKA SECONDARY|0|ocr
CDF-2024-SUCCESSFUL-SECONDARY-SCHOOL-BURSARY-APPLICANTS-MAGOYE-CONSTITUENCY.pdf|2024|Magoye|secondary_school_bursary|2|ALEX SISELO MULIKISI MAGOYE NGWEZI MALE BLESSED BAKANJA SECONDARY SCHOOL|0|ocr
CDF-2024-SUCCESSFUL-SECONDARY-SCHOOL-BURSARY-APPLICANTS-MAGOYE-CONSTITUENCY.pdf|2024|Magoye|secondary_school_bursary|3|NYAMBE MIKE MAGOYE MUSUMA MALE CANISIUS SECONDARY SCHOOL NZAAMBA MACSWEENEY MAGOYE NGWEZI MALE CANISIUS SECONDARY SCHOOL SIBAMBI CHEELELA MAGOYE NGWEZI MALE 10 CANISIUS SECONDARY SCHOOL CHINKULI PRINCIPAL MAGOYE MBAYA FEMALE CHIKANKATA SECONDARY CHISENGELE LUBOMBA MAGOYE KALAMA FEMALE CHIKANKATA SECONDARY|0|ocr
CDF-2024-SUCCESSFUL-SECONDARY-SCHOOL-BURSARY-APPLICANTS-MAGOYE-CONSTITUENCY.pdf|2024|Magoye|secondary_school_bursary|8|MUCHAPE MAINZA MAGOYE CHIVUNA FEMALE CHIKANKATA SECONDARY TEMBO ALICE MAGOYE NGWEZI FEMALE 10 CHIKANKATA SECONDARY|0|ocr
CDF-2024-SUCCESSFUL-SECONDARY-SCHOOL-BURSARY-APPLICANTS-MAGOYE-CONSTITUENCY.pdf|2024|Magoye|secondary_school_bursary|10|cHOOKA PROSPER MAGOYE NKONKOLA MALE 10 CHIKANKATA SECONDARY HIKANZAMULEYA DOMINIdMAGOYE NGWEZI MALE 10 CHIKANKATA SECONDARY|0|ocr
CDF-2024-SUCCESSFUL-SECONDARY-SCHOOL-BURSARY-APPLICANTS-MAGOYE-CONSTITUENCY.pdf|2024|Magoye|secondary_school_bursary|12|MWEEMBA HIMWIINGA MAGOYE NGWEZI MALE CHIKANKATA SECONDARY|0|ocr
CDF-2024-SUCCESSFUL-SECONDARY-SCHOOL-BURSARY-APPLICANTS-MAGOYE-CONSTITUENCY.pdf|2024|Magoye|secondary_school_bursary|13|MWEENE PROTACIOUS MAGOYE MWANACHINGWAMALE CHIKANKATA SECONDARY I4/CHIYOBEKA SHEWIN MAGOYE NGWEZI FEMALE 10 CHIKANKATA SECONDARY SCHOOL|0|ocr
CDF-2024-SUCCESSFUL-SECONDARY-SCHOOL-BURSARY-APPLICANTS-MAGOYE-CONSTITUENCY.pdf|2024|Magoye|secondary_school_bursary|15|MUCHINDU FALLEN CHINOIMAGOYE CHIVUNA FEMALE CHIKANKATA SECONDARY SCHOOL|0|ocr
CDF-2024-SUCCESSFUL-SECONDARY-SCHOOL-BURSARY-APPLICANTS-MAGOYE-CONSTITUENCY.pdf|2024|Magoye|secondary_school_bursary|16|MAINZA ANDREW KEEMPE MAGOYE NGWEZI MALE 10 CHIKANKATA SECONDARY SCHOOL|0|ocr
CDF-2024-SUCCESSFUL-SECONDARY-SCHOOL-BURSARY-APPLICANTS-MAGOYE-CONSTITUENCY.pdf|2024|Magoye|secondary_school_bursary|17|MUJUKU YU MAGOYE MUSUMA MALE 10 CHIKANKATA SECONDARY SCHOOL|0|ocr
CDF-2024-SUCCESSFUL-SECONDARY-SCHOOL-BURSARY-APPLICANTS-MAGOYE-CONSTITUENCY.pdf|2024|Magoye|secondary_school_bursary|18|/TRIUMPHANT CHABWE MAGOYE MUNENGA MALE CHIKANKATA SECONDARY SCHOOL|0|ocr
CDF-2024-SUCCESSFUL-SECONDARY-SCHOOL-BURSARY-APPLICANTS-MAGOYE-CONSTITUENCY.pdf|2024|Magoye|secondary_school_bursary|19|MIYOBA CHOOLWE MAGOYE NGWEZI FEMALE CHIKUNI GIRLS SECONDARY|0|ocr
CDF-2024-SUCCESSFUL-SECONDARY-SCHOOL-BURSARY-APPLICANTS-MAGOYE-CONSTITUENCY.pdf|2024|Magoye|secondary_school_bursary|20|NGOMA LUYANDO MAGOYE NGWEZI FEMALE CHIKUNI GIRLS SECONDARY|0|ocr
CDF-2024-SUCCESSFUL-SECONDARY-SCHOOL-BURSARY-APPLICANTS-MAGOYE-CONSTITUENCY.pdf|2024|Magoye|secondary_school_bursary|21|SIAKAMINI PATRICIA MAGOYE NACHIPOMA FEMALE 10 CHIKUNI GIRLS SECONDARY|0|ocr
CDF-2024-SUCCESSFUL-SECONDARY-SCHOOL-BURSARY-APPLICANTS-MAGOYE-CONSTITUENCY.pdf|2024|Magoye|secondary_school_bursary|22|NG'ANDU KELVIN MAGOYE MUSUMA MALE 10 CHINKANTA SECONDARY SCHOOL|0|ocr
CDF-2024-SUCCESSFUL-SECONDARY-SCHOOL-BURSARY-APPLICANTS-MAGOYE-CONSTITUENCY.pdf|2024|Magoye|secondary_school_bursary|23|CHILALA DAINESS MAGOYE NKONKOLA FEMALE 12 CHIPEPO SECONDARY|0|ocr
CDF-2024-SUCCESSFUL-SECONDARY-SCHOOL-BURSARY-APPLICANTS-MAGOYE-CONSTITUENCY.pdf|2024|Magoye|secondary_school_bursary|24|HALUMBA DORIS DAISY MAGOYE NACHIPOOMA FEMALE 10 CHIPEPO SECONDARY SCHOOL|0|ocr
CDF-2024-SUCCESSFUL-SECONDARY-SCHOOL-BURSARY-APPLICANTS-MAGOYE-CONSTITUENCY.pdf|2024|Magoye|secondary_school_bursary|25|MUCHIMBA LUIG[ MAGOYE NKONKOLA MALE 10 CHIPEPO SECONDARY SCHOOL|0|ocr
CDF-2024-SUCCESSFUL-SECONDARY-SCHOOL-BURSARY-APPLICANTS-MAGOYE-CONSTITUENCY.pdf|2024|Magoye|secondary_school_bursary|26|HANSUNA MERITY MAGOYE MUNJILE FEMALE 10 CHOONGO INCLUSIVE SCHOOL|0|ocr
CDF-2024-SUCCESSFUL-SECONDARY-SCHOOL-BURSARY-APPLICANTS-MAGOYE-CONSTITUENCY.pdf|2024|Magoye|secondary_school_bursary|27|"|MUNSAKA MIZINGA MAGOYE MUNJILE MALE 12 CHOONGO INCLUSIVE SCHOOL"|0|ocr
CDF-2024-SUCCESSFUL-SECONDARY-SCHOOL-BURSARY-APPLICANTS-MAGOYE-CONSTITUENCY.pdf|2024|Magoye|secondary_school_bursary|28|NZOOMBE OSWELL MAGOYE MUNJILE MALE 10 CHOONGO INCLUSIVE SCHOOL|0|ocr
CDF-2024-SUCCESSFUL-SECONDARY-SCHOOL-BURSARY-APPLICANTS-MAGOYE-CONSTITUENCY.pdf|2024|Magoye|secondary_school_bursary|29|MWEEMBA MARTHA MAGOYE CHIVUNA FEMALE 10 CHOONGO PRIMARY SECONDARY SCHO(|0|ocr
CDF-2024-SUCCESSFUL-SECONDARY-SCHOOL-BURSARY-APPLICANTS-MAGOYE-CONSTITUENCY.pdf|2024|Magoye|secondary_school_bursary|30|MIYOBA TRYINAH MAGOYE MUNJILE FEMALE 11 CHOONGO SECONDARY SCHOOL FEMALE MBM|0|ocr
CDF-2024-SUCCESSFUL-SECONDARY-SCHOOL-BURSARY-APPLICANTS-MAGOYE-CONSTITUENCY.pdf|2024|Magoye|secondary_school_bursary|31|MACHILA ANNA MAGOYE NGWEZI SECONDAR MSCHOQL Jexbo|0|ocr
CDF-2024-SUCCESSFUL-SECONDARY-SCHOOL-BURSARY-APPLICANTS-MAGOYE-CONSTITUENCY.pdf|2024|Magoye|secondary_school_bursary|32|MILIMQ EDAH MAGOYE NGWEZI FEMALE Ruo M +! HiwoBECONDARY SHOQI|0|ocr
CDF-2024-SUCCESSFUL-SECONDARY-SCHOOL-BURSARY-APPLICANTS-MAGOYE-CONSTITUENCY.pdf|2024|Magoye|secondary_school_bursary|33|NCHIMUNYA OLIPAH MAGOYE KALAMA FEMALE 12 SCHOQL LJEMBOSECONDULY JAN 0 8 CLERK TOWN THE 670022, OF BOX OFFICE P.o. MAZABUKA|0|ocr
CDF-2024-SUCCESSFUL-SECONDARY-SCHOOL-BURSARY-APPLICANTS-MAGOYE-CONSTITUENCY.pdf|2024|Magoye|secondary_school_bursary|34|CHEELO JOASH MAGOYE CHIVUNA MALE JEMBO SECONDARY SCHOOL|1|ocr
CDF-2024-SUCCESSFUL-SECONDARY-SCHOOL-BURSARY-APPLICANTS-MAGOYE-CONSTITUENCY.pdf|2024|Magoye|secondary_school_bursary|35|SIAMAKUNI KELVIN MAGOYE NGWEZI MALE 10 JEMBO SECONDARY SCHOOL|1|ocr
CDF-2024-SUCCESSFUL-SECONDARY-SCHOOL-BURSARY-APPLICANTS-MAGOYE-CONSTITUENCY.pdf|2024|Magoye|secondary_school_bursary|36|"|HANKAMBE JANE MAGOYE KALAMA FEMALE KALOMO SECONDARY SCHOOL"|1|ocr
CDF-2024-SUCCESSFUL-SECONDARY-SCHOOL-BURSARY-APPLICANTS-MAGOYE-CONSTITUENCY.pdf|2024|Magoye|secondary_school_bursary|37|/KAMWAYA NKOMBO MAGOYE NGWEZI FEMALE KASENGA GIRLS SECONDARY|1|ocr
CDF-2024-SUCCESSFUL-SECONDARY-SCHOOL-BURSARY-APPLICANTS-MAGOYE-CONSTITUENCY.pdf|2024|Magoye|secondary_school_bursary|38|MICHELO CECILIA MAGOYE KALAMA FEMALE KASENGA GIRLS SECONDARY|1|ocr
CDF-2024-SUCCESSFUL-SECONDARY-SCHOOL-BURSARY-APPLICANTS-MAGOYE-CONSTITUENCY.pdf|2024|Magoye|secondary_school_bursary|39|CHOONGO BETTY MAGOYE KALAMA FEMALE KASENGA GIRLS SECONDARY SCHOOL|1|ocr
CDF-2024-SUCCESSFUL-SECONDARY-SCHOOL-BURSARY-APPLICANTS-MAGOYE-CONSTITUENCY.pdf|2024|Magoye|secondary_school_bursary|40|MWIINGA NANCY MAGOYE MUSUMA FEMALE KASENGA GIRLS SECONDARY SCHOOL|1|ocr
CDF-2024-SUCCESSFUL-SECONDARY-SCHOOL-BURSARY-APPLICANTS-MAGOYE-CONSTITUENCY.pdf|2024|Magoye|secondary_school_bursary|41|LWIITO HAMISAKO MAGOYE CHIVUNA FEMALE 10 KAUMBA SECONDARY|1|ocr
CDF-2024-SUCCESSFUL-SECONDARY-SCHOOL-BURSARY-APPLICANTS-MAGOYE-CONSTITUENCY.pdf|2024|Magoye|secondary_school_bursary|42|CHUULA BRIAN MAGOYE CHIVUNA MALE 10 KAUMBA SECONDARY|1|ocr
CDF-2024-SUCCESSFUL-SECONDARY-SCHOOL-BURSARY-APPLICANTS-MAGOYE-CONSTITUENCY.pdf|2024|Magoye|secondary_school_bursary|43|HAMOONGA NCHIMUNYA MAGOYE KALAMA MALE KAUMBA SECONDARY|1|ocr
CDF-2024-SUCCESSFUL-SECONDARY-SCHOOL-BURSARY-APPLICANTS-MAGOYE-CONSTITUENCY.pdf|2024|Magoye|secondary_school_bursary|44|/CHEELO CLEOPATRA MAGOYE CHIVUNA FEMALE 10 KAUMBA SECONDARY SCHOOL|1|ocr
CDF-2024-SUCCESSFUL-SECONDARY-SCHOOL-BURSARY-APPLICANTS-MAGOYE-CONSTITUENCY.pdf|2024|Magoye|secondary_school_bursary|45|CHIBABE PEGGY MAGOYE MBAYA FEMALE KAUMBA SECONDARY SCHOOL|1|ocr
CDF-2024-SUCCESSFUL-SECONDARY-SCHOOL-BURSARY-APPLICANTS-MAGOYE-CONSTITUENCY.pdf|2024|Magoye|secondary_school_bursary|46|"|MAINDA ETHEL MAGOYE CHIVUNA FEMALE 10 KAUMBA SECONDARY SCHOOL"|1|ocr
CDF-2024-SUCCESSFUL-SECONDARY-SCHOOL-BURSARY-APPLICANTS-MAGOYE-CONSTITUENCY.pdf|2024|Magoye|secondary_school_bursary|47|/MAKONDO CHRISTINE MAGOYE CHIVUNA FEMALE 10 KAUMBA SECONDARY SCHOOL|1|ocr
CDF-2024-SUCCESSFUL-SECONDARY-SCHOOL-BURSARY-APPLICANTS-MAGOYE-CONSTITUENCY.pdf|2024|Magoye|secondary_school_bursary|48|MALAMBO POLITNESS MAGOYE CHIVUNA FEMALE KAUMBA SECONDARY SCHOOL|1|ocr
CDF-2024-SUCCESSFUL-SECONDARY-SCHOOL-BURSARY-APPLICANTS-MAGOYE-CONSTITUENCY.pdf|2024|Magoye|secondary_school_bursary|49|MAYUMBA FRIDAH MAGOYE CHIVUNA FEMALE 10 KAUMBA SECONDARY SCHOOL|1|ocr
CDF-2024-SUCCESSFUL-SECONDARY-SCHOOL-BURSARY-APPLICANTS-MAGOYE-CONSTITUENCY.pdf|2024|Magoye|secondary_school_bursary|50|MWEEMBA MUTINTA MAGOYE NGWEZI FEMALE KAUMBA SECONDARY SCHOOL|1|ocr
CDF-2024-SUCCESSFUL-SECONDARY-SCHOOL-BURSARY-APPLICANTS-MAGOYE-CONSTITUENCY.pdf|2024|Magoye|secondary_school_bursary|51|MWEENE CHILELEKO MAGOYE CHIVUNA FEMALE KAUMBA SECONDARY SCHOOL|1|ocr
CDF-2024-SUCCESSFUL-SECONDARY-SCHOOL-BURSARY-APPLICANTS-MAGOYE-CONSTITUENCY.pdf|2024|Magoye|secondary_school_bursary|52|MWEENE CLARA MAGOYE CHIVUNA FEMALE KAUMBA SECONDARY SCHOOL|1|ocr
CDF-2024-SUCCESSFUL-SECONDARY-SCHOOL-BURSARY-APPLICANTS-MAGOYE-CONSTITUENCY.pdf|2024|Magoye|secondary_school_bursary|53|SABBAU LYDIA MAGOYE NACHIPOMA FEMALE 10 KAUMBA SECONDARY SCHOOL|1|ocr
CDF-2024-SUCCESSFUL-SECONDARY-SCHOOL-BURSARY-APPLICANTS-MAGOYE-CONSTITUENCY.pdf|2024|Magoye|secondary_school_bursary|54|CHEELO MAZUBA MAGOYE CHIVUNA MALE 10 KAUMBA SECONDARY SCHOOL S5 CHEELO PSALMS MAGOYE CHIVUNA MALE 10 KAUMBA SECONDARY SCHOOL|1|ocr
CDF-2024-SUCCESSFUL-SECONDARY-SCHOOL-BURSARY-APPLICANTS-MAGOYE-CONSTITUENCY.pdf|2024|Magoye|secondary_school_bursary|56|HAL YABBILA NGANDU MAGOYE KALAMA MALE 10 KAUMBA SECONDARY SCHOOL|1|ocr
CDF-2024-SUCCESSFUL-SECONDARY-SCHOOL-BURSARY-APPLICANTS-MAGOYE-CONSTITUENCY.pdf|2024|Magoye|secondary_school_bursary|57|HAMANYANGA MUDABUSI MAGOYE KALAMA MALE 10 KAUMBA SECONDARY SCHOOL|1|ocr
CDF-2024-SUCCESSFUL-SECONDARY-SCHOOL-BURSARY-APPLICANTS-MAGOYE-CONSTITUENCY.pdf|2024|Magoye|secondary_school_bursary|58|HATWIKO MUTELO MAGOYE NGWEZI MALE KAUMBA SECONDARY SCHOOL|1|ocr
CDF-2024-SUCCESSFUL-SECONDARY-SCHOOL-BURSARY-APPLICANTS-MAGOYE-CONSTITUENCY.pdf|2024|Magoye|secondary_school_bursary|59|MAAMBO CORNWELL MAGOYE KALAMA MALE 10 KAUMBA SECONDARY SCHOOL|1|ocr
CDF-2024-SUCCESSFUL-SECONDARY-SCHOOL-BURSARY-APPLICANTS-MAGOYE-CONSTITUENCY.pdf|2024|Magoye|secondary_school_bursary|60|MALAMBO DERICK MAGOYE CHIVUNA MALE KAUMBA SECONDARY SCHOOL|1|ocr
CDF-2024-SUCCESSFUL-SECONDARY-SCHOOL-BURSARY-APPLICANTS-MAGOYE-CONSTITUENCY.pdf|2024|Magoye|secondary_school_bursary|61|MALAMBO SMITH MAGOYE CHIVUNA MALE 10 KAUMBA SECONDARY SCHOOL|1|ocr
CDF-2024-SUCCESSFUL-SECONDARY-SCHOOL-BURSARY-APPLICANTS-MAGOYE-CONSTITUENCY.pdf|2024|Magoye|secondary_school_bursary|62|/MICHELO MAIMBO DANIEL MAGOYE CHIVUNA MALE KAUMBA SECONDARY SCHOOL|1|ocr
CDF-2024-SUCCESSFUL-SECONDARY-SCHOOL-BURSARY-APPLICANTS-MAGOYE-CONSTITUENCY.pdf|2024|Magoye|secondary_school_bursary|63|"|MOONO MILIMO MAGOYE NGWEZI MALE KAUMBA SECONDARY SCHOOL"|1|ocr
CDF-2024-SUCCESSFUL-SECONDARY-SCHOOL-BURSARY-APPLICANTS-MAGOYE-CONSTITUENCY.pdf|2024|Magoye|secondary_school_bursary|64|"|MOOYA JOSEPH MAGOYE CHIVUNA MALE KAUMBA SECONDARY SCHOOL"|1|ocr
CDF-2024-SUCCESSFUL-SECONDARY-SCHOOL-BURSARY-APPLICANTS-MAGOYE-CONSTITUENCY.pdf|2024|Magoye|secondary_school_bursary|65|MUNANGANDU ORIGINAL MAGOYE MUNJILE MALE KAUMBA SECONDARY SCHOOL|1|ocr
CDF-2024-SUCCESSFUL-SECONDARY-SCHOOL-BURSARY-APPLICANTS-MAGOYE-CONSTITUENCY.pdf|2024|Magoye|secondary_school_bursary|66|"|NGANDU NGANDU MAGOYE KALAMA MALE M KAUMBA SECONDARY SCHOOL"|1|ocr
CDF-2024-SUCCESSFUL-SECONDARY-SCHOOL-BURSARY-APPLICANTS-MAGOYE-CONSTITUENCY.pdf|2024|Magoye|secondary_school_bursary|67|"|SIMONDA JOSEPH MAGOYE NGWEZI MALE 10 KAUMBA SECONDARY SCHOOL"|1|ocr
CDF-2024-SUCCESSFUL-SECONDARY-SCHOOL-BURSARY-APPLICANTS-MAGOYE-CONSTITUENCY.pdf|2024|Magoye|secondary_school_bursary|68|RONICA CHEELO MAGOYE CHIVUNA FEMALE 10 KEEMBA HILL SECONDARY|1|ocr
CDF-2024-SUCCESSFUL-SECONDARY-SCHOOL-BURSARY-APPLICANTS-MAGOYE-CONSTITUENCY.pdf|2024|Magoye|secondary_school_bursary|69|MWAAMBA THOMAS MAGOYE NGWEZI MALE KEEMBA HILL SECONDARY SCHOOL|1|ocr
CDF-2024-SUCCESSFUL-SECONDARY-SCHOOL-BURSARY-APPLICANTS-MAGOYE-CONSTITUENCY.pdf|2024|Magoye|secondary_school_bursary|70|MUUNKA EARNEST MAGOYE MUSUMA MALE KEEMBA HILL SECONDARY SCHOOLMON; FEMALE BLA|1|ocr
CDF-2024-SUCCESSFUL-SECONDARY-SCHOOL-BURSARY-APPLICANTS-MAGOYE-CONSTITUENCY.pdf|2024|Magoye|secondary_school_bursary|71|/CHIBONGA MONALISA MAGOYE KALAMA LWANGWA BOARDING Paryostconakys SCF Jbli|1|ocr
CDF-2024-SUCCESSFUL-SECONDARY-SCHOOL-BURSARY-APPLICANTS-MAGOYE-CONSTITUENCY.pdf|2024|Magoye|secondary_school_bursary|72|"|MWEEMBA GIFT MAGOYE NACHIPOOMA MALE MAAMBA SELYOND SCHOQL MTT CO"|1|ocr
CDF-2024-SUCCESSFUL-SECONDARY-SCHOOL-BURSARY-APPLICANTS-MAGOYE-CONSTITUENCY.pdf|2024|Magoye|secondary_school_bursary|73|"|MIYOBA CATHY NANG'ANDMAGOYE NGWEZI FEMALE 8 MACHA GIRLS SECONDARY SCHOQL JAN 2024 0 8 CLERK TOWN THE 670022, OF BoX OFFICE PO: MAZABUKA"|1|ocr
CDF-2024-SUCCESSFUL-SECONDARY-SCHOOL-BURSARY-APPLICANTS-MAGOYE-CONSTITUENCY.pdf|2024|Magoye|secondary_school_bursary|74|MWEEMBA LUYANDO STEPIMAGOYE NGWEZI FEMALE 10 MACHA GIRLS SECONDARY SCHOOL|2|ocr
CDF-2024-SUCCESSFUL-SECONDARY-SCHOOL-BURSARY-APPLICANTS-MAGOYE-CONSTITUENCY.pdf|2024|Magoye|secondary_school_bursary|75|STACY MWIINGA MAGOYE NGWEZI FEMALE MACHA GIRLS SECONDARY SCHOOL|2|ocr
CDF-2024-SUCCESSFUL-SECONDARY-SCHOOL-BURSARY-APPLICANTS-MAGOYE-CONSTITUENCY.pdf|2024|Magoye|secondary_school_bursary|76|KACHANA MILIMO SHALL YIMAGOYE KALAMA FEMALE 10 MACHA GIRLS SECONDARY SECONDARY|2|ocr
CDF-2024-SUCCESSFUL-SECONDARY-SCHOOL-BURSARY-APPLICANTS-MAGOYE-CONSTITUENCY.pdf|2024|Magoye|secondary_school_bursary|77|CHISENGELE CHOLA MAGOYE NGWEZI FEMALE 10 MACHA SECONDARY SCHOOL|2|ocr
CDF-2024-SUCCESSFUL-SECONDARY-SCHOOL-BURSARY-APPLICANTS-MAGOYE-CONSTITUENCY.pdf|2024|Magoye|secondary_school_bursary|78|/KAPELE SECILIA MAGOYE NGWEZI FEMALE MACHA SECONDARY SCHOOL|2|ocr
CDF-2024-SUCCESSFUL-SECONDARY-SCHOOL-BURSARY-APPLICANTS-MAGOYE-CONSTITUENCY.pdf|2024|Magoye|secondary_school_bursary|79|KAPUTO EMELIA MAGOYE NGWEZI FEMALE MACHA SECONDARY SCHOOL|2|ocr
CDF-2024-SUCCESSFUL-SECONDARY-SCHOOL-BURSARY-APPLICANTS-MAGOYE-CONSTITUENCY.pdf|2024|Magoye|secondary_school_bursary|80|MATOMOLA TECKSON MAGOYE NACHIPOMA MALE MAGOYE SECONDARY SCHOOL HAMAUNDU ESNART MAGOYE NACHIPOOMA FEMALE MAKOYE SECONDARY|2|ocr
CDF-2024-SUCCESSFUL-SECONDARY-SCHOOL-BURSARY-APPLICANTS-MAGOYE-CONSTITUENCY.pdf|2024|Magoye|secondary_school_bursary|82|HAMAUNDU HIMANANSA MAGOYE NACHIPOOMA FEMALE MAKOYE SECONDARY|2|ocr
CDF-2024-SUCCESSFUL-SECONDARY-SCHOOL-BURSARY-APPLICANTS-MAGOYE-CONSTITUENCY.pdf|2024|Magoye|secondary_school_bursary|83|HAMAUNDU MAKWEMBO MAGOYE NACHIPOOMA FEMALE MAKOYE SECONDARY|2|ocr
CDF-2024-SUCCESSFUL-SECONDARY-SCHOOL-BURSARY-APPLICANTS-MAGOYE-CONSTITUENCY.pdf|2024|Magoye|secondary_school_bursary|84|HANAMBE VERA MAGOYE ITEBE FEMALE 10 MAKOYE SECONDARY|2|ocr
CDF-2024-SUCCESSFUL-SECONDARY-SCHOOL-BURSARY-APPLICANTS-MAGOYE-CONSTITUENCY.pdf|2024|Magoye|secondary_school_bursary|85|"|MUTALE PAULINA MAGOYE NACHIPOOMA FEMALE MAKOYE SECONDARY"|2|ocr
CDF-2024-SUCCESSFUL-SECONDARY-SCHOOL-BURSARY-APPLICANTS-MAGOYE-CONSTITUENCY.pdf|2024|Magoye|secondary_school_bursary|86|CHISULO JAYSON MAGOYE ITEBE MALE 10 MAKOYE SECONDARY|2|ocr
CDF-2024-SUCCESSFUL-SECONDARY-SCHOOL-BURSARY-APPLICANTS-MAGOYE-CONSTITUENCY.pdf|2024|Magoye|secondary_school_bursary|87|HAMAUNDU DAVID MAGOYE NACHIPOOMA MALE MAKOYE SECONDARY|2|ocr
CDF-2024-SUCCESSFUL-SECONDARY-SCHOOL-BURSARY-APPLICANTS-MAGOYE-CONSTITUENCY.pdf|2024|Magoye|secondary_school_bursary|88|CHIKONYONA FINESS MAGOYE MWANACHINGW FEMALE 11 MAKOYE SECONDARY|2|ocr
CDF-2024-SUCCESSFUL-SECONDARY-SCHOOL-BURSARY-APPLICANTS-MAGOYE-CONSTITUENCY.pdf|2024|Magoye|secondary_school_bursary|89|HAMABILE NAOMI MAGOYE MWANACHINGW FEMALE 12 MAKOYE SECONDARY|2|ocr
CDF-2024-SUCCESSFUL-SECONDARY-SCHOOL-BURSARY-APPLICANTS-MAGOYE-CONSTITUENCY.pdf|2024|Magoye|secondary_school_bursary|90|CHUMA MONICA MAGOYE MWANACHINGW FEMALE 10 MAKOYE SECONDARY SCHOOL|2|ocr
CDF-2024-SUCCESSFUL-SECONDARY-SCHOOL-BURSARY-APPLICANTS-MAGOYE-CONSTITUENCY.pdf|2024|Magoye|secondary_school_bursary|91|KALALUKA GRACE MAGOYE MUSUMA FEMALE 8 MAKOYE SECONDARY SCHOOL|2|ocr
CDF-2024-SUCCESSFUL-SECONDARY-SCHOOL-BURSARY-APPLICANTS-MAGOYE-CONSTITUENCY.pdf|2024|Magoye|secondary_school_bursary|92|KALALUKA GRACE MAGOYE MUSUMA FEMALE MAKOYE SECONDARY SCHOOL|2|ocr
CDF-2024-SUCCESSFUL-SECONDARY-SCHOOL-BURSARY-APPLICANTS-MAGOYE-CONSTITUENCY.pdf|2024|Magoye|secondary_school_bursary|93|"|LINNAH HABBELA MAGOYE MWANACHINGW FEMALE 10 MAKOYE SECONDARY SCHOOL"|2|ocr
CDF-2024-SUCCESSFUL-SECONDARY-SCHOOL-BURSARY-APPLICANTS-MAGOYE-CONSTITUENCY.pdf|2024|Magoye|secondary_school_bursary|94|MALAMBO DIANA MAGOYE KALAMA FEMALE MAKOYE SECONDARY SCHOOL|2|ocr
CDF-2024-SUCCESSFUL-SECONDARY-SCHOOL-BURSARY-APPLICANTS-MAGOYE-CONSTITUENCY.pdf|2024|Magoye|secondary_school_bursary|95|MALAMBO MILIMO MAGOYE KALAMA FEMALE MAKOYE SECONDARY SCHOOL|2|ocr
CDF-2024-SUCCESSFUL-SECONDARY-SCHOOL-BURSARY-APPLICANTS-MAGOYE-CONSTITUENCY.pdf|2024|Magoye|secondary_school_bursary|96|MATHANDALIZWE SIBONGIMAGOYE MWANACHINGW FEMALE MAKOYE SECONDARY SCHOOL|2|ocr
CDF-2024-SUCCESSFUL-SECONDARY-SCHOOL-BURSARY-APPLICANTS-MAGOYE-CONSTITUENCY.pdf|2024|Magoye|secondary_school_bursary|97|MIYANDA PATRICIA MAGOYE KALAMA FEMALE 10 MAKOYE SECONDARY SCHOOL|2|ocr
CDF-2024-SUCCESSFUL-SECONDARY-SCHOOL-BURSARY-APPLICANTS-MAGOYE-CONSTITUENCY.pdf|2024|Magoye|secondary_school_bursary|98|MUKOLOLO GRACE TALIMI MAGOYE NGWEZI FEMALE MAKOYE SECONDARY SCHOOL|2|ocr
CDF-2024-SUCCESSFUL-SECONDARY-SCHOOL-BURSARY-APPLICANTS-MAGOYE-CONSTITUENCY.pdf|2024|Magoye|secondary_school_bursary|99|"| MULEYA QUEEN MAGOYE NGWEZI FEMALE MAKOYE SECONDARY SCHOOL"|2|ocr
CDF-2024-SUCCESSFUL-SECONDARY-SCHOOL-BURSARY-APPLICANTS-MAGOYE-CONSTITUENCY.pdf|2024|Magoye|secondary_school_bursary|100|MWANDABANYAMA MALINMAGOYE MWANACHINGW FEMALE MAKOYE SECONDARY SCHOOL|2|ocr
CDF-2024-SUCCESSFUL-SECONDARY-SCHOOL-BURSARY-APPLICANTS-MAGOYE-CONSTITUENCY.pdf|2024|Magoye|secondary_school_bursary|101|MWIINGA LWEENDO MAGOYE MWANACHINGW FEMALE 10 MAKOYE SECONDARY SCHOOL|2|ocr
CDF-2024-SUCCESSFUL-SECONDARY-SCHOOL-BURSARY-APPLICANTS-MAGOYE-CONSTITUENCY.pdf|2024|Magoye|secondary_school_bursary|102|NAMUKUZA MAPALO MAGOYE MUNJILE FEMALE MAKOYE SECONDARY SCHOOL|2|ocr
CDF-2024-SUCCESSFUL-SECONDARY-SCHOOL-BURSARY-APPLICANTS-MAGOYE-CONSTITUENCY.pdf|2024|Magoye|secondary_school_bursary|103|NKUMBULA SHEKINAH MAGOYE KALAMA FEMALE MAKOYE SECONDARY SCHOOL|2|ocr
CDF-2024-SUCCESSFUL-SECONDARY-SCHOOL-BURSARY-APPLICANTS-MAGOYE-CONSTITUENCY.pdf|2024|Magoye|secondary_school_bursary|104|SAILI LUSANGANO MAGOYE CHIVUNA FEMALE MAKOYE SECONDARY SCHOOL|2|ocr
CDF-2024-SUCCESSFUL-SECONDARY-SCHOOL-BURSARY-APPLICANTS-MAGOYE-CONSTITUENCY.pdf|2024|Magoye|secondary_school_bursary|105|SIMOONGA PRISCAH MAGOYE NACHIPOMA FEMALE 10 MAKOYE SECONDARY SCHOOL|2|ocr
CDF-2024-SUCCESSFUL-SECONDARY-SCHOOL-BURSARY-APPLICANTS-MAGOYE-CONSTITUENCY.pdf|2024|Magoye|secondary_school_bursary|106|VERA HANAMBE MAGOYE NACHIPOMA FEMALE 10 MAKOYE SECONDARY SCHOOL|2|ocr
CDF-2024-SUCCESSFUL-SECONDARY-SCHOOL-BURSARY-APPLICANTS-MAGOYE-CONSTITUENCY.pdf|2024|Magoye|secondary_school_bursary|107|WENDY MWEENE MAGOYE MWANACHINGW FEMALE [0 MAKOYE SECONDARY SCHOOL|2|ocr
CDF-2024-SUCCESSFUL-SECONDARY-SCHOOL-BURSARY-APPLICANTS-MAGOYE-CONSTITUENCY.pdf|2024|Magoye|secondary_school_bursary|108|]HIMALAMA JUDITH MAGOYE ITEBE FEMALE MAKOYE SECONDARY SCHOOL|2|ocr
CDF-2024-SUCCESSFUL-SECONDARY-SCHOOL-BURSARY-APPLICANTS-MAGOYE-CONSTITUENCY.pdf|2024|Magoye|secondary_school_bursary|109|MWIINGA MARRIAN MAGOYE MWANACHINGW FEMALE 12 MAKOYE SECONDARY SCHOOL|2|ocr
CDF-2024-SUCCESSFUL-SECONDARY-SCHOOL-BURSARY-APPLICANTS-MAGOYE-CONSTITUENCY.pdf|2024|Magoye|secondary_school_bursary|110|"MWIINGA MIYOBA MAGOYE MWANACHINGW FEMALE 12 MAKQYE SECONDARY SCHQOL 2T AL M1 CHINYAMA MAIMBOLWA MAGOYE NACHIPOMA MALE 10 MAKOYE SECON NDARKSCIOOL 12 HANAUMBA JOE MAGOYE NKONKOLA MALE 10 [ensovar SCHOOL 13/HANZALA EVISTER MAGOYE NKNKOLA MALE MAKOYE ""p2loz S CONH 0 8 CLERK TOWN TKE 670022, OF BoX OFFICE Po. MAZABUKA"|2|ocr
CDF-2024-SUCCESSFUL-SECONDARY-SCHOOL-BURSARY-APPLICANTS-MAGOYE-CONSTITUENCY.pdf|2024|Magoye|secondary_school_bursary|114|KANOMA PHILIMON MAGOYE NACHIPOMA MALE 10 MAKOYE SECONDARY SCHOOL HS LUKASHA DALITSO MAGOYE KALAMA MALE MAKOYE SECONDARY SCHOOL|3|ocr
CDF-2024-SUCCESSFUL-SECONDARY-SCHOOL-BURSARY-APPLICANTS-MAGOYE-CONSTITUENCY.pdf|2024|Magoye|secondary_school_bursary|116|"| MAUNDA HANYINDE MAGOYE MWANACHINGW MALE 10 MAKOYE SECONDARY SCHOOL 17 MIYANDA ARTWELL MAGOYE MWANACHINGW MALE U MAKOYE SECONDARY SCHOOL"|3|ocr
CDF-2024-SUCCESSFUL-SECONDARY-SCHOOL-BURSARY-APPLICANTS-MAGOYE-CONSTITUENCY.pdf|2024|Magoye|secondary_school_bursary|118|MIYANDA MUL YATA MAGOYE NKONKOLA MALE MAKOYE SECONDARY SCHOOL|3|ocr
CDF-2024-SUCCESSFUL-SECONDARY-SCHOOL-BURSARY-APPLICANTS-MAGOYE-CONSTITUENCY.pdf|2024|Magoye|secondary_school_bursary|119|MOOYA VOICE MAGOYE MWANACHINGW MALE MAKOYE SECONDARY SCHOOL|3|ocr
CDF-2024-SUCCESSFUL-SECONDARY-SCHOOL-BURSARY-APPLICANTS-MAGOYE-CONSTITUENCY.pdf|2024|Magoye|secondary_school_bursary|120|MUKOMPE KEBBY NGWEZI MALE 10 MAKOYE SECONDARY SCHOOL|3|ocr
CDF-2024-SUCCESSFUL-SECONDARY-SCHOOL-BURSARY-APPLICANTS-MAGOYE-CONSTITUENCY.pdf|2024|Magoye|secondary_school_bursary|121|MULEYA CLIFFORD MAGOYE MWANACHINGW MALE MAKOYE SECONDARY SCHOOL|3|ocr
CDF-2024-SUCCESSFUL-SECONDARY-SCHOOL-BURSARY-APPLICANTS-MAGOYE-CONSTITUENCY.pdf|2024|Magoye|secondary_school_bursary|122|MWAPE MAYBIN MAGOYE MWANACHINGW MALE 11 MAKOYE SECONDARY SCHOOL|3|ocr
CDF-2024-SUCCESSFUL-SECONDARY-SCHOOL-BURSARY-APPLICANTS-MAGOYE-CONSTITUENCY.pdf|2024|Magoye|secondary_school_bursary|123|MWEEMBA JOE MAGOYE MUNENGA MALE 10 MAKOYE SECONDARY SCHOOL|3|ocr
CDF-2024-SUCCESSFUL-SECONDARY-SCHOOL-BURSARY-APPLICANTS-MAGOYE-CONSTITUENCY.pdf|2024|Magoye|secondary_school_bursary|124|MWIINGA MARK MAGOYE MUNENGA MALE 10 MAKOYE SECONDARY SCHOOL L25NAMANGOLWA REUBEN MAGOYE CHIVUNA MALE 10 MAKOYE SECONDARY SCHOOL|3|ocr
CDF-2024-SUCCESSFUL-SECONDARY-SCHOOL-BURSARY-APPLICANTS-MAGOYE-CONSTITUENCY.pdf|2024|Magoye|secondary_school_bursary|126|SICHIMBA RODGERS MAGOYE MWANACHINGW MALE MAKOYE SECONDARY SCHOOL|3|ocr
CDF-2024-SUCCESSFUL-SECONDARY-SCHOOL-BURSARY-APPLICANTS-MAGOYE-CONSTITUENCY.pdf|2024|Magoye|secondary_school_bursary|127|SILUMBA BRIGHT MAGOYE MWANACHINGW MALE 10 MAKOYE SECONDARY SCHOOL|3|ocr
CDF-2024-SUCCESSFUL-SECONDARY-SCHOOL-BURSARY-APPLICANTS-MAGOYE-CONSTITUENCY.pdf|2024|Magoye|secondary_school_bursary|128|SIMWAALE PHILO MAGOYE NGWEZI MALE MAKOYE SECONDARY SCHOOL|3|ocr
CDF-2024-SUCCESSFUL-SECONDARY-SCHOOL-BURSARY-APPLICANTS-MAGOYE-CONSTITUENCY.pdf|2024|Magoye|secondary_school_bursary|129|MANGANI HAMS MAGOYE MWANACHINGW MALE 12 MAKOYE SECONDARY SCHOOL|3|ocr
CDF-2024-SUCCESSFUL-SECONDARY-SCHOOL-BURSARY-APPLICANTS-MAGOYE-CONSTITUENCY.pdf|2024|Magoye|secondary_school_bursary|130|"|MWEEMBA BENARD MAGOYE MWANACHINGWAMALE 12 MAKOYE SECONDARY SCHOOL"|3|ocr
CDF-2024-SUCCESSFUL-SECONDARY-SCHOOL-BURSARY-APPLICANTS-MAGOYE-CONSTITUENCY.pdf|2024|Magoye|secondary_school_bursary|131|MWEENE GASANA MAGOYE MWANACHINGW MALE 12 MAKOYE SECONDARY SCHOOL|3|ocr
CDF-2024-SUCCESSFUL-SECONDARY-SCHOOL-BURSARY-APPLICANTS-MAGOYE-CONSTITUENCY.pdf|2024|Magoye|secondary_school_bursary|132|HABUKALI ROSSANAH MAGOYE ITEBE FEMALE MASUKU SECONDARY|3|ocr
CDF-2024-SUCCESSFUL-SECONDARY-SCHOOL-BURSARY-APPLICANTS-MAGOYE-CONSTITUENCY.pdf|2024|Magoye|secondary_school_bursary|133|ROSSANAH HABUKALI MAGOYE NACHIPOMA FEMALE MASUKU SECONDARY SCHOOL|3|ocr
CDF-2024-SUCCESSFUL-SECONDARY-SCHOOL-BURSARY-APPLICANTS-MAGOYE-CONSTITUENCY.pdf|2024|Magoye|secondary_school_bursary|134|HAMUKAMBA BUSIKU MAGOYE MUNJILE FEMALE 10 MONZE BOARDING|3|ocr
CDF-2024-SUCCESSFUL-SECONDARY-SCHOOL-BURSARY-APPLICANTS-MAGOYE-CONSTITUENCY.pdf|2024|Magoye|secondary_school_bursary|135|/CHIKWEMBE FELOS MAGOYE NACHIPOMA MALE 11 MONZE BOARDING SECONDARY SCHOOL|3|ocr
CDF-2024-SUCCESSFUL-SECONDARY-SCHOOL-BURSARY-APPLICANTS-MAGOYE-CONSTITUENCY.pdf|2024|Magoye|secondary_school_bursary|136|/CHAANDA NONDE MAGOYE NKONKOLA FEMALE 10 MONZE SECONDARY|3|ocr
CDF-2024-SUCCESSFUL-SECONDARY-SCHOOL-BURSARY-APPLICANTS-MAGOYE-CONSTITUENCY.pdf|2024|Magoye|secondary_school_bursary|137|MUNKOMBWE ROYD MAGOYE NACHIPOOMA MALE MONZE SECONDARY|3|ocr
CDF-2024-SUCCESSFUL-SECONDARY-SCHOOL-BURSARY-APPLICANTS-MAGOYE-CONSTITUENCY.pdf|2024|Magoye|secondary_school_bursary|138|ALFAIR CHILALA MAGOYE CHIVUNA MALE 10 MONZE SECONDARY|3|ocr
CDF-2024-SUCCESSFUL-SECONDARY-SCHOOL-BURSARY-APPLICANTS-MAGOYE-CONSTITUENCY.pdf|2024|Magoye|secondary_school_bursary|139|/LUBINDA CATHERINE MAGOYE NGWEZI FEMALE 1 MONZE SECONDARY SCHOOL|3|ocr
CDF-2024-SUCCESSFUL-SECONDARY-SCHOOL-BURSARY-APPLICANTS-MAGOYE-CONSTITUENCY.pdf|2024|Magoye|secondary_school_bursary|140|MALAMBO REBECCA MAGOYE NGWEZI FEMALE 10 MONZE SECONDARY SCHOOL|3|ocr
CDF-2024-SUCCESSFUL-SECONDARY-SCHOOL-BURSARY-APPLICANTS-MAGOYE-CONSTITUENCY.pdf|2024|Magoye|secondary_school_bursary|141|MOONGA CHIPEGO MAGOYE MUNENGA FEMALE MONZE SECONDARY SCHOOL|3|ocr
CDF-2024-SUCCESSFUL-SECONDARY-SCHOOL-BURSARY-APPLICANTS-MAGOYE-CONSTITUENCY.pdf|2024|Magoye|secondary_school_bursary|142|MULEYA ANETY MAGOYE NACHIPOOMA FEMALE MONZE SECONDARY SCHOOL|3|ocr
CDF-2024-SUCCESSFUL-SECONDARY-SCHOOL-BURSARY-APPLICANTS-MAGOYE-CONSTITUENCY.pdf|2024|Magoye|secondary_school_bursary|143|MWEENE NAOMI MAGOYE NGWEZI FEMALE 10 MONZE SECONDARY SCHOOL|3|ocr
CDF-2024-SUCCESSFUL-SECONDARY-SCHOOL-BURSARY-APPLICANTS-MAGOYE-CONSTITUENCY.pdf|2024|Magoye|secondary_school_bursary|144|AUGUSTINE CHIZONDE MAGOYE NKONKOLA MALE MONZE SECONDARY SCHOOL|3|ocr
CDF-2024-SUCCESSFUL-SECONDARY-SCHOOL-BURSARY-APPLICANTS-MAGOYE-CONSTITUENCY.pdf|2024|Magoye|secondary_school_bursary|145|MUNGAILA CLIFORD MAGOYE NGWEZI MALE MONZE SECONDARY SCHOOL|3|ocr
CDF-2024-SUCCESSFUL-SECONDARY-SCHOOL-BURSARY-APPLICANTS-MAGOYE-CONSTITUENCY.pdf|2024|Magoye|secondary_school_bursary|146|SIGUNDU JAMES ROBERTY MAGOYE NACHIPOMA MALE 1 MONZE SECONDARY SCHOOL|3|ocr
CDF-2024-SUCCESSFUL-SECONDARY-SCHOOL-BURSARY-APPLICANTS-MAGOYE-CONSTITUENCY.pdf|2024|Magoye|secondary_school_bursary|147|/cHILALA LUCIANA LISELI MAGOYE CHIVUNA FEMALE 10 MPUNDE GIRLS SECONDARY|3|ocr
CDF-2024-SUCCESSFUL-SECONDARY-SCHOOL-BURSARY-APPLICANTS-MAGOYE-CONSTITUENCY.pdf|2024|Magoye|secondary_school_bursary|148|/ZULU ESTHER MAGOYE NGWEZI FEMALE 10 MUNEGA SECONDARY SCHOOL|3|ocr
CDF-2024-SUCCESSFUL-SECONDARY-SCHOOL-BURSARY-APPLICANTS-MAGOYE-CONSTITUENCY.pdf|2024|Magoye|secondary_school_bursary|149|CHAANGA PRETTY MAGOYE MUNJILE FEMALE 10 MUNENGA SECONDARY LS0cHILUNDU PREVIOUS MAGOYE ITEBE FEMALE MUNENGA SECONDARY ISH CHOONGO BRIGHT MAGOYE MUNJILE FEMALE 10 MUNENGA SECONDARYMBIA] FEMALE C U JGoNakvtpAL|3|ocr
CDF-2024-SUCCESSFUL-SECONDARY-SCHOOL-BURSARY-APPLICANTS-MAGOYE-CONSTITUENCY.pdf|2024|Magoye|secondary_school_bursary|152|DAKA MIRRIAM MAGOYE MUNENGA 10 AUNENGA F BU|3|ocr
CDF-2024-SUCCESSFUL-SECONDARY-SCHOOL-BURSARY-APPLICANTS-MAGOYE-CONSTITUENCY.pdf|2024|Magoye|secondary_school_bursary|153|HABANYAMA NAOMI MAGOYE ITEBE FEMALE MNGASCONARY|3|ocr
CDF-2024-SUCCESSFUL-SECONDARY-SCHOOL-BURSARY-APPLICANTS-MAGOYE-CONSTITUENCY.pdf|2024|Magoye|secondary_school_bursary|202|"4 JAN 0 8 CLERX TOWN TKE 670022, OF BOX OFFICE R.o= MAZABUKA 154/HABEENE KALADY MAGOYE NGWEZI FEMALE 10 MUNENGA SECONDARY 155 HACHAAMBWA EMILY MAGOYE ITEBE FEMALE MUNENGA SECONDARY 156 HIMAGAYA CHABOTA MAGOYE MUNENGA FEMALE MUNENGA SECONDARY 157 KUTWI VIRGINIA MAGOYE NGWEZI FEMALE 10 MUNENGA SECONDARY 158/LUYANDO CHIBAMA MAGOYE NACHIPOOMA FEMALE 10 MUNENGA SECONDARY 159 MBOOZI ERICA MAGOYE NGWEZI FEMALE 10 MUNENGA SECONDARY 160|MICHELO ESTHER MAGOYE CHIVUNA FEMALE MUNENGA SECONDARY 16 1 MUNGABWE EDITH MAGOYE ITEBE FEMALE MUNENGA SECONDARY 162| MUTONGELA AVANESS MAGOYE ITEBE FEMALE MUNENGA SECONDARY 163 |MWEEKA OSWELL NZUNGWMAGOYE NGWEZI FEMALE 10 MUNENGA SECONDARY 164 ELLEN MOOYA MAGOYE CHIVUNA FEMALE 10 MUNENGA SECONDARY 165 MBOZI MILDRED MAGOYE MWANACHINGWAFEMALE MUNENGA SECONDARY 166 | HIMOONDE COSMAS MAGOYE ITEBE MALE 10 MUNENGA SECONDARY 167 MALAMBO SUNWELL MAGOYE ITEBE MALE MUNENGA SECONDARY 168 NGANGU FUNWEL MAGOYE NGWEZI MALE 10 MUNENGA SECONDARY 169 AVANESS MUTONGELA MAGOYE NACHIPOMA FEMALE MUNENGA SECONDARY SCHOOL 170 CHOONYA MATRON MAGOYE MUNENGA FEMALE 10 MUNENGA SECONDARY SCHOOL 171 HAGWANAMA FRIDAH MAGOYE KALAMA FEMALE 10 MUNENGA SECONDARY SCHOOL 172 HAKAZEMBA ELIZABETH MAGOYE MUNENGA FEMALE 10 MUNENGA SECONDARY SCHOOL 173 |HAMBUTO MAUREEN MAGOYE KALAMA FEMALE 10 MUNENGA SECONDARY SCHOOL 174/HAMEEKA KELECIA MAGOYE KALAMA FEMALE 10 MUNENGA SECONDARY SCHOOL 175 /HANDULWE EUPHEMIA MAGOYE MUNENGA FEMALE 10 MUNENGA SECONDARY SCHOOL 176 HANKOMBO HAPPINESS MAGOYE CHIVUNA FEMALE MUNENGA SECONDARY SCHOOL 177 IREEN JUMA MAGOYE KALAMA FEMALE 10 MUNENGA SECONDARY SCHOOL 178 JJACOB BUUMBA MAGOYE MUSUMA FEMALE 10 MUNENGA SECONDARY SCHOOL 179 KAPOBA VIRGINIA MAGOYE MUNENGA FEMALE 10 MUNENGA SECONDARY SCHOOL 180 LWIINDI JANET MAGOYE NGWEZI FEMALE 10 MUNENGA SECONDARY SCHOOL 18 LWIITO SULWE MAGOYE NKONKOLA FEMALE 12 MUNENGA SECONDARY SCHOOL 182 MALAMBO LOVENESS MAGOYE MUNJILE FEMALE 10 MUNENGA SECONDARY SCHOOL 183 MBOZI GLADYS MAGOYE MUNENGA FEMALE 12 MUNENGA SECONDARY SCHOOL 184 MBOZI GRACE MAGOYE MUNENGA FEMALE 10 MUNENGA SECONDARY SCHOOL 185 MERCY NGOMA MAGOYE MWANACHINGW_ FEMALE 10 MUNENGA SECONDARY SCHOOL 186 MOOBOLA KASAMBA MAGOYE MUNENGA FEMALE MUNENGA SECONDARY SCHOOL 187 MULOMMBA MORDNESS MAGOYE KALAMA FEMALE MUNENGA SECONDARY SCHOOL 188 MUNJILE FABBY MAGOYE NKONKOLA FEMALE 10 MUNENGA SECONDARY SCHOOL 189 MUPAPULA EDAH MAGOYE MUNENGA FEMALE 10 MUNENGA SECONDARY SCHOOL 190 MUTENA ARON MAGOYE NACHIPOMA FEMALE 10 MUNENGA SECONDARY SCHOOL FEMALE 24 Al 191 MUUBE GLORIA MAGOYE MUNENGA MUNENG ASCONARLS Hboi 192 MWEEMBA LUCY MAGOYE KALAMA FEMALE luwseastsensevs SCHOOL FEMALE MT 193 |MWEEMBA MAINZA MAGOYE MUSUMA MUNENGA SECONDARY '4QQuo1 JAN 0 8 CLERX TOWN THE 670022, OF BoX OFFICE P.O. MAZABUKA 194 MWEEMBA MERCY MAGOYE MUNENGA FEMALE 10 MUNENGA SECONDARY SCHOOL 195 MWEEMBA PRISCAH MAGOYE NACHIPOOMA FEMALE 10 MUNENGA SECONDARY SCHOOL 196 NGOMA LWEENDO MAGOYE CHIVUNA FEMALE 10 MUNENGA SECONDARY SCHOOL 197 PETRONELA KAPOBA MAGOYE MUNENGA FEMALE 10 MUNENGA SECONDARY SCHOOL 198 |PRETTY KWAAMBWA MAGOYE NGWEZI FEMALE 10 MUNENGA SECONDARY SCHOOL 199 PURITY CHISALE MAGOYE MWANACHINGW FEMALE 10 MUNENGA SECONDARY SCHOOL 200 SANDRA HANYONGOLA MAGOYE NGWEZI FEMALE 10 MUNENGA SECONDARY SCHOOL 20H SIAKOCHE LUUMUNO MAGOYE MUNENGA FEMALE 10 MUNENGA SECONDARY SCHOOL 202 SIAKOCHE LUYANDO MAGOYE MUNENGA FEMALE 10 MUNENGA SECONDARY SCHOOL"|3|ocr
CDF-2024-SUCCESSFUL-SECONDARY-SCHOOL-BURSARY-APPLICANTS-MAGOYE-CONSTITUENCY.pdf|2024|Magoye|secondary_school_bursary|203|"|SITALI MARY MAGOYE NGWEZI FEMALE MUNENGA SECONDARY SCHOOL"|5|ocr
CDF-2024-SUCCESSFUL-SECONDARY-SCHOOL-BURSARY-APPLICANTS-MAGOYE-CONSTITUENCY.pdf|2024|Magoye|secondary_school_bursary|204|TEMBO MARY MAGOYE NACHIPOMA FEMALE 10 MUNENGA SECONDARY SCHOOL|5|ocr
CDF-2024-SUCCESSFUL-SECONDARY-SCHOOL-BURSARY-APPLICANTS-MAGOYE-CONSTITUENCY.pdf|2024|Magoye|secondary_school_bursary|205|/ZYAMBO BETTY MAGOYE NGWEZI FEMALE 10 MUNENGA SECONDARY SCHOOL|5|ocr
CDF-2024-SUCCESSFUL-SECONDARY-SCHOOL-BURSARY-APPLICANTS-MAGOYE-CONSTITUENCY.pdf|2024|Magoye|secondary_school_bursary|206|/CHILOKOTA BREED MAGOYE ITEBE FEMALE MUNENGA SECONDARY SCHOOL|5|ocr
CDF-2024-SUCCESSFUL-SECONDARY-SCHOOL-BURSARY-APPLICANTS-MAGOYE-CONSTITUENCY.pdf|2024|Magoye|secondary_school_bursary|207|/CHILOKOTA RECENT MAGOYE ITEBE FEMALE MUNENGA SECONDARY SCHOOL|5|ocr
CDF-2024-SUCCESSFUL-SECONDARY-SCHOOL-BURSARY-APPLICANTS-MAGOYE-CONSTITUENCY.pdf|2024|Magoye|secondary_school_bursary|208|IANDSTRY CHEELQ MAGOYE NACHIPOMA MALE 10 MUNENGA SECONDARY SCHOOL|5|ocr
CDF-2024-SUCCESSFUL-SECONDARY-SCHOOL-BURSARY-APPLICANTS-MAGOYE-CONSTITUENCY.pdf|2024|Magoye|secondary_school_bursary|209|ANORD HAMAKANDO MAGOYE NACHIPOMA MALE 10 MUNENGA SECONDARY SCHOOL|5|ocr
CDF-2024-SUCCESSFUL-SECONDARY-SCHOOL-BURSARY-APPLICANTS-MAGOYE-CONSTITUENCY.pdf|2024|Magoye|secondary_school_bursary|210|BANJI GIFT MAGOYE MWANACHINGW MALE 1 MUNENGA SECONDARY SCHOOL 2MCHAMANA CHOONYA MAGOYE CHIVUNA MALE 10 MUNENGA SECONDARY SCHOOL|5|ocr
CDF-2024-SUCCESSFUL-SECONDARY-SCHOOL-BURSARY-APPLICANTS-MAGOYE-CONSTITUENCY.pdf|2024|Magoye|secondary_school_bursary|212|CHEELO HATONTOLA MAGOYE MUNENGA MALE 10 MUNENGA SECONDARY SCHOOL|5|ocr
CDF-2024-SUCCESSFUL-SECONDARY-SCHOOL-BURSARY-APPLICANTS-MAGOYE-CONSTITUENCY.pdf|2024|Magoye|secondary_school_bursary|213|CHIKOPA FRANCIS MAGOYE MUNENGA MALE MUNENGA SECONDARY SCHOOL|5|ocr
CDF-2024-SUCCESSFUL-SECONDARY-SCHOOL-BURSARY-APPLICANTS-MAGOYE-CONSTITUENCY.pdf|2024|Magoye|secondary_school_bursary|214|CHILALA KNOX MAGOYE NGWEZ MALE MUNENGA SECONDARY SCHOOL|5|ocr
CDF-2024-SUCCESSFUL-SECONDARY-SCHOOL-BURSARY-APPLICANTS-MAGOYE-CONSTITUENCY.pdf|2024|Magoye|secondary_school_bursary|215|HAKOOMA CHOOLWE MAGOYE NGWEZI MALE 10 MUNENGA SECONDARY SCHOOL|5|ocr
CDF-2024-SUCCESSFUL-SECONDARY-SCHOOL-BURSARY-APPLICANTS-MAGOYE-CONSTITUENCY.pdf|2024|Magoye|secondary_school_bursary|216|/HAMWEENDA GIFT MAGOYE MUNENGA MALE 10 MUNENGA SECONDARY SCHOOL|5|ocr
CDF-2024-SUCCESSFUL-SECONDARY-SCHOOL-BURSARY-APPLICANTS-MAGOYE-CONSTITUENCY.pdf|2024|Magoye|secondary_school_bursary|217|KALULAMA LAWYER MAGOYE CHIVUNA MALE MUNENGA SECONDARY SCHOOL|5|ocr
CDF-2024-SUCCESSFUL-SECONDARY-SCHOOL-BURSARY-APPLICANTS-MAGOYE-CONSTITUENCY.pdf|2024|Magoye|secondary_school_bursary|218|LOWLAND MIYANDA MAGOYE NKONKOLA MALE MUNENGA SECONDARY SCHOOL|5|ocr
CDF-2024-SUCCESSFUL-SECONDARY-SCHOOL-BURSARY-APPLICANTS-MAGOYE-CONSTITUENCY.pdf|2024|Magoye|secondary_school_bursary|219|MAKOYE LUSHOMO MAGOYE MWANACHINGW_ MALE MUNENGA SECONDARY SCHOOL|5|ocr
CDF-2024-SUCCESSFUL-SECONDARY-SCHOOL-BURSARY-APPLICANTS-MAGOYE-CONSTITUENCY.pdf|2024|Magoye|secondary_school_bursary|220|MALAMBO JOENESS MAGOYE MUNENGA MALE 10 MUNENGA SECONDARY SCHOOL|5|ocr
CDF-2024-SUCCESSFUL-SECONDARY-SCHOOL-BURSARY-APPLICANTS-MAGOYE-CONSTITUENCY.pdf|2024|Magoye|secondary_school_bursary|221|MALAMBO TRYWELL MAGOYE MBAYAMUSUMA MALE 10 MUNENGA SECONDARY SCHOOL|5|ocr
CDF-2024-SUCCESSFUL-SECONDARY-SCHOOL-BURSARY-APPLICANTS-MAGOYE-CONSTITUENCY.pdf|2024|Magoye|secondary_school_bursary|222|MANDA CHARLES MAGOYE NGWEZI MALE MUNENGA SECONDARY SCHOOL|5|ocr
CDF-2024-SUCCESSFUL-SECONDARY-SCHOOL-BURSARY-APPLICANTS-MAGOYE-CONSTITUENCY.pdf|2024|Magoye|secondary_school_bursary|223|MILAMBO ANORLD MAGOYE KALAMA MALE 10 MUNENGA SECONDARY SCHOOL|5|ocr
CDF-2024-SUCCESSFUL-SECONDARY-SCHOOL-BURSARY-APPLICANTS-MAGOYE-CONSTITUENCY.pdf|2024|Magoye|secondary_school_bursary|224|"|MOONGA SUSU CHIWAALA MAGOYE NGWEZI MALE 10 MUNENGA SECONDARY SCHOOL"|5|ocr
CDF-2024-SUCCESSFUL-SECONDARY-SCHOOL-BURSARY-APPLICANTS-MAGOYE-CONSTITUENCY.pdf|2024|Magoye|secondary_school_bursary|225|MUBAMBASIL KEL VIN MAGOYE KALAMA MALE 10 MUNENGA SECONDARY SCHOOL|5|ocr
CDF-2024-SUCCESSFUL-SECONDARY-SCHOOL-BURSARY-APPLICANTS-MAGOYE-CONSTITUENCY.pdf|2024|Magoye|secondary_school_bursary|226|MUI-MUI MUBITA MAGOYE MWANACHINGWAMALE 10 MUNENGA SECONDARY SCHOOL|5|ocr
CDF-2024-SUCCESSFUL-SECONDARY-SCHOOL-BURSARY-APPLICANTS-MAGOYE-CONSTITUENCY.pdf|2024|Magoye|secondary_school_bursary|227|MULOMBA OBBY MAGOYE MWANACHINGW MALE 10 MUNENGA SECONDARY SCHOOL|5|ocr
CDF-2024-SUCCESSFUL-SECONDARY-SCHOOL-BURSARY-APPLICANTS-MAGOYE-CONSTITUENCY.pdf|2024|Magoye|secondary_school_bursary|228|"| MUNJILE WEBBER MAGOYE NGWEZI MALE 10 MUNENGA SECONDARY SCHOOL"|5|ocr
CDF-2024-SUCCESSFUL-SECONDARY-SCHOOL-BURSARY-APPLICANTS-MAGOYE-CONSTITUENCY.pdf|2024|Magoye|secondary_school_bursary|229|NAMANJE REAGAN MAGOYE NGWEZI MALE 12 MUNENGA SECONDARY SCHOOL Juc|5|ocr
CDF-2024-SUCCESSFUL-SECONDARY-SCHOOL-BURSARY-APPLICANTS-MAGOYE-CONSTITUENCY.pdf|2024|Magoye|secondary_school_bursary|230|NCHIMUNNYA ALEX MAGOYE CHIVUNA MALE 10 MUNENGA SECONDARY ScHOOL L C ARScHoOL|5|ocr
CDF-2024-SUCCESSFUL-SECONDARY-SCHOOL-BURSARY-APPLICANTS-MAGOYE-CONSTITUENCY.pdf|2024|Magoye|secondary_school_bursary|231|NG'ANDU LUSHOMO MAGOYE MUNENGA MALE 8 MUNENGA Avcov; RE 0|5|ocr
CDF-2024-SUCCESSFUL-SECONDARY-SCHOOL-BURSARY-APPLICANTS-MAGOYE-CONSTITUENCY.pdf|2024|Magoye|secondary_school_bursary|232|NKATA JOHN EMMANUEL MAGOYE NACHIPOOMA MALE MUNENdA SECONDARY|5|ocr
CDF-2024-SUCCESSFUL-SECONDARY-SCHOOL-BURSARY-APPLICANTS-MAGOYE-CONSTITUENCY.pdf|2024|Magoye|secondary_school_bursary|233|"PHIRI KEN EMMANUEL MAGOYE NACHIPOMA MALE MUNENG ""oeaxdn CLEK TOWN THE 670022, OF BOX OFFICE P.o; MAZABUKA"|5|ocr
CDF-2024-SUCCESSFUL-SECONDARY-SCHOOL-BURSARY-APPLICANTS-MAGOYE-CONSTITUENCY.pdf|2024|Magoye|secondary_school_bursary|234|PHIRI ZIBU NONE MAGOYE NGWEZI MALE 11 MUNENGA SECONDARY SCHOOL|6|ocr
CDF-2024-SUCCESSFUL-SECONDARY-SCHOOL-BURSARY-APPLICANTS-MAGOYE-CONSTITUENCY.pdf|2024|Magoye|secondary_school_bursary|235|SANTIAGO MWEEMBA MAGOYE MUNENGA MALE 10 MUNENGA SECONDARY SCHOOL|6|ocr
CDF-2024-SUCCESSFUL-SECONDARY-SCHOOL-BURSARY-APPLICANTS-MAGOYE-CONSTITUENCY.pdf|2024|Magoye|secondary_school_bursary|236|SIANJINA FALLENT MAGOYE KALAMA MALE 10 MUNENGA SECONDARY SCHOOL|6|ocr
CDF-2024-SUCCESSFUL-SECONDARY-SCHOOL-BURSARY-APPLICANTS-MAGOYE-CONSTITUENCY.pdf|2024|Magoye|secondary_school_bursary|237|/SIMWAALE MODARCK MAGOYE NGWEZI MALE 11 MUNENGA SECONDARY SCHOOL|6|ocr
CDF-2024-SUCCESSFUL-SECONDARY-SCHOOL-BURSARY-APPLICANTS-MAGOYE-CONSTITUENCY.pdf|2024|Magoye|secondary_school_bursary|238|TUNDAILE ARMICK MAGOYE MUSUMA MALE 10 MUNENGA SECONDARY SCHOOL|6|ocr
CDF-2024-SUCCESSFUL-SECONDARY-SCHOOL-BURSARY-APPLICANTS-MAGOYE-CONSTITUENCY.pdf|2024|Magoye|secondary_school_bursary|239|MOONZE JOSHUA MAGOYE MWANACHINGW MALE M MUNENGA SECONDARY SCHOOL|6|ocr
CDF-2024-SUCCESSFUL-SECONDARY-SCHOOL-BURSARY-APPLICANTS-MAGOYE-CONSTITUENCY.pdf|2024|Magoye|secondary_school_bursary|240|MUTUMBA WEBSTER MAGOYE MWANACHINGW MALE MUNENGA SECONDARY SCHOOL|6|ocr
CDF-2024-SUCCESSFUL-SECONDARY-SCHOOL-BURSARY-APPLICANTS-MAGOYE-CONSTITUENCY.pdf|2024|Magoye|secondary_school_bursary|241|MAMANINO SENYENE MAGOYE MBAYA FEMALE MUNSANGU SECONDARY SCHOOL|6|ocr
CDF-2024-SUCCESSFUL-SECONDARY-SCHOOL-BURSARY-APPLICANTS-MAGOYE-CONSTITUENCY.pdf|2024|Magoye|secondary_school_bursary|242|MIYOBA MARY MAGOYE MUSUMA FEMALE MUNSANGU SECONDARY SCHOOL|6|ocr
CDF-2024-SUCCESSFUL-SECONDARY-SCHOOL-BURSARY-APPLICANTS-MAGOYE-CONSTITUENCY.pdf|2024|Magoye|secondary_school_bursary|243|NGOMA PETRONELLA MAGOYE MUSUMA FEMALE 10 MUNSANGU SECONDARY SCHOOL|6|ocr
CDF-2024-SUCCESSFUL-SECONDARY-SCHOOL-BURSARY-APPLICANTS-MAGOYE-CONSTITUENCY.pdf|2024|Magoye|secondary_school_bursary|244|MUKOSA PATRICK MAGOYE NGWEZI MALE MUNSANGU SECONDARY SCHOOL|6|ocr
CDF-2024-SUCCESSFUL-SECONDARY-SCHOOL-BURSARY-APPLICANTS-MAGOYE-CONSTITUENCY.pdf|2024|Magoye|secondary_school_bursary|245|BANDA JACKSON MAGOYE NKONKOLA MALE MUNYUMBWE SECONDARY|6|ocr
CDF-2024-SUCCESSFUL-SECONDARY-SCHOOL-BURSARY-APPLICANTS-MAGOYE-CONSTITUENCY.pdf|2024|Magoye|secondary_school_bursary|246|MUNTANGA THOMSON MAGOYE MUNJILE MALE 10 MUNYUMBWE SECONDARY|6|ocr
CDF-2024-SUCCESSFUL-SECONDARY-SCHOOL-BURSARY-APPLICANTS-MAGOYE-CONSTITUENCY.pdf|2024|Magoye|secondary_school_bursary|247|KASAMU MIYOBA BUSIKU MAGOYE NGWEZI MALE MUNYUMBWE SECONDARY SCHOOL|6|ocr
CDF-2024-SUCCESSFUL-SECONDARY-SCHOOL-BURSARY-APPLICANTS-MAGOYE-CONSTITUENCY.pdf|2024|Magoye|secondary_school_bursary|248|LUBINDA MWANGALA MAGOYE NACHIPOOMA FEMALE 10 MUSANGU SECONDARY SCHOOL|6|ocr
CDF-2024-SUCCESSFUL-SECONDARY-SCHOOL-BURSARY-APPLICANTS-MAGOYE-CONSTITUENCY.pdf|2024|Magoye|secondary_school_bursary|249|SAMUSHI CHIBUYE JASON MAGOYE MUNENGA MALE 10 MUSANGU SECONDARY SCHOOL|6|ocr
CDF-2024-SUCCESSFUL-SECONDARY-SCHOOL-BURSARY-APPLICANTS-MAGOYE-CONSTITUENCY.pdf|2024|Magoye|secondary_school_bursary|250|NYAMBE KOMANA MAGOYE NGWEZI FEMALE NAMALUNDU SECONDARY|6|ocr
CDF-2024-SUCCESSFUL-SECONDARY-SCHOOL-BURSARY-APPLICANTS-MAGOYE-CONSTITUENCY.pdf|2024|Magoye|secondary_school_bursary|251|/MWANJI OWEN MAGOYE KALAMA MALE 10 NAMPUNDWE SECONDARY|6|ocr
CDF-2024-SUCCESSFUL-SECONDARY-SCHOOL-BURSARY-APPLICANTS-MAGOYE-CONSTITUENCY.pdf|2024|Magoye|secondary_school_bursary|252|MAKWEMBO ERICK MAGOYE MUNJILE FEMALE 10 NAMWALA SECONDARY|6|ocr
CDF-2024-SUCCESSFUL-SECONDARY-SCHOOL-BURSARY-APPLICANTS-MAGOYE-CONSTITUENCY.pdf|2024|Magoye|secondary_school_bursary|253|MAKWEMBQ AUSTERN HAMMAGOYE MUNJILE MALE 10 NAMWALA SECONDARY|6|ocr
CDF-2024-SUCCESSFUL-SECONDARY-SCHOOL-BURSARY-APPLICANTS-MAGOYE-CONSTITUENCY.pdf|2024|Magoye|secondary_school_bursary|254|KAINZILA EVEN MAGOYE NGWEZI FEMALE NAMWALA SECONDARY SCHOOL|6|ocr
CDF-2024-SUCCESSFUL-SECONDARY-SCHOOL-BURSARY-APPLICANTS-MAGOYE-CONSTITUENCY.pdf|2024|Magoye|secondary_school_bursary|255|MWEENE VIOLA MAGOYE MUNJILE FEMALE 10 NAMWALA SECONDARY SCHOOL|6|ocr
CDF-2024-SUCCESSFUL-SECONDARY-SCHOOL-BURSARY-APPLICANTS-MAGOYE-CONSTITUENCY.pdf|2024|Magoye|secondary_school_bursary|256|/WAYNE MWIINGA MAGOYE MUSUMA MALE 10 NAMWALA SECONDARY SCHOOL|6|ocr
CDF-2024-SUCCESSFUL-SECONDARY-SCHOOL-BURSARY-APPLICANTS-MAGOYE-CONSTITUENCY.pdf|2024|Magoye|secondary_school_bursary|257|NKUNIKA LEON SEREMAN MAGOYE CHIVUNA MALE 10 NAMWIANGA CHRISTIAN SECONDARY|6|ocr
CDF-2024-SUCCESSFUL-SECONDARY-SCHOOL-BURSARY-APPLICANTS-MAGOYE-CONSTITUENCY.pdf|2024|Magoye|secondary_school_bursary|258|NKATA PRUDENCE MAGOYE NACHIPOOMA FEMALE NANGA SCHOOL FOR THE HANDICAPPED|6|ocr
CDF-2024-SUCCESSFUL-SECONDARY-SCHOOL-BURSARY-APPLICANTS-MAGOYE-CONSTITUENCY.pdf|2024|Magoye|secondary_school_bursary|259|HANKAMBE KEL VIN MAGOYE ITEBE FEMALE NANGA SECONDARY|6|ocr
CDF-2024-SUCCESSFUL-SECONDARY-SCHOOL-BURSARY-APPLICANTS-MAGOYE-CONSTITUENCY.pdf|2024|Magoye|secondary_school_bursary|260|/MOOYA CHUMA MAGOYE NGWEZI FEMALE NANGA SECONDARY|6|ocr
CDF-2024-SUCCESSFUL-SECONDARY-SCHOOL-BURSARY-APPLICANTS-MAGOYE-CONSTITUENCY.pdf|2024|Magoye|secondary_school_bursary|261|KAWILILA VINCENT MAGOYE MUNJILE MALE NANGA SECONDARY|6|ocr
CDF-2024-SUCCESSFUL-SECONDARY-SCHOOL-BURSARY-APPLICANTS-MAGOYE-CONSTITUENCY.pdf|2024|Magoye|secondary_school_bursary|262|CHEEMBA MARY MAGOYE NKNKOLA FEMALE NANGA SECONDARY|6|ocr
CDF-2024-SUCCESSFUL-SECONDARY-SCHOOL-BURSARY-APPLICANTS-MAGOYE-CONSTITUENCY.pdf|2024|Magoye|secondary_school_bursary|263|CEELELA HABEENE MAGOYE MUSUMA FEMALE 10 NANGA SECONDARY SCHOOL|6|ocr
CDF-2024-SUCCESSFUL-SECONDARY-SCHOOL-BURSARY-APPLICANTS-MAGOYE-CONSTITUENCY.pdf|2024|Magoye|secondary_school_bursary|264|/CHINDALO BEENE MOONG_ MAGOYE NGWEZI FEMALE NANGA SECONDARY SCHOOL|6|ocr
CDF-2024-SUCCESSFUL-SECONDARY-SCHOOL-BURSARY-APPLICANTS-MAGOYE-CONSTITUENCY.pdf|2024|Magoye|secondary_school_bursary|265|FRIDAH MUNACHOONGA MAGOYE NKONKOLA FEMALE NANGA SECONDARY SCHOOL|6|ocr
CDF-2024-SUCCESSFUL-SECONDARY-SCHOOL-BURSARY-APPLICANTS-MAGOYE-CONSTITUENCY.pdf|2024|Magoye|secondary_school_bursary|266|HAMWENDA LWEENDO MAGOYE MUSUMA FEMALE NANGA SECONDARY SCHOOL|6|ocr
CDF-2024-SUCCESSFUL-SECONDARY-SCHOOL-BURSARY-APPLICANTS-MAGOYE-CONSTITUENCY.pdf|2024|Magoye|secondary_school_bursary|267|MANDA HAPPINESS MAGOYE NGWEZI FEMALE NANGA SECONDARY SCHOOL|6|ocr
CDF-2024-SUCCESSFUL-SECONDARY-SCHOOL-BURSARY-APPLICANTS-MAGOYE-CONSTITUENCY.pdf|2024|Magoye|secondary_school_bursary|268|MATOMOLA EVARENCE MAGOYE NACHIPOMA FEMALE 12 NANGA SECONDARY SCHOOL|6|ocr
CDF-2024-SUCCESSFUL-SECONDARY-SCHOOL-BURSARY-APPLICANTS-MAGOYE-CONSTITUENCY.pdf|2024|Magoye|secondary_school_bursary|269|MATONGO BERTHA MAGOYE NACHIPOMA FEMALE NANGA SECONDARY SCHOOL|6|ocr
CDF-2024-SUCCESSFUL-SECONDARY-SCHOOL-BURSARY-APPLICANTS-MAGOYE-CONSTITUENCY.pdf|2024|Magoye|secondary_school_bursary|270|"|MPUNDU GIFT MAGOYE NGWEZI FEMALE NANGA SECONDARY SCHOOL"|6|ocr
CDF-2024-SUCCESSFUL-SECONDARY-SCHOOL-BURSARY-APPLICANTS-MAGOYE-CONSTITUENCY.pdf|2024|Magoye|secondary_school_bursary|271|MUNAMWEEMBA ELIZABE MAGOYE MUSUMA FEMALE 10 NANGA SECONDARY SCHOOL FEMALE Lamx|6|ocr
CDF-2024-SUCCESSFUL-SECONDARY-SCHOOL-BURSARY-APPLICANTS-MAGOYE-CONSTITUENCY.pdf|2024|Magoye|secondary_school_bursary|272|NABUBALA MBEWE MAGOYE MUSUMA NANGA sclogeeat SEGONDARY|6|ocr
CDF-2024-SUCCESSFUL-SECONDARY-SCHOOL-BURSARY-APPLICANTS-MAGOYE-CONSTITUENCY.pdf|2024|Magoye|secondary_school_bursary|273|NGOBEKA PURITY MAGOYE MUSUMA FEMALE Mdarapa SCHOQL 2024 JAN 0 8 CLERX TOWN OF THE 670022, OFFICE BOX _ PO MAZABUKA|6|ocr
CDF-2024-SUCCESSFUL-SECONDARY-SCHOOL-BURSARY-APPLICANTS-MAGOYE-CONSTITUENCY.pdf|2024|Magoye|secondary_school_bursary|274|PRENELLA NTOMBA MAGOYE NKONKOLA FEMALE 10 NANGA SECONDARY SCHOOL|7|ocr
CDF-2024-SUCCESSFUL-SECONDARY-SCHOOL-BURSARY-APPLICANTS-MAGOYE-CONSTITUENCY.pdf|2024|Magoye|secondary_school_bursary|275|SIAKAMINI RABECCA MAGOYE NACHIPOMA FEMALE 10 NANGA SECONDARY SCHOOL|7|ocr
CDF-2024-SUCCESSFUL-SECONDARY-SCHOOL-BURSARY-APPLICANTS-MAGOYE-CONSTITUENCY.pdf|2024|Magoye|secondary_school_bursary|276|/SYVIA CHEELO MAGOYE MUSUMA FEMALE NANGA SECONDARY SCHOOL|7|ocr
CDF-2024-SUCCESSFUL-SECONDARY-SCHOOL-BURSARY-APPLICANTS-MAGOYE-CONSTITUENCY.pdf|2024|Magoye|secondary_school_bursary|277|CHEELO BLLON MUSINYA MAGOYE MWANACHINGW MALE NANGA SECONDARY SCHOOL|7|ocr
CDF-2024-SUCCESSFUL-SECONDARY-SCHOOL-BURSARY-APPLICANTS-MAGOYE-CONSTITUENCY.pdf|2024|Magoye|secondary_school_bursary|278|/CHEELO CLEVER MAGOYE NGWEZI MALE 10 NANGA SECONDARY SCHOOL|7|ocr
CDF-2024-SUCCESSFUL-SECONDARY-SCHOOL-BURSARY-APPLICANTS-MAGOYE-CONSTITUENCY.pdf|2024|Magoye|secondary_school_bursary|279|CHOONGO JOSEPH MAGOYE NACHIPOMA MALE 10 NANGA SECONDARY SCHOOL|7|ocr
CDF-2024-SUCCESSFUL-SECONDARY-SCHOOL-BURSARY-APPLICANTS-MAGOYE-CONSTITUENCY.pdf|2024|Magoye|secondary_school_bursary|280|MBOOZI ALICK MAGOYE MUNENGA MALE 10 NANGA SECONDARY SCHOOL 28 MULEYA CLIVE MAGOYE NGWEZI MALE NANGA SECONDARY SCHOOL|7|ocr
CDF-2024-SUCCESSFUL-SECONDARY-SCHOOL-BURSARY-APPLICANTS-MAGOYE-CONSTITUENCY.pdf|2024|Magoye|secondary_school_bursary|282|MUSIKA DAVID MAGOYE NGWEZI MALE H NANGA SECONDARY SCHOOL|7|ocr
CDF-2024-SUCCESSFUL-SECONDARY-SCHOOL-BURSARY-APPLICANTS-MAGOYE-CONSTITUENCY.pdf|2024|Magoye|secondary_school_bursary|283|NGOMA ERIC MAGOYE NGWEZI MALE 10 NANGA SECONDARY SCHOOL|7|ocr
CDF-2024-SUCCESSFUL-SECONDARY-SCHOOL-BURSARY-APPLICANTS-MAGOYE-CONSTITUENCY.pdf|2024|Magoye|secondary_school_bursary|284|NZOMBOLA SHADRICK MAGOYE MUNENGA MALE 10 NANGA SECONDARY SCHOOL|7|ocr
CDF-2024-SUCCESSFUL-SECONDARY-SCHOOL-BURSARY-APPLICANTS-MAGOYE-CONSTITUENCY.pdf|2024|Magoye|secondary_school_bursary|285|KAPONDE GETRUDE MAGOYE NGWEZI FEMALE 10 NANGA SECONDARY SCHOOL|7|ocr
CDF-2024-SUCCESSFUL-SECONDARY-SCHOOL-BURSARY-APPLICANTS-MAGOYE-CONSTITUENCY.pdf|2024|Magoye|secondary_school_bursary|286|/LUBINDA PETRONELLA NANMAGOYE NGWEZI FEMALE 10 NANGA SECONDARY SCHOOL|7|ocr
CDF-2024-SUCCESSFUL-SECONDARY-SCHOOL-BURSARY-APPLICANTS-MAGOYE-CONSTITUENCY.pdf|2024|Magoye|secondary_school_bursary|287|MAHACHI KKOMANA MAGOYE NGWEZI FEMALE 1'0 NANGA SECONDARY SCHOOL|7|ocr
CDF-2024-SUCCESSFUL-SECONDARY-SCHOOL-BURSARY-APPLICANTS-MAGOYE-CONSTITUENCY.pdf|2024|Magoye|secondary_school_bursary|288|/HAMBIZYI TWAAMBO MAGOYE NGWEZI MALE 10 NANGA SECONDARY SCHOOL|7|ocr
CDF-2024-SUCCESSFUL-SECONDARY-SCHOOL-BURSARY-APPLICANTS-MAGOYE-CONSTITUENCY.pdf|2024|Magoye|secondary_school_bursary|289|HAMOONGA HANTUBA MAGOYE NGWEZI MALE NANGA SECONDARY SCHOOL KALADUBWAPETER|7|ocr
CDF-2024-SUCCESSFUL-SECONDARY-SCHOOL-BURSARY-APPLICANTS-MAGOYE-CONSTITUENCY.pdf|2024|Magoye|secondary_school_bursary|290|SAMUEL MAGOYE NGWEZI MALE NANGA SECONDARY SCHOOL|7|ocr
CDF-2024-SUCCESSFUL-SECONDARY-SCHOOL-BURSARY-APPLICANTS-MAGOYE-CONSTITUENCY.pdf|2024|Magoye|secondary_school_bursary|291|MWAA NGA NATHAN ERICHMAGOYE NGWEZI MALE 10 NANGA SECONDARY SCHOOL|7|ocr
CDF-2024-SUCCESSFUL-SECONDARY-SCHOOL-BURSARY-APPLICANTS-MAGOYE-CONSTITUENCY.pdf|2024|Magoye|secondary_school_bursary|292|MWAANGA GIFT MAGOYE NGWEZI MALE 10 NANGA SECONDARY SCHOOL|7|ocr
CDF-2024-SUCCESSFUL-SECONDARY-SCHOOL-BURSARY-APPLICANTS-MAGOYE-CONSTITUENCY.pdf|2024|Magoye|secondary_school_bursary|293|MWEEMBA CHABOTA MAGOYE NKNKOLA MALE NANGA SECONDARY SCHOOL|7|ocr
CDF-2024-SUCCESSFUL-SECONDARY-SCHOOL-BURSARY-APPLICANTS-MAGOYE-CONSTITUENCY.pdf|2024|Magoye|secondary_school_bursary|294|/SALIMU BRIGHT MAGOYE NGWEZI MALE 10 NANGA SECONDARY SCHOOL|7|ocr
CDF-2024-SUCCESSFUL-SECONDARY-SCHOOL-BURSARY-APPLICANTS-MAGOYE-CONSTITUENCY.pdf|2024|Magoye|secondary_school_bursary|295|TEMBO DALITSO EMMANUH MAGOYE NGWEZI MALE NANGA SECONDARY SCHOOL|7|ocr
CDF-2024-SUCCESSFUL-SECONDARY-SCHOOL-BURSARY-APPLICANTS-MAGOYE-CONSTITUENCY.pdf|2024|Magoye|secondary_school_bursary|296|NYAANWA FRANK MAGOYE MUNENGA MALE NDOLA LIONS FOR VISUALLY IMPAIRED|7|ocr
CDF-2024-SUCCESSFUL-SECONDARY-SCHOOL-BURSARY-APPLICANTS-MAGOYE-CONSTITUENCY.pdf|2024|Magoye|secondary_school_bursary|297|NACHILIMA NIZA MAGOYE NGWEZI FEMALE 01 NIKO GIRLS SECONDARY|7|ocr
CDF-2024-SUCCESSFUL-SECONDARY-SCHOOL-BURSARY-APPLICANTS-MAGOYE-CONSTITUENCY.pdf|2024|Magoye|secondary_school_bursary|298|"|MALUMBE PRETTY MAGOYE NGWEZI FEMALE NIKO GIRLS TECHNICAL SECONDARY SCF"|7|ocr
CDF-2024-SUCCESSFUL-SECONDARY-SCHOOL-BURSARY-APPLICANTS-MAGOYE-CONSTITUENCY.pdf|2024|Magoye|secondary_school_bursary|299|/cHISENGELE CHINYAMA MAGOYE NGWEZI FEMALE 10 NJASE GIRLS SECONDARY SCHOOL|7|ocr
CDF-2024-SUCCESSFUL-SECONDARY-SCHOOL-BURSARY-APPLICANTS-MAGOYE-CONSTITUENCY.pdf|2024|Magoye|secondary_school_bursary|300|"|SAILI LUKAMATANO MAGOYE CHIVUNA FEMALE 10 NJASE GIRLS SECONDARY SCHOOL 30 1 CHITAMBALA BENITA MAGOYE CHIVUNA FEMALE 10 NKOKOLA SECONDARY SCHOOL"|7|ocr
CDF-2024-SUCCESSFUL-SECONDARY-SCHOOL-BURSARY-APPLICANTS-MAGOYE-CONSTITUENCY.pdf|2024|Magoye|secondary_school_bursary|302|"|SINDOBA RUTH SALIYA MAGOYE CHIVUNA FEMALE NKOKOLA SECONDARY SCHOOL"|7|ocr
CDF-2024-SUCCESSFUL-SECONDARY-SCHOOL-BURSARY-APPLICANTS-MAGOYE-CONSTITUENCY.pdf|2024|Magoye|secondary_school_bursary|303|ICHOONYA WIBBAR MAGOYE MUNENGA MALE 10 NKONKOLA SECONDARY SCHOOL|7|ocr
CDF-2024-SUCCESSFUL-SECONDARY-SCHOOL-BURSARY-APPLICANTS-MAGOYE-CONSTITUENCY.pdf|2024|Magoye|secondary_school_bursary|304|CHIYAAMA BELDEN MAGOYE NKONKOLA FEMALE NKONKOLA SECONDARY|7|ocr
CDF-2024-SUCCESSFUL-SECONDARY-SCHOOL-BURSARY-APPLICANTS-MAGOYE-CONSTITUENCY.pdf|2024|Magoye|secondary_school_bursary|305|CHOONGA MBWEENA MAGOYE NKONKOLA FEMALE NKONKOLA SECONDARY|7|ocr
CDF-2024-SUCCESSFUL-SECONDARY-SCHOOL-BURSARY-APPLICANTS-MAGOYE-CONSTITUENCY.pdf|2024|Magoye|secondary_school_bursary|306|/CHOONGO CHEELO MAGOYE NKONKOLA FEMALE NKONKOLA SECONDARY|7|ocr
CDF-2024-SUCCESSFUL-SECONDARY-SCHOOL-BURSARY-APPLICANTS-MAGOYE-CONSTITUENCY.pdf|2024|Magoye|secondary_school_bursary|307|HABEENZU LUSHOMO MAGOYE MUNJILE FEMALE 10 NKONKOLA SECONDARY|7|ocr
CDF-2024-SUCCESSFUL-SECONDARY-SCHOOL-BURSARY-APPLICANTS-MAGOYE-CONSTITUENCY.pdf|2024|Magoye|secondary_school_bursary|308|HAMOOYA MILTRIDA MAGOYE MUNJILE FEMALE 10 NKONKOLA SECONDARY|7|ocr
CDF-2024-SUCCESSFUL-SECONDARY-SCHOOL-BURSARY-APPLICANTS-MAGOYE-CONSTITUENCY.pdf|2024|Magoye|secondary_school_bursary|309|KAYOMBO ESTHER MAGOYE MUNJILE FEMALE NKONKOLA SECONDARY|7|ocr
CDF-2024-SUCCESSFUL-SECONDARY-SCHOOL-BURSARY-APPLICANTS-MAGOYE-CONSTITUENCY.pdf|2024|Magoye|secondary_school_bursary|310|/LUMAMBA MIYOBA MAGOYE MWANACHINGW_ FEMALE 10 NKONKOLA SECONDARY 31[ MAAMBO LILLIAN MAGOYE NGWEZI FEMALE 10 NKONKOLA SECONDARYIIEA FEMALE LIC ONKOLASECONDARYNICTPAL OT|7|ocr
CDF-2024-SUCCESSFUL-SECONDARY-SCHOOL-BURSARY-APPLICANTS-MAGOYE-CONSTITUENCY.pdf|2024|Magoye|secondary_school_bursary|312|MALAMBO CHIBOOLA MAGOYE KALAMA 10 INKONKOL|7|ocr
CDF-2024-SUCCESSFUL-SECONDARY-SCHOOL-BURSARY-APPLICANTS-MAGOYE-CONSTITUENCY.pdf|2024|Magoye|secondary_school_bursary|313|MOONGA CHRISTINE MAGOYE MUNJILE FEMALE 10 NKONKOLA SECONARY JAN 2024 0 8 CLERX TKE TOWN OFFICE OF BoX 670022 , Po MAZABUKA|7|ocr
CDF-2024-SUCCESSFUL-SECONDARY-SCHOOL-BURSARY-APPLICANTS-MAGOYE-CONSTITUENCY.pdf|2024|Magoye|secondary_school_bursary|314|/MOONGA TRINETY MAGOYE MUSUMA FEMALE 10 NKONKOLA SECONDARY|8|ocr
CDF-2024-SUCCESSFUL-SECONDARY-SCHOOL-BURSARY-APPLICANTS-MAGOYE-CONSTITUENCY.pdf|2024|Magoye|secondary_school_bursary|315|MOOYA WINE MAGOYE MWANACHINGW_ FEMALE 10 NKONKOLA SECONDARY|8|ocr
CDF-2024-SUCCESSFUL-SECONDARY-SCHOOL-BURSARY-APPLICANTS-MAGOYE-CONSTITUENCY.pdf|2024|Magoye|secondary_school_bursary|316|"| MUKUMBA PRECIOUS MAGOYE MAGOYE RESEARFEMALE NKONKOLA SECONDARY"|8|ocr
CDF-2024-SUCCESSFUL-SECONDARY-SCHOOL-BURSARY-APPLICANTS-MAGOYE-CONSTITUENCY.pdf|2024|Magoye|secondary_school_bursary|317|MUSUNGA LUSHOMO MAGOYE MAGOYE RESEAR FEMALE 1 NKONKOLA SECONDARY|8|ocr
CDF-2024-SUCCESSFUL-SECONDARY-SCHOOL-BURSARY-APPLICANTS-MAGOYE-CONSTITUENCY.pdf|2024|Magoye|secondary_school_bursary|318|MWEEMBA LOREEN MAGOYE NKONKOLA FEMALE NKONKOLA SECONDARY|8|ocr
CDF-2024-SUCCESSFUL-SECONDARY-SCHOOL-BURSARY-APPLICANTS-MAGOYE-CONSTITUENCY.pdf|2024|Magoye|secondary_school_bursary|319|MWIINGA ANETY MAGOYE NKONKOLA FEMALE 10 NKONKOLA SECONDARY|8|ocr
CDF-2024-SUCCESSFUL-SECONDARY-SCHOOL-BURSARY-APPLICANTS-MAGOYE-CONSTITUENCY.pdf|2024|Magoye|secondary_school_bursary|320|MWIINGA JESSICA MAGOYE NKONKOLA FEMALE NKONKOLA SECONDARY|8|ocr
CDF-2024-SUCCESSFUL-SECONDARY-SCHOOL-BURSARY-APPLICANTS-MAGOYE-CONSTITUENCY.pdf|2024|Magoye|secondary_school_bursary|321|NDEMENA PURITY MAGOYE CHIVUNA FEMALE NKONKOLA SECONDARY|8|ocr
CDF-2024-SUCCESSFUL-SECONDARY-SCHOOL-BURSARY-APPLICANTS-MAGOYE-CONSTITUENCY.pdf|2024|Magoye|secondary_school_bursary|322|NKOLOLA JOSEPHINE MAGOYE NKONKOLA FEMALE NKONKOLA SECONDARY|8|ocr
CDF-2024-SUCCESSFUL-SECONDARY-SCHOOL-BURSARY-APPLICANTS-MAGOYE-CONSTITUENCY.pdf|2024|Magoye|secondary_school_bursary|323|NKOMA AMINA MAGOYE MAGOYE RESEARFEMALE NKONKOLA SECONDARY|8|ocr
CDF-2024-SUCCESSFUL-SECONDARY-SCHOOL-BURSARY-APPLICANTS-MAGOYE-CONSTITUENCY.pdf|2024|Magoye|secondary_school_bursary|324|NSANGU SA VIOUR MAGOYE NACHIPOOMA FEMALE 10 NKONKOLA SECONDARY|8|ocr
CDF-2024-SUCCESSFUL-SECONDARY-SCHOOL-BURSARY-APPLICANTS-MAGOYE-CONSTITUENCY.pdf|2024|Magoye|secondary_school_bursary|325|NYAMBE ESTHER MAGOYE MWANACHINGW_ FEMALE 10 NKONKOLA SECONDARY|8|ocr
CDF-2024-SUCCESSFUL-SECONDARY-SCHOOL-BURSARY-APPLICANTS-MAGOYE-CONSTITUENCY.pdf|2024|Magoye|secondary_school_bursary|326|"|SIMOONGA FANCY MAGOYE NKONKOLA FEMALE NKONKOLA SECONDARY"|8|ocr
CDF-2024-SUCCESSFUL-SECONDARY-SCHOOL-BURSARY-APPLICANTS-MAGOYE-CONSTITUENCY.pdf|2024|Magoye|secondary_school_bursary|327|/SIMOONGA NANCY MAGOYE NKONKOLA FEMALE NKONKOLA SECONDARY|8|ocr
CDF-2024-SUCCESSFUL-SECONDARY-SCHOOL-BURSARY-APPLICANTS-MAGOYE-CONSTITUENCY.pdf|2024|Magoye|secondary_school_bursary|328|ELIZABETH GOGOLOLA MAGOYE CHIVUNA FEMALE 10 NKONKOLA SECONDARY|8|ocr
CDF-2024-SUCCESSFUL-SECONDARY-SCHOOL-BURSARY-APPLICANTS-MAGOYE-CONSTITUENCY.pdf|2024|Magoye|secondary_school_bursary|329|MILDRED HABWACHA MAGOYE CHIVUNA FEMALE NKONKOLA SECONDARY|8|ocr
CDF-2024-SUCCESSFUL-SECONDARY-SCHOOL-BURSARY-APPLICANTS-MAGOYE-CONSTITUENCY.pdf|2024|Magoye|secondary_school_bursary|330|PRISCAR CHIMBWALI MAGOYE CHIVUNA FEMALE NKONKOLA SECONDARY|8|ocr
CDF-2024-SUCCESSFUL-SECONDARY-SCHOOL-BURSARY-APPLICANTS-MAGOYE-CONSTITUENCY.pdf|2024|Magoye|secondary_school_bursary|331|PURITY MAKONDO MAGOYE CHIVUNA FEMALE NKONKOLA SECONDARY|8|ocr
CDF-2024-SUCCESSFUL-SECONDARY-SCHOOL-BURSARY-APPLICANTS-MAGOYE-CONSTITUENCY.pdf|2024|Magoye|secondary_school_bursary|332|SIPIWE MILIMO MAGOYE CHIVUNA FEMALE NKONKOLA SECONDARY|8|ocr
CDF-2024-SUCCESSFUL-SECONDARY-SCHOOL-BURSARY-APPLICANTS-MAGOYE-CONSTITUENCY.pdf|2024|Magoye|secondary_school_bursary|333|CHISENGELE HAINZA MAGOYE MUNJILE MALE 10 NKONKOLA SECONDARY|8|ocr
CDF-2024-SUCCESSFUL-SECONDARY-SCHOOL-BURSARY-APPLICANTS-MAGOYE-CONSTITUENCY.pdf|2024|Magoye|secondary_school_bursary|334|/CHIYAAMA CHRENWELL MAGOYE NKONKOLA MALE 10 NKONKOLA SECONDARY|8|ocr
CDF-2024-SUCCESSFUL-SECONDARY-SCHOOL-BURSARY-APPLICANTS-MAGOYE-CONSTITUENCY.pdf|2024|Magoye|secondary_school_bursary|335|CHOONGO LUSHOMO MAGOYE NACHIPOOMA MALE 10 NKONKOLA SECONDARY|8|ocr
CDF-2024-SUCCESSFUL-SECONDARY-SCHOOL-BURSARY-APPLICANTS-MAGOYE-CONSTITUENCY.pdf|2024|Magoye|secondary_school_bursary|336|HAMATU MWIINGA MAGOYE NKONKOLA MALE 10 NKONKOLA SECONDARY|8|ocr
CDF-2024-SUCCESSFUL-SECONDARY-SCHOOL-BURSARY-APPLICANTS-MAGOYE-CONSTITUENCY.pdf|2024|Magoye|secondary_school_bursary|337|KANYAMA CHRISTIAN MAGOYE NKONKOLA MALE 10 NKONKOLA SECONDARY|8|ocr
CDF-2024-SUCCESSFUL-SECONDARY-SCHOOL-BURSARY-APPLICANTS-MAGOYE-CONSTITUENCY.pdf|2024|Magoye|secondary_school_bursary|338|MILIMO CEASER MAGOYE MUNJILE MALE 10 NKONKOLA SECONDARY|8|ocr
CDF-2024-SUCCESSFUL-SECONDARY-SCHOOL-BURSARY-APPLICANTS-MAGOYE-CONSTITUENCY.pdf|2024|Magoye|secondary_school_bursary|339|MOONGA CONFIDENCE MAGOYE NACHIPOOMA MALE 10 NKONKOLA SECONDARY|8|ocr
CDF-2024-SUCCESSFUL-SECONDARY-SCHOOL-BURSARY-APPLICANTS-MAGOYE-CONSTITUENCY.pdf|2024|Magoye|secondary_school_bursary|340|MUGANYA JEFF MAGOYE NKONKOLA MALE 10 NKONKOLA SECONDARY|8|ocr
CDF-2024-SUCCESSFUL-SECONDARY-SCHOOL-BURSARY-APPLICANTS-MAGOYE-CONSTITUENCY.pdf|2024|Magoye|secondary_school_bursary|341|MUNENGA MOST MAGOYE ITEBE MALE NKONKOLA SECONDARY|8|ocr
CDF-2024-SUCCESSFUL-SECONDARY-SCHOOL-BURSARY-APPLICANTS-MAGOYE-CONSTITUENCY.pdf|2024|Magoye|secondary_school_bursary|342|"|MUNGALU INNOCENT MAGOYE MWANACHINGW MALE 10 NKONKOLA SECONDARY"|8|ocr
CDF-2024-SUCCESSFUL-SECONDARY-SCHOOL-BURSARY-APPLICANTS-MAGOYE-CONSTITUENCY.pdf|2024|Magoye|secondary_school_bursary|343|MWAULUKA CHARLES MAGOYE NKONKOLA MALE NKONKOLA SECONDARY|8|ocr
CDF-2024-SUCCESSFUL-SECONDARY-SCHOOL-BURSARY-APPLICANTS-MAGOYE-CONSTITUENCY.pdf|2024|Magoye|secondary_school_bursary|344|MWEEMBA GIBSON MAGOYE NKONKOLA MALE 10 NKONKOLA SECONDARY|8|ocr
CDF-2024-SUCCESSFUL-SECONDARY-SCHOOL-BURSARY-APPLICANTS-MAGOYE-CONSTITUENCY.pdf|2024|Magoye|secondary_school_bursary|345|NGANDU TOSCAR MAGOYE MUNJILE MALE 10 NKONKOLA SECONDARY|8|ocr
CDF-2024-SUCCESSFUL-SECONDARY-SCHOOL-BURSARY-APPLICANTS-MAGOYE-CONSTITUENCY.pdf|2024|Magoye|secondary_school_bursary|346|ACKSON HABWACHA MAGOYE CHIVUNA MALE NKONKOLA SECONDARY|8|ocr
CDF-2024-SUCCESSFUL-SECONDARY-SCHOOL-BURSARY-APPLICANTS-MAGOYE-CONSTITUENCY.pdf|2024|Magoye|secondary_school_bursary|347|/HANKOMBO HONEST MAGOYE CHIVUNA MALE 10 NKONKOLA SECONDARY|8|ocr
CDF-2024-SUCCESSFUL-SECONDARY-SCHOOL-BURSARY-APPLICANTS-MAGOYE-CONSTITUENCY.pdf|2024|Magoye|secondary_school_bursary|348|MALAMBO ALEX MAGOYE CHIVUNA MALE 10 NKONKOLA SECONDARY|8|ocr
CDF-2024-SUCCESSFUL-SECONDARY-SCHOOL-BURSARY-APPLICANTS-MAGOYE-CONSTITUENCY.pdf|2024|Magoye|secondary_school_bursary|349|MIYOBA IVERSON MAGOYE CHIVUNA MALE 10 NKONKOLA SECONDARY|8|ocr
CDF-2024-SUCCESSFUL-SECONDARY-SCHOOL-BURSARY-APPLICANTS-MAGOYE-CONSTITUENCY.pdf|2024|Magoye|secondary_school_bursary|350|MONDE JOSHUA MAGOYE CHIVUNA MALE NKONKOLA SECONDARY ZAMSTA|8|ocr
CDF-2024-SUCCESSFUL-SECONDARY-SCHOOL-BURSARY-APPLICANTS-MAGOYE-CONSTITUENCY.pdf|2024|Magoye|secondary_school_bursary|351|RAPHEL CHINYAMA MAGOYE CHIVUNA MALE 10 NKONKOLA SECONDAR pF MUMCPALI|8|ocr
CDF-2024-SUCCESSFUL-SECONDARY-SCHOOL-BURSARY-APPLICANTS-MAGOYE-CONSTITUENCY.pdf|2024|Magoye|secondary_school_bursary|352|CATHERINE MAZUBA MAGOYE MUSUMA FEMALE 10 NK ONKOLA SECONDARYSCHOQL BUKA|8|ocr
CDF-2024-SUCCESSFUL-SECONDARY-SCHOOL-BURSARY-APPLICANTS-MAGOYE-CONSTITUENCY.pdf|2024|Magoye|secondary_school_bursary|353|CHIBINGA SPIWE MAGOYE NKONKOLA FEMALE NKONKOLA SECONDARY HAHC8L+ 0 8 CLERK TOWN OF THE 670022, OFFICE BOX Po MAZABUKA|8|ocr
CDF-2024-SUCCESSFUL-SECONDARY-SCHOOL-BURSARY-APPLICANTS-MAGOYE-CONSTITUENCY.pdf|2024|Magoye|secondary_school_bursary|354|CHILUFYA CONCILIA MAGOYE NACHIPOMA FEMALE NKONKOLA SECONDARY SCHOOL|9|ocr
CDF-2024-SUCCESSFUL-SECONDARY-SCHOOL-BURSARY-APPLICANTS-MAGOYE-CONSTITUENCY.pdf|2024|Magoye|secondary_school_bursary|355|CHINKULI OTTERY MAGOYE NKONKOLA FEMALE NKONKOLA SECONDARY SCHOOL|9|ocr
CDF-2024-SUCCESSFUL-SECONDARY-SCHOOL-BURSARY-APPLICANTS-MAGOYE-CONSTITUENCY.pdf|2024|Magoye|secondary_school_bursary|356|CHISULO LWEENDO MAGOYE NKONKOLA FEMALE NKONKOLA SECONDARY SCHOOL|9|ocr
CDF-2024-SUCCESSFUL-SECONDARY-SCHOOL-BURSARY-APPLICANTS-MAGOYE-CONSTITUENCY.pdf|2024|Magoye|secondary_school_bursary|357|HAKAYOBO RHODAH MAGOYE MUSUMA FEMALE 10 NKONKOLA SECONDARY SCHOOL|9|ocr
CDF-2024-SUCCESSFUL-SECONDARY-SCHOOL-BURSARY-APPLICANTS-MAGOYE-CONSTITUENCY.pdf|2024|Magoye|secondary_school_bursary|358|HALUBANZA MILDRED MAGOYE NACHIPOOMA FEMALE 10 NKONKOLA SECONDARY SCHOOL|9|ocr
CDF-2024-SUCCESSFUL-SECONDARY-SCHOOL-BURSARY-APPLICANTS-MAGOYE-CONSTITUENCY.pdf|2024|Magoye|secondary_school_bursary|359|/HAMBULO PROLINE MAGOYE NKONKOLA FEMALE NKONKOLA SECONDARY SCHOOL|9|ocr
CDF-2024-SUCCESSFUL-SECONDARY-SCHOOL-BURSARY-APPLICANTS-MAGOYE-CONSTITUENCY.pdf|2024|Magoye|secondary_school_bursary|360|"|HAMOONGA AGNESS MUTINMAGOYE NKONKOLA FEMALE NKONKOLA SECONDARY SCHOOL"|9|ocr
CDF-2024-SUCCESSFUL-SECONDARY-SCHOOL-BURSARY-APPLICANTS-MAGOYE-CONSTITUENCY.pdf|2024|Magoye|secondary_school_bursary|361|HAMOONGA CHRISTINE MAGOYE NKONKOLA FEMALE 10 NKONKOLA SECONDARY SCHOOL|9|ocr
CDF-2024-SUCCESSFUL-SECONDARY-SCHOOL-BURSARY-APPLICANTS-MAGOYE-CONSTITUENCY.pdf|2024|Magoye|secondary_school_bursary|362|"|HANJOBO LASTONE MAGOYE NKONKOLA FEMALE 10 NKONKOLA SECONDARY SCHOOL"|9|ocr
CDF-2024-SUCCESSFUL-SECONDARY-SCHOOL-BURSARY-APPLICANTS-MAGOYE-CONSTITUENCY.pdf|2024|Magoye|secondary_school_bursary|363|KAABO FINETY MAGOYE NKONKOLA FEMALE NKONKOLA SECONDARY SCHOOL|9|ocr
CDF-2024-SUCCESSFUL-SECONDARY-SCHOOL-BURSARY-APPLICANTS-MAGOYE-CONSTITUENCY.pdf|2024|Magoye|secondary_school_bursary|364|/KALAPA HELGAH MAGOYE NGWEZI FEMALE 10 NKONKOLA SECONDARY SCHOOL|9|ocr
CDF-2024-SUCCESSFUL-SECONDARY-SCHOOL-BURSARY-APPLICANTS-MAGOYE-CONSTITUENCY.pdf|2024|Magoye|secondary_school_bursary|365|/KOPA KOPA ANNAH MAGOYE NGWEZI FEMALE 10 NKONKOLA SECONDARY SCHOOL|9|ocr
CDF-2024-SUCCESSFUL-SECONDARY-SCHOOL-BURSARY-APPLICANTS-MAGOYE-CONSTITUENCY.pdf|2024|Magoye|secondary_school_bursary|366|LUNGWE MOFYA MAGOYE NGWEZI FEMALE 10 NKONKOLA SECONDARY SCHOOL|9|ocr
CDF-2024-SUCCESSFUL-SECONDARY-SCHOOL-BURSARY-APPLICANTS-MAGOYE-CONSTITUENCY.pdf|2024|Magoye|secondary_school_bursary|367|LUMAMBA TECLRA MAGOYE MBAYA FEMALE 10 NKONKOLA SECONDARY SCHOOL|9|ocr
CDF-2024-SUCCESSFUL-SECONDARY-SCHOOL-BURSARY-APPLICANTS-MAGOYE-CONSTITUENCY.pdf|2024|Magoye|secondary_school_bursary|368|WIINDI FLORIDA MAGOYE NKONKOLA FEMALE NKONKOLA SECONDARY SCHOOL|9|ocr
CDF-2024-SUCCESSFUL-SECONDARY-SCHOOL-BURSARY-APPLICANTS-MAGOYE-CONSTITUENCY.pdf|2024|Magoye|secondary_school_bursary|369|MAABWE SANDRA MAGOYE NGWEZI FEMALE 10 NKONKOLA SECONDARY SCHOOL|9|ocr
CDF-2024-SUCCESSFUL-SECONDARY-SCHOOL-BURSARY-APPLICANTS-MAGOYE-CONSTITUENCY.pdf|2024|Magoye|secondary_school_bursary|370|MAAMBO MERVIS MAGOYE CHIVUNA FEMALE NKONKOLA SECONDARY SCHOOL|9|ocr
CDF-2024-SUCCESSFUL-SECONDARY-SCHOOL-BURSARY-APPLICANTS-MAGOYE-CONSTITUENCY.pdf|2024|Magoye|secondary_school_bursary|371|MABINDA TWAAMBO MAGOYE CHIVUNA FEMALE NKONKOLA SECONDARY SCHOOL|9|ocr
CDF-2024-SUCCESSFUL-SECONDARY-SCHOOL-BURSARY-APPLICANTS-MAGOYE-CONSTITUENCY.pdf|2024|Magoye|secondary_school_bursary|372|MALAMBO MAUREEN MAGOYE KALAMA FEMALE 10 NKONKOLA SECONDARY SCHOOL|9|ocr
CDF-2024-SUCCESSFUL-SECONDARY-SCHOOL-BURSARY-APPLICANTS-MAGOYE-CONSTITUENCY.pdf|2024|Magoye|secondary_school_bursary|373|MANDA ESTHER MAGOYE MBAYA FEMALE 10 NKONKOLA SECONDARY SCHOOL|9|ocr
CDF-2024-SUCCESSFUL-SECONDARY-SCHOOL-BURSARY-APPLICANTS-MAGOYE-CONSTITUENCY.pdf|2024|Magoye|secondary_school_bursary|374|MBOOZI RABECCA MAGOYE NKNKOLA FEMALE 12 NKONKOLA SECONDARY SCHOOL|9|ocr
CDF-2024-SUCCESSFUL-SECONDARY-SCHOOL-BURSARY-APPLICANTS-MAGOYE-CONSTITUENCY.pdf|2024|Magoye|secondary_school_bursary|375|MERCY MWEEMBA MAGOYE NKONKOLA FEMALE NKONKOLA SECONDARY SCHOOL|9|ocr
CDF-2024-SUCCESSFUL-SECONDARY-SCHOOL-BURSARY-APPLICANTS-MAGOYE-CONSTITUENCY.pdf|2024|Magoye|secondary_school_bursary|376|MICHELO MUTEMBO MAGOYE NKONKOLA FEMALE 10 NKONKOLA SECONDARY SCHOOL|9|ocr
CDF-2024-SUCCESSFUL-SECONDARY-SCHOOL-BURSARY-APPLICANTS-MAGOYE-CONSTITUENCY.pdf|2024|Magoye|secondary_school_bursary|377|MIYANDA IDAH MAGOYE MUSUMA FEMALE 10 NKONKOLA SECONDARY SCHOOL|9|ocr
CDF-2024-SUCCESSFUL-SECONDARY-SCHOOL-BURSARY-APPLICANTS-MAGOYE-CONSTITUENCY.pdf|2024|Magoye|secondary_school_bursary|378|MIZINGA [VEN MAGOYE MUSUMA FEMALE 10 NKONKOLA SECONDARY SCHOOL|9|ocr
CDF-2024-SUCCESSFUL-SECONDARY-SCHOOL-BURSARY-APPLICANTS-MAGOYE-CONSTITUENCY.pdf|2024|Magoye|secondary_school_bursary|379|MOONGA ELICA MAGOYE NACHIPOMA FEMALE 10 NKONKOLA SECONDARY SCHOOL|9|ocr
CDF-2024-SUCCESSFUL-SECONDARY-SCHOOL-BURSARY-APPLICANTS-MAGOYE-CONSTITUENCY.pdf|2024|Magoye|secondary_school_bursary|380|MOONGA TREASER MAGOYE CHIVUNA FEMALE 10 NKONKOLA SECONDARY SCHOOL 38 MOOYA RONICA MAGOYE MUSUMA FEMALE 10 NKONKOLA SECONDARY SCHOOL|9|ocr
CDF-2024-SUCCESSFUL-SECONDARY-SCHOOL-BURSARY-APPLICANTS-MAGOYE-CONSTITUENCY.pdf|2024|Magoye|secondary_school_bursary|382|MULIINDA MILDRED MAGOYE MBAYAMUSUMA FEMALE 10 NKONKOLA SECONDARY SCHOOL|9|ocr
CDF-2024-SUCCESSFUL-SECONDARY-SCHOOL-BURSARY-APPLICANTS-MAGOYE-CONSTITUENCY.pdf|2024|Magoye|secondary_school_bursary|383|"| MULUNDA SHARON MAGOYE NACHIPOMA FEMALE 10 NKONKOLA SECONDARY SCHOOL"|9|ocr
CDF-2024-SUCCESSFUL-SECONDARY-SCHOOL-BURSARY-APPLICANTS-MAGOYE-CONSTITUENCY.pdf|2024|Magoye|secondary_school_bursary|384|MULYATA MIRRIAM MAGOYE MUSUMA FEMALE 10 NKONKOLA SECONDARY SCHOOL|9|ocr
CDF-2024-SUCCESSFUL-SECONDARY-SCHOOL-BURSARY-APPLICANTS-MAGOYE-CONSTITUENCY.pdf|2024|Magoye|secondary_school_bursary|385|MWANZA MATRON MAGOYE NGWEZI FEMALE 12 NKONKOLA SECONDARY SCHOOL|9|ocr
CDF-2024-SUCCESSFUL-SECONDARY-SCHOOL-BURSARY-APPLICANTS-MAGOYE-CONSTITUENCY.pdf|2024|Magoye|secondary_school_bursary|386|MWEEMBA LINDA MAGOYE NKONKOLA FEMALE L NKONKOLA SECONDARY SCHOOL|9|ocr
CDF-2024-SUCCESSFUL-SECONDARY-SCHOOL-BURSARY-APPLICANTS-MAGOYE-CONSTITUENCY.pdf|2024|Magoye|secondary_school_bursary|387|MWEEMBA MIYANDA MAGOYE NACHIPOMA FEMALE 10 NKONKOLA SECONDARY SCHOOL|9|ocr
CDF-2024-SUCCESSFUL-SECONDARY-SCHOOL-BURSARY-APPLICANTS-MAGOYE-CONSTITUENCY.pdf|2024|Magoye|secondary_school_bursary|388|MWEEMBA OTRICIA MAGOYE NKONKOLA FEMALE 10 NKONKOLA SECONDARY SCHOOL|9|ocr
CDF-2024-SUCCESSFUL-SECONDARY-SCHOOL-BURSARY-APPLICANTS-MAGOYE-CONSTITUENCY.pdf|2024|Magoye|secondary_school_bursary|389|MWEENE HARRIET MAGOYE NGWEZI FEMALE NKONKOLA SECONDARY SCHOOL|9|ocr
CDF-2024-SUCCESSFUL-SECONDARY-SCHOOL-BURSARY-APPLICANTS-MAGOYE-CONSTITUENCY.pdf|2024|Magoye|secondary_school_bursary|390|"|MWIINGA ANNABEL MAGOYE MUSUMA FEMALE 10 NKONKOLA SECONDARY SCHOOL"|9|ocr
CDF-2024-SUCCESSFUL-SECONDARY-SCHOOL-BURSARY-APPLICANTS-MAGOYE-CONSTITUENCY.pdf|2024|Magoye|secondary_school_bursary|391|MWITUMWA LOVENESS MAGOYE NKNKOLA FEMALE 10 NKONKOLA SECONDARY SCHOOL 8A MOTT LPLl|9|ocr
CDF-2024-SUCCESSFUL-SECONDARY-SCHOOL-BURSARY-APPLICANTS-MAGOYE-CONSTITUENCY.pdf|2024|Magoye|secondary_school_bursary|392|NGUWA NARATE MAGOYE MBAYAMUSUMA FEMALE NKONKOLA SECONDARY SCHOOL|9|ocr
CDF-2024-SUCCESSFUL-SECONDARY-SCHOOL-BURSARY-APPLICANTS-MAGOYE-CONSTITUENCY.pdf|2024|Magoye|secondary_school_bursary|393|NYAMBE NAOMI MAGOYE NGWEZI FEMALE 10 NKONKOLA SECONDARY SCHOOL JaN 2025 0 8 TOWN CLERK OFFICE JFRAE 670022, Po. BOX MAZABUKA|9|ocr
CDF-2024-SUCCESSFUL-SECONDARY-SCHOOL-BURSARY-APPLICANTS-MAGOYE-CONSTITUENCY.pdf|2024|Magoye|secondary_school_bursary|394|"|PRECIOUS HAKAPOBO MAGOYE MUSUMA FEMALE 10 NKONKOLA SECONDARY SCHOOL"|10|ocr
CDF-2024-SUCCESSFUL-SECONDARY-SCHOOL-BURSARY-APPLICANTS-MAGOYE-CONSTITUENCY.pdf|2024|Magoye|secondary_school_bursary|395|"|SONIOR NG'ANDU MAGOYE MBAYA FEMALE 10 NKONKOLA SECONDARY SCHOOL"|10|ocr
CDF-2024-SUCCESSFUL-SECONDARY-SCHOOL-BURSARY-APPLICANTS-MAGOYE-CONSTITUENCY.pdf|2024|Magoye|secondary_school_bursary|396|TRACY CHIBUNTA MAGOYE MUSUMA FEMALE NKONKOLA SECONDARY SCHOOL|10|ocr
CDF-2024-SUCCESSFUL-SECONDARY-SCHOOL-BURSARY-APPLICANTS-MAGOYE-CONSTITUENCY.pdf|2024|Magoye|secondary_school_bursary|397|WENDY SHAMILIMO MAGOYE NKONKOLA FEMALE 10 NKONKOLA SECONDARY SCHOOL|10|ocr
CDF-2024-SUCCESSFUL-SECONDARY-SCHOOL-BURSARY-APPLICANTS-MAGOYE-CONSTITUENCY.pdf|2024|Magoye|secondary_school_bursary|398|BLESSINGS MUNAMWANDYMAGOYE NGWEZI MALE NKONKOLA SECONDARY SCHOOL|10|ocr
CDF-2024-SUCCESSFUL-SECONDARY-SCHOOL-BURSARY-APPLICANTS-MAGOYE-CONSTITUENCY.pdf|2024|Magoye|secondary_school_bursary|399|"|BOSWELL NSONDO MAGOYE NKONKOLA MALE 10 NKONKOLA SECONDARY SCHOOL"|10|ocr
CDF-2024-SUCCESSFUL-SECONDARY-SCHOOL-BURSARY-APPLICANTS-MAGOYE-CONSTITUENCY.pdf|2024|Magoye|secondary_school_bursary|400|CHEELO AUSTERN MAGOYE CHIVUNA MALE U NKONKOLA SECONDARY SCHOOL|10|ocr
CDF-2024-SUCCESSFUL-SECONDARY-SCHOOL-BURSARY-APPLICANTS-MAGOYE-CONSTITUENCY.pdf|2024|Magoye|secondary_school_bursary|401|CHIINZA OBRAIN MAGOYE NKONKOLA MALE U NKONKOLA SECONDARY SCHOOL|10|ocr
CDF-2024-SUCCESSFUL-SECONDARY-SCHOOL-BURSARY-APPLICANTS-MAGOYE-CONSTITUENCY.pdf|2024|Magoye|secondary_school_bursary|402|CHILOKOTA BOSTEN MAGOYE NACHIPOOMA MALE 10 NKONKOLA SECONDARY SCHOOL|10|ocr
CDF-2024-SUCCESSFUL-SECONDARY-SCHOOL-BURSARY-APPLICANTS-MAGOYE-CONSTITUENCY.pdf|2024|Magoye|secondary_school_bursary|403|CHILWALO DRYBEN MAGOYE NGWEZI MALE 12 NKONKOLA SECONDARY SCHOOL|10|ocr
CDF-2024-SUCCESSFUL-SECONDARY-SCHOOL-BURSARY-APPLICANTS-MAGOYE-CONSTITUENCY.pdf|2024|Magoye|secondary_school_bursary|404|/CHIZONDE LEAVE MAGOYE NKONKOLA MALE NKONKOLA SECONDARY SCHOOL|10|ocr
CDF-2024-SUCCESSFUL-SECONDARY-SCHOOL-BURSARY-APPLICANTS-MAGOYE-CONSTITUENCY.pdf|2024|Magoye|secondary_school_bursary|405|CHIZONDE OSPER MAGOYE NKONKOLA MALE 10 NKONKOLA SECONDARY SCHOOL|10|ocr
CDF-2024-SUCCESSFUL-SECONDARY-SCHOOL-BURSARY-APPLICANTS-MAGOYE-CONSTITUENCY.pdf|2024|Magoye|secondary_school_bursary|406|CHOOMA LAMECK MAGOYE NKONKOLA MALE NKONKOLA SECONDARY SCHOOL|10|ocr
CDF-2024-SUCCESSFUL-SECONDARY-SCHOOL-BURSARY-APPLICANTS-MAGOYE-CONSTITUENCY.pdf|2024|Magoye|secondary_school_bursary|407|"|HACHAKAKWA COLLINS MAGOYE CHIVUNA MALE 10 NKONKOLA SECONDARY SCHOOL"|10|ocr
CDF-2024-SUCCESSFUL-SECONDARY-SCHOOL-BURSARY-APPLICANTS-MAGOYE-CONSTITUENCY.pdf|2024|Magoye|secondary_school_bursary|408|HAKALOBA LEX MAGOYE NKONKOLA MALE NKONKOLA SECONDARY SCHOOL|10|ocr
CDF-2024-SUCCESSFUL-SECONDARY-SCHOOL-BURSARY-APPLICANTS-MAGOYE-CONSTITUENCY.pdf|2024|Magoye|secondary_school_bursary|409|/HAKATA INNOCENT MAGOYE NKONKOLA MALE 12 NKONKOLA SECONDARY SCHOOL|10|ocr
CDF-2024-SUCCESSFUL-SECONDARY-SCHOOL-BURSARY-APPLICANTS-MAGOYE-CONSTITUENCY.pdf|2024|Magoye|secondary_school_bursary|410|HALUBI GAFFIN MAGOYE CHIVUNA MALE 10 NKONKOLA SECONDARY SCHOOL 41/HAMOONGA NESTA MUMB MAGOYE NKONKOLA MALE NKONKOLA SECONDARY SCHOOL|10|ocr
CDF-2024-SUCCESSFUL-SECONDARY-SCHOOL-BURSARY-APPLICANTS-MAGOYE-CONSTITUENCY.pdf|2024|Magoye|secondary_school_bursary|412|INNOCENT MUNGALU MAGOYE NACHIPOMA MALE 10 NKONKOLA SECONDARY SCHOOL|10|ocr
CDF-2024-SUCCESSFUL-SECONDARY-SCHOOL-BURSARY-APPLICANTS-MAGOYE-CONSTITUENCY.pdf|2024|Magoye|secondary_school_bursary|413|"|KABUNGA SAMSON MAGOYE NKONKOLA MALE 10 NKONKOLA SECONDARY SCHOOL"|10|ocr
CDF-2024-SUCCESSFUL-SECONDARY-SCHOOL-BURSARY-APPLICANTS-MAGOYE-CONSTITUENCY.pdf|2024|Magoye|secondary_school_bursary|414|MAINZA VOICE MAGOYE NKNKOLA MALE 10 NKONKOLA SECONDARY SCHOOL|10|ocr
CDF-2024-SUCCESSFUL-SECONDARY-SCHOOL-BURSARY-APPLICANTS-MAGOYE-CONSTITUENCY.pdf|2024|Magoye|secondary_school_bursary|415|MAKAYI MOSES BJORN MAGOYE NGWEZI MALE 10 NKONKOLA SECONDARY SCHOOL|10|ocr
CDF-2024-SUCCESSFUL-SECONDARY-SCHOOL-BURSARY-APPLICANTS-MAGOYE-CONSTITUENCY.pdf|2024|Magoye|secondary_school_bursary|416|MAKONDO LUCKSON MAGOYE NACHIPOMA MALE 10 NKONKOLA SECONDARY SCHOOL|10|ocr
CDF-2024-SUCCESSFUL-SECONDARY-SCHOOL-BURSARY-APPLICANTS-MAGOYE-CONSTITUENCY.pdf|2024|Magoye|secondary_school_bursary|417|MALAMBO FRIDAY MAGOYE NKONKOLA MALE NKONKOLA SECONDARY SCHOOL|10|ocr
CDF-2024-SUCCESSFUL-SECONDARY-SCHOOL-BURSARY-APPLICANTS-MAGOYE-CONSTITUENCY.pdf|2024|Magoye|secondary_school_bursary|418|MBOOZI GILBERT MAGOYE NKONKOLA MALE NKONKOLA SECONDARY SCHOOL|10|ocr
CDF-2024-SUCCESSFUL-SECONDARY-SCHOOL-BURSARY-APPLICANTS-MAGOYE-CONSTITUENCY.pdf|2024|Magoye|secondary_school_bursary|419|MBOOZI STEVEN MAGOYE NKONKOLA MALE NKONKOLA SECONDARY SCHOOL|10|ocr
CDF-2024-SUCCESSFUL-SECONDARY-SCHOOL-BURSARY-APPLICANTS-MAGOYE-CONSTITUENCY.pdf|2024|Magoye|secondary_school_bursary|420|MICHELO ALEX MAGOYE CHIVUNA MALE 1[ NKONKOLA SECONDARY SCHOOL|10|ocr
CDF-2024-SUCCESSFUL-SECONDARY-SCHOOL-BURSARY-APPLICANTS-MAGOYE-CONSTITUENCY.pdf|2024|Magoye|secondary_school_bursary|421|MICHELO PROSPER MAGOYE NKONKOLA MALE 0 NKONKOLA SECONDARY SCHOOL|10|ocr
CDF-2024-SUCCESSFUL-SECONDARY-SCHOOL-BURSARY-APPLICANTS-MAGOYE-CONSTITUENCY.pdf|2024|Magoye|secondary_school_bursary|422|MILIMO PRINCE MAGOYE NKONKOLA MALE 10 NKONKOLA SECONDARY SCHOOL|10|ocr
CDF-2024-SUCCESSFUL-SECONDARY-SCHOOL-BURSARY-APPLICANTS-MAGOYE-CONSTITUENCY.pdf|2024|Magoye|secondary_school_bursary|423|MOONGA BRIAN MAGOYE NKONKOLA MALE 10 NKONKOLA SECONDARY SCHOOL|10|ocr
CDF-2024-SUCCESSFUL-SECONDARY-SCHOOL-BURSARY-APPLICANTS-MAGOYE-CONSTITUENCY.pdf|2024|Magoye|secondary_school_bursary|424|MOONGA HEIMEN MAGOYE NGWEZI MALE 10 NKONKOLA SECONDARY SCHOOL|10|ocr
CDF-2024-SUCCESSFUL-SECONDARY-SCHOOL-BURSARY-APPLICANTS-MAGOYE-CONSTITUENCY.pdf|2024|Magoye|secondary_school_bursary|425|/MOONO MAINZA MAGOYE NGWEZI MALE NKONKOLA SECONDARY SCHOOL|10|ocr
CDF-2024-SUCCESSFUL-SECONDARY-SCHOOL-BURSARY-APPLICANTS-MAGOYE-CONSTITUENCY.pdf|2024|Magoye|secondary_school_bursary|426|MOONO PATRICK MAGOYE NKONKOLA MALE 10 NKONKOLA SECONDARY SCHOOL|10|ocr
CDF-2024-SUCCESSFUL-SECONDARY-SCHOOL-BURSARY-APPLICANTS-MAGOYE-CONSTITUENCY.pdf|2024|Magoye|secondary_school_bursary|427|MOOYA OBASANJO MAGOYE CHIVUNA MALE NKONKOLA SECONDARY SCHOOL|10|ocr
CDF-2024-SUCCESSFUL-SECONDARY-SCHOOL-BURSARY-APPLICANTS-MAGOYE-CONSTITUENCY.pdf|2024|Magoye|secondary_school_bursary|428|"|MOST MUNENGA MAGOYE NACHIPOMA MALE NKONKOLA SECONDARY SCHOOL"|10|ocr
CDF-2024-SUCCESSFUL-SECONDARY-SCHOOL-BURSARY-APPLICANTS-MAGOYE-CONSTITUENCY.pdf|2024|Magoye|secondary_school_bursary|429|"|MUTEBEKA DILON MAGOYE NKONKOLA MALE 12 NKONKOLA SECONDARY SCHOOL"|10|ocr
CDF-2024-SUCCESSFUL-SECONDARY-SCHOOL-BURSARY-APPLICANTS-MAGOYE-CONSTITUENCY.pdf|2024|Magoye|secondary_school_bursary|430|"|MUYEKA BRIAN MAGOYE NKONKOLA MALE 12 NKONKOLA SECONDARY SCHOOL"|10|ocr
CDF-2024-SUCCESSFUL-SECONDARY-SCHOOL-BURSARY-APPLICANTS-MAGOYE-CONSTITUENCY.pdf|2024|Magoye|secondary_school_bursary|431|MWEEMBA CLAYTONE MAGOYE NKONKOLA MALE NKONKOLA L C Eona. CiOo|10|ocr
CDF-2024-SUCCESSFUL-SECONDARY-SCHOOL-BURSARY-APPLICANTS-MAGOYE-CONSTITUENCY.pdf|2024|Magoye|secondary_school_bursary|432|MWIINGA ARON NCHIMUNYMAGOYE NKONKOLA MALE NKONKOLA SCHOOL OUNC|10|ocr
CDF-2024-SUCCESSFUL-SECONDARY-SCHOOL-BURSARY-APPLICANTS-MAGOYE-CONSTITUENCY.pdf|2024|Magoye|secondary_school_bursary|433|NGOMA PETER MAGOYE NGWEZI MALE 10 NKONKOL ASECONDARY SCHOQL 2024 0 8 JAN CLERK TOWN oF TKE 670022, OFFICE BOX Po MAZABUKA|10|ocr
CDF-2024-SUCCESSFUL-SECONDARY-SCHOOL-BURSARY-APPLICANTS-MAGOYE-CONSTITUENCY.pdf|2024|Magoye|secondary_school_bursary|434|NYAANWA BURTON MAGOYE MUNENGA MALE 10 NKONKOLA SECONDARY SCHOOL|11|ocr
CDF-2024-SUCCESSFUL-SECONDARY-SCHOOL-BURSARY-APPLICANTS-MAGOYE-CONSTITUENCY.pdf|2024|Magoye|secondary_school_bursary|435|CHIZONDE SYDNEY MAGOYE NKONKOLA MALE 10 NKONKOLA SECONDARY SCHOOL|11|ocr
CDF-2024-SUCCESSFUL-SECONDARY-SCHOOL-BURSARY-APPLICANTS-MAGOYE-CONSTITUENCY.pdf|2024|Magoye|secondary_school_bursary|436|CHEELO PHALECY MAGOYE CHIVUNA FEMALE 10 PEMBA SECONDARY|11|ocr
CDF-2024-SUCCESSFUL-SECONDARY-SCHOOL-BURSARY-APPLICANTS-MAGOYE-CONSTITUENCY.pdf|2024|Magoye|secondary_school_bursary|437|/HAKAMINZA CHIPO MAGOYE NGWEZI FEMALE 10 PEMBA SECONDARY SCHOOL|11|ocr
CDF-2024-SUCCESSFUL-SECONDARY-SCHOOL-BURSARY-APPLICANTS-MAGOYE-CONSTITUENCY.pdf|2024|Magoye|secondary_school_bursary|438|KAFULO FRANSISCA MAGOYE ITEBE FEMALE M PEMBA SECONDARY SCHOOL|11|ocr
CDF-2024-SUCCESSFUL-SECONDARY-SCHOOL-BURSARY-APPLICANTS-MAGOYE-CONSTITUENCY.pdf|2024|Magoye|secondary_school_bursary|439|KABANZE EMMANUEL MAGOYE NGWEZI MALE PEMBA SECONDARY SCHOOL|11|ocr
CDF-2024-SUCCESSFUL-SECONDARY-SCHOOL-BURSARY-APPLICANTS-MAGOYE-CONSTITUENCY.pdf|2024|Magoye|secondary_school_bursary|440|MOSES MULENGA MAMBWHMAGOYE NGWEZI MALE 10 PEMBA SECONDARY SCHOOL|11|ocr
CDF-2024-SUCCESSFUL-SECONDARY-SCHOOL-BURSARY-APPLICANTS-MAGOYE-CONSTITUENCY.pdf|2024|Magoye|secondary_school_bursary|441|/CHILALA CHOOLWE MAGOYE NGWEZI FEMALE RUSANGU SECONDARY|11|ocr
CDF-2024-SUCCESSFUL-SECONDARY-SCHOOL-BURSARY-APPLICANTS-MAGOYE-CONSTITUENCY.pdf|2024|Magoye|secondary_school_bursary|442|HAMANGOZE RAPHEAL MAGOYE MUNJILE MALE RUSANGU SECONDARY|11|ocr
CDF-2024-SUCCESSFUL-SECONDARY-SCHOOL-BURSARY-APPLICANTS-MAGOYE-CONSTITUENCY.pdf|2024|Magoye|secondary_school_bursary|443|/MUCHAPE MILIMO MAGOYE NKONKOLA MALE 10 RUSANGU SECONDARY|11|ocr
CDF-2024-SUCCESSFUL-SECONDARY-SCHOOL-BURSARY-APPLICANTS-MAGOYE-CONSTITUENCY.pdf|2024|Magoye|secondary_school_bursary|444|/JANE HAMWASA MAGOYE NACHIPOMA FEMALE RUSANGU SECONDARY SCHOOL|11|ocr
CDF-2024-SUCCESSFUL-SECONDARY-SCHOOL-BURSARY-APPLICANTS-MAGOYE-CONSTITUENCY.pdf|2024|Magoye|secondary_school_bursary|445|MOOBOLA OLINESS MAGOYE MUNENGA FEMALE RUSANGU SECONDARY SCHOOL|11|ocr
CDF-2024-SUCCESSFUL-SECONDARY-SCHOOL-BURSARY-APPLICANTS-MAGOYE-CONSTITUENCY.pdf|2024|Magoye|secondary_school_bursary|446|MWEEMBA CYNTHIA MAGOYE KALAMA FEMALE 10 RUSANGU SECONDARY SCHOOL|11|ocr
CDF-2024-SUCCESSFUL-SECONDARY-SCHOOL-BURSARY-APPLICANTS-MAGOYE-CONSTITUENCY.pdf|2024|Magoye|secondary_school_bursary|447|MWIINGA MIRRIAM MAGOYE NACHIPOMA FEMALE RUSANGU SECONDARY SCHOOL|11|ocr
CDF-2024-SUCCESSFUL-SECONDARY-SCHOOL-BURSARY-APPLICANTS-MAGOYE-CONSTITUENCY.pdf|2024|Magoye|secondary_school_bursary|448|LILANDA IVEN MAGOYE NACHIPOOMA MALE RUSANGU SECONDARY SCHOOL|11|ocr
CDF-2024-SUCCESSFUL-SECONDARY-SCHOOL-BURSARY-APPLICANTS-MAGOYE-CONSTITUENCY.pdf|2024|Magoye|secondary_school_bursary|449|LWIINDI BRANCO MAGOYE NGWEZI MALE RUSANGU SECONDARY SCHOOL|11|ocr
CDF-2024-SUCCESSFUL-SECONDARY-SCHOOL-BURSARY-APPLICANTS-MAGOYE-CONSTITUENCY.pdf|2024|Magoye|secondary_school_bursary|450|MWEEMBA MONICA TESHA MAGOYE NJKONKOLA FEMALE SIAVONGA PROVINCIAL STEM SECONDAR|11|ocr
CDF-2024-SUCCESSFUL-SECONDARY-SCHOOL-BURSARY-APPLICANTS-MAGOYE-CONSTITUENCY.pdf|2024|Magoye|secondary_school_bursary|451|/CHILO CHOOLWE MAGOYE NACHIPOOMA FEMALE 10 SIAVONGA SECONDARY SCHOOL|11|ocr
CDF-2024-SUCCESSFUL-SECONDARY-SCHOOL-BURSARY-APPLICANTS-MAGOYE-CONSTITUENCY.pdf|2024|Magoye|secondary_school_bursary|452|MWIINGA TRACY MAGOYE MBAYA FEMALE U SIAVONGA SECONDARY SCHOOL|11|ocr
CDF-2024-SUCCESSFUL-SECONDARY-SCHOOL-BURSARY-APPLICANTS-MAGOYE-CONSTITUENCY.pdf|2024|Magoye|secondary_school_bursary|453|CHOONGO CAROL MAGOYE KALAMA FEMALE SIKALONGO SECONDARY SCHOOL|11|ocr
CDF-2024-SUCCESSFUL-SECONDARY-SCHOOL-BURSARY-APPLICANTS-MAGOYE-CONSTITUENCY.pdf|2024|Magoye|secondary_school_bursary|454|BUBALA EUGINE MAGOYE MUSUMA MALE SIKALONGO SECONDARY SCHOOL|11|ocr
CDF-2024-SUCCESSFUL-SECONDARY-SCHOOL-BURSARY-APPLICANTS-MAGOYE-CONSTITUENCY.pdf|2024|Magoye|secondary_school_bursary|455|NAMANGOLWA JUDITH MAGOYE CHIVUNA FEMALE ST JOSEPHS SECONDARY|11|ocr
CDF-2024-SUCCESSFUL-SECONDARY-SCHOOL-BURSARY-APPLICANTS-MAGOYE-CONSTITUENCY.pdf|2024|Magoye|secondary_school_bursary|456|CHINYANTA MUNONA MAGOYE CHIVUNA FEMALE ST JOSEPHS SECONDARY|11|ocr
CDF-2024-SUCCESSFUL-SECONDARY-SCHOOL-BURSARY-APPLICANTS-MAGOYE-CONSTITUENCY.pdf|2024|Magoye|secondary_school_bursary|457|/HIMOONGA LUSHOMO MAGOYE NGWEZI FEMALE ST JOSEPHS SECONDARY|11|ocr
CDF-2024-SUCCESSFUL-SECONDARY-SCHOOL-BURSARY-APPLICANTS-MAGOYE-CONSTITUENCY.pdf|2024|Magoye|secondary_school_bursary|458|SHAMITABA ADRIANA NATIMAGOYE NACHIPOOMA FEMALE ST JOSEPHS SECONDARY|11|ocr
CDF-2024-SUCCESSFUL-SECONDARY-SCHOOL-BURSARY-APPLICANTS-MAGOYE-CONSTITUENCY.pdf|2024|Magoye|secondary_school_bursary|459|HONTONLA EUGINE MAGOYE NGWEZI MALE 10 ST MARKS SECONDARY SCHOOL|11|ocr
CDF-2024-SUCCESSFUL-SECONDARY-SCHOOL-BURSARY-APPLICANTS-MAGOYE-CONSTITUENCY.pdf|2024|Magoye|secondary_school_bursary|460|MAKAMO SURGRAY MAGOYE NGWEZI MALE 10 ST MARKS SECONDARY SCHOOL|11|ocr
CDF-2024-SUCCESSFUL-SECONDARY-SCHOOL-BURSARY-APPLICANTS-MAGOYE-CONSTITUENCY.pdf|2024|Magoye|secondary_school_bursary|461|SIANJINA LUSHOMO FINALIMAGOYE KALAMA MALE ST MARKS SECONDARY SCHOOL|11|ocr
CDF-2024-SUCCESSFUL-SECONDARY-SCHOOL-BURSARY-APPLICANTS-MAGOYE-CONSTITUENCY.pdf|2024|Magoye|secondary_school_bursary|462|MAINZA MEEGAN KELVIN MAGOYE NKONKOLA MALE NIL ST MULUMBA SPECIAL SCHOOL|11|ocr
CDF-2024-SUCCESSFUL-SECONDARY-SCHOOL-BURSARY-APPLICANTS-MAGOYE-CONSTITUENCY.pdf|2024|Magoye|secondary_school_bursary|463|MWIINGA MWAKA TRICIA MAGOYE NGWEZI FEMALE ST. JOSEPHS|11|ocr
CDF-2024-SUCCESSFUL-SECONDARY-SCHOOL-BURSARY-APPLICANTS-MAGOYE-CONSTITUENCY.pdf|2024|Magoye|secondary_school_bursary|464|KATONGO MIRRIAM MAGOYE MUSUMA FEMALE 10 ST. JOSEPH'S SECONDARY SCHOOL|11|ocr
CDF-2024-SUCCESSFUL-SECONDARY-SCHOOL-BURSARY-APPLICANTS-MAGOYE-CONSTITUENCY.pdf|2024|Magoye|secondary_school_bursary|465|SINJWALA MULETAMBO PRIMAGOYE MUSUMA FEMALE 10 ST. JOSEPH'S SECONDARY SCHOOL|11|ocr
CDF-2024-SUCCESSFUL-SECONDARY-SCHOOL-BURSARY-APPLICANTS-MAGOYE-CONSTITUENCY.pdf|2024|Magoye|secondary_school_bursary|466|ENOS MOONZE MAGOYE CHIVUNA MALE ST CANICIUS SECONDARY|11|ocr
CDF-2024-SUCCESSFUL-SECONDARY-SCHOOL-BURSARY-APPLICANTS-MAGOYE-CONSTITUENCY.pdf|2024|Magoye|secondary_school_bursary|467|MIYANDA LUSHOMO MAGOYE CHIVUNA FEMALE ST JOSEPH SECONDARY SCHOOL|11|ocr
CDF-2024-SUCCESSFUL-SECONDARY-SCHOOL-BURSARY-APPLICANTS-MAGOYE-CONSTITUENCY.pdf|2024|Magoye|secondary_school_bursary|468|"|HAMUZYILI CHAALAMA MAGOYE CHIVUNA FEMALE ST JJOSEPHS SECONDARY"|11|ocr
CDF-2024-SUCCESSFUL-SECONDARY-SCHOOL-BURSARY-APPLICANTS-MAGOYE-CONSTITUENCY.pdf|2024|Magoye|secondary_school_bursary|469|MILILEN CHIKWALA MAGOYE CHIVUNA FEMALE ST JOSEPHS SECONDARYSeA FEMALE C Or EPHS SECONDARYVICIPAL|11|ocr
CDF-2024-SUCCESSFUL-SECONDARY-SCHOOL-BURSARY-APPLICANTS-MAGOYE-CONSTITUENCY.pdf|2024|Magoye|secondary_school_bursary|470|"|MUSA MINGANJA MAGOYE CHIVUNA ST JOSEPHS"|11|ocr
CDF-2024-SUCCESSFUL-SECONDARY-SCHOOL-BURSARY-APPLICANTS-MAGOYE-CONSTITUENCY.pdf|2024|Magoye|secondary_school_bursary|471|MUYANGWA KALALUKA MAGOYE MUNENGA MALE ZIMBA Mu ^ ' SECONDARYNSAE 2024 0 8 JAN CLERK TOWN OF TKE 670022, OFFICE BOX PO. MAZABUKA|11|ocr
CDF-2024-SUCCESSFUL-APPLICANTS-FOR-SKLLS-DEVELOPMENT-BURSARIES-MAGOYE-CONSTITUENCY-1.pdf|2024|Magoye|skills_development_bursary|1|MA6/24/03/077 BOYD HACHIKWELA 418749/74/1 NACHIPOMA Male DRIVING BANJI DRIVING SCHOOL|0|ocr
CDF-2024-SUCCESSFUL-APPLICANTS-FOR-SKLLS-DEVELOPMENT-BURSARIES-MAGOYE-CONSTITUENCY-1.pdf|2024|Magoye|skills_development_bursary|2|/mA6/24/03/078 CLIFORD NJALIKA 482027/74/1 NACHIPOMA MALE DRIVING BANJI DRIVING SCHOOL|0|ocr
CDF-2024-SUCCESSFUL-APPLICANTS-FOR-SKLLS-DEVELOPMENT-BURSARIES-MAGOYE-CONSTITUENCY-1.pdf|2024|Magoye|skills_development_bursary|3|MA6/24/03/080 EUGINE KADELELE 411094/74/1 NACHIPOMA Male DRIVING 2 BANJI DRIVING SCHOOL MA6/24/03/081 HAMOONGA OLEN 496098/74/1 NACHIPOMA Male DRIVING BANJI DRIVING SCHOOL|0|ocr
CDF-2024-SUCCESSFUL-APPLICANTS-FOR-SKLLS-DEVELOPMENT-BURSARIES-MAGOYE-CONSTITUENCY-1.pdf|2024|Magoye|skills_development_bursary|5|/MAG/24/03/082 HANAMBE MUSUUMBA HAKUMBU 377870/74/1 NACHIPOMA Male DRIVING BANJI DRIVING SCHOOL|0|ocr
CDF-2024-SUCCESSFUL-APPLICANTS-FOR-SKLLS-DEVELOPMENT-BURSARIES-MAGOYE-CONSTITUENCY-1.pdf|2024|Magoye|skills_development_bursary|6|/MA6/24/03/084 NELSON KADELELE 442565/74/1 NACHIPOMA Male DRIVIVNG 2 BANJI DRIVING SCHOOL MAG/24/02/064 MAILA M. MWEENE 432663/74/1 MWANACHINGWALA Male DRIVING CLASS € BANJI DRIVNG SCHOOL|0|ocr
CDF-2024-SUCCESSFUL-APPLICANTS-FOR-SKLLS-DEVELOPMENT-BURSARIES-MAGOYE-CONSTITUENCY-1.pdf|2024|Magoye|skills_development_bursary|8|/mA6/24/02/067 MOONGA LUYANDO 461921/74/1 MWANACHINGWALA Male DRIVING CLASS €C BANJI DRIVNG SCHOOL|0|ocr
CDF-2024-SUCCESSFUL-APPLICANTS-FOR-SKLLS-DEVELOPMENT-BURSARIES-MAGOYE-CONSTITUENCY-1.pdf|2024|Magoye|skills_development_bursary|9|/mA6/24/02/072 MWIINGA WISDOM 439277/74/1 MWANACHINGWALA Male DRIVING CLASS € BANJI DRIVNG SCHOOL|0|ocr
CDF-2024-SUCCESSFUL-APPLICANTS-FOR-SKLLS-DEVELOPMENT-BURSARIES-MAGOYE-CONSTITUENCY-1.pdf|2024|Magoye|skills_development_bursary|10|/MA6/24/02/075 SIMWANZA COLLINS 428122/74/1 MWANACHINGWALA Male DRIVING CLASS € BANJI DRIVNG SCHOOL|0|ocr
CDF-2024-SUCCESSFUL-APPLICANTS-FOR-SKLLS-DEVELOPMENT-BURSARIES-MAGOYE-CONSTITUENCY-1.pdf|2024|Magoye|skills_development_bursary|11|/MA6/24/01/087 CHILEMBE ALUMBWE 508246/74/1 NGWEZI Male DRVING CLASS C1 BANJI DRIVNG SCHOOL|0|ocr
CDF-2024-SUCCESSFUL-APPLICANTS-FOR-SKLLS-DEVELOPMENT-BURSARIES-MAGOYE-CONSTITUENCY-1.pdf|2024|Magoye|skills_development_bursary|12|/MAG/24/01/093 LWIINDI CHARITY 166972/71/1 NGWEZI Female DRIVING CLASS € BANJI DRIVNG SCHOOL|0|ocr
CDF-2024-SUCCESSFUL-APPLICANTS-FOR-SKLLS-DEVELOPMENT-BURSARIES-MAGOYE-CONSTITUENCY-1.pdf|2024|Magoye|skills_development_bursary|13|MA6/24/01/097 MOONGA DAVID 293318/12/1 NGWEZI Male DRIVING BANJI DRIVNG SCHOOL|0|ocr
CDF-2024-SUCCESSFUL-APPLICANTS-FOR-SKLLS-DEVELOPMENT-BURSARIES-MAGOYE-CONSTITUENCY-1.pdf|2024|Magoye|skills_development_bursary|14|/MAG/24/01/101 NAKUWEZA MWEEMBA 501376/74/1 NGWEZI Female DRIVING CLASS C1 BANJI DRIVNG SCHOOL GENERAL CHIYOTA SKILLS TRAINING ZAMBIA|0|ocr
CDF-2024-SUCCESSFUL-APPLICANTS-FOR-SKLLS-DEVELOPMENT-BURSARIES-MAGOYE-CONSTITUENCY-1.pdf|2024|Magoye|skills_development_bursary|15|/MA6/24/05/015 FLORENCE BBILIKA 377551/17/1 KALAMA Female AGRICULTURE CENTRE 0F MUNICIPAL CHIYOTA YOUTH SKILLS erUBLIJ|0|ocr
CDF-2024-SUCCESSFUL-APPLICANTS-FOR-SKLLS-DEVELOPMENT-BURSARIES-MAGOYE-CONSTITUENCY-1.pdf|2024|Magoye|skills_development_bursary|16|/MA6/24/05/021 MBAALE SHARON 477147/74/1 KALAMA Female FOOD PRODUCTION TRAINING CENTRE ABUIA cUNCIL GENERAL CHIYOTA YOUTH Tskits|0|ocr
CDF-2024-SUCCESSFUL-APPLICANTS-FOR-SKLLS-DEVELOPMENT-BURSARIES-MAGOYE-CONSTITUENCY-1.pdf|2024|Magoye|skills_development_bursary|17|/MAG/24/08/061 HAMPONGO CLAMERIA 395218/74/1 MUSUMA Female AGRICULTURE TRAINING CENTRE 2024 JAN CHIYOTA YOUTH SKILLS 3 CLERI|0|ocr
CDF-2024-SUCCESSFUL-APPLICANTS-FOR-SKLLS-DEVELOPMENT-BURSARIES-MAGOYE-CONSTITUENCY-1.pdf|2024|Magoye|skills_development_bursary|18|/MA6/24/01/086 CHILELEKO MWEEMBA 501325/74/1 NGWEZI Male FOOD PRODUCTION TRAINING CENTRE TOWN THE 670022, GENERAL CHIYOTA YOUTH SKILLS pe BOX|0|ocr
CDF-2024-SUCCESSFUL-APPLICANTS-FOR-SKLLS-DEVELOPMENT-BURSARIES-MAGOYE-CONSTITUENCY-1.pdf|2024|Magoye|skills_development_bursary|19|"MA6/24/01/089 HABANJI RAINFORD 248962/74/1 NGWEZI Male AGRICULTURE TRAINING CENTRE OFFICE Yo. MAZABUKA Jule Munic'PAL 0 D1 Zamot SUCCESSFUL NAMES OF SKILLS DEVELOPMENT STUDENTS UNDER SPONSORSHIP FOR 2024 CDF ALLOCATION MAGOYE CONSTITUENCY SIN STUDENT NO NAME OF APPLICANT NRC WARD SEX PROGRAMME DURATION INSTITUION MA6/24/03/077 BOYD HACHIKWELA 418749/74/1 NACHIPOMA Male DRIVING BANJI DRIVING SCHOOL 2/mA6/24/03/078 CLIFORD NJALIKA 482027/74/1 NACHIPOMA MALE DRIVING BANJI DRIVING SCHOOL 3/MA6/24/03/080 EUGINE KADELELE 411094/74/1 NACHIPOMA Male DRIVING 2 BANJI DRIVING SCHOOL MAG/24/03/081 HAMOONGA OLEN 496098/74/1 NACHIPOMA Male DRIVING BANJI DRIVING SCHOOL 5 MA6/24/03/082 HANAMBE MUSUUMBA HAKUMBU 377870/74/1 NACHIPOMA Male DRIVING BANJI DRIVING SCHOOL 6/MAG/24/03/084 NELSON KADELELE 442565/74/1 NACHIPOMA Male DRIVIVNG BANJI DRIVING SCHOOL 7/mA6/24/02/064 MAILA M: MWEENE 432663/74/1 MWANACHINGWALA Male DRIVING CLASS € BANJI DRIVNG SCHOOL 8/mA6/24/02/067 MOONGA LUYANDO 461921/74/1 MWANACHINGWALA Male DRIVING CLASS C BANJI DRIVNG SCHOOL 9/MA6/24/02/072 MWIINGA WISDOM 439277/74/1 MWANACHINGWALA Male DRIVING CLASS C BANJI DRIVNG SCHOOL 10/MA6/24/02/075 SIMWANZA COLLINS 428122/74/1 MWANACHINGWALA Male DRIVING CLASS € BANJI DRIVNG SCHOOL 11MAG/24/01/087 CHILEMBE ALUMBWE 508246/74/1 NGWEZI Male DRVING CLASS C1 BANJI DRIVNG SCHOOL 12|MA6/24/01/093 LWIINDI CHARITY 166972/71/1 NGWEZI Female DRIVING CLASS € BANJI DRIVNG SCHOOL 13/MA6/24/01/097 MOONGA DAVID 293318/12/1 NGWEZI Male DRIVING BANJI DRIVNG SCHOOL 14/MA6/24/01/101 NAKUWEZA MWEEMBA 501376/74/1 NGWEZI Female DRIVING CLASS C1 BANJI DRIVNG SCHOOL GENERAL CHIYOTA SKILLS TRAINING ZAMBIA 15/MA6/24/05/015 FLORENCE BBILIKA 377551/17/1 KALAMA Female AGRICULTURE CENTRE 0F MUNICIPAL CHIYOTA YOUTH SKILLS ErUBLIJ 16/MAG/24/05/021 MBAALE SHARON 477147/74/1 KALAMA Female FOOD PRODUCTION TRAINING CENTRE ABUIA pUNCIL GENERAL CHIYOTA YOUTH Tskits 17 MA6/24/08/061 HAMPONGO CLAMERIA 395218/74/1 MUSUMA Female AGRICULTURE TRAINING ENTRE 2024 JAN CLERI CHIYOTA YOUTH SKILLS 08 18/MA6/24/01/086 CHILELEKO MWEEMBA 501325/74/1 NGWEZI Male FOOD PRODUCTION TRAINING CENTRE TOWN THE 670022, GENERAL CHIYOTA YOUTH SKILLS pe BOX 19 MAG/24/01/089 HABANJI RAINFORD 248962/74/1 NGWEZI Male AGRICULTURE TRAINING CENTRE OFFICE Po. MAZABUKA CHIYOTA YOUTH SKILLS"|0|ocr
CDF-2024-SUCCESSFUL-APPLICANTS-FOR-SKLLS-DEVELOPMENT-BURSARIES-MAGOYE-CONSTITUENCY-1.pdf|2024|Magoye|skills_development_bursary|20|/mA6/24/01/091 KABIMBA CHINYAMA 477174/74/1 NGWEZI Female FOOD PRODUCTION TRAINING CENTRE CHIYOTA YOUTH SKILLS|2|ocr
CDF-2024-SUCCESSFUL-APPLICANTS-FOR-SKLLS-DEVELOPMENT-BURSARIES-MAGOYE-CONSTITUENCY-1.pdf|2024|Magoye|skills_development_bursary|21|MA6/24/01/092 KALULAMA PRECIOUS 453537/74/1 NGWEZI Male FOOD PRODUCTION TRAINING CENTRE GENERAL CHIYOTA YOUTH SKILLS|2|ocr
CDF-2024-SUCCESSFUL-APPLICANTS-FOR-SKLLS-DEVELOPMENT-BURSARIES-MAGOYE-CONSTITUENCY-1.pdf|2024|Magoye|skills_development_bursary|22|/MA6/24/01/095 MILIMO GEOGINA 477299/74/1 NGWEZI Female AGRICULTURE TRAINING CENTRE CHIYOTA YOUTH SKILLS|2|ocr
CDF-2024-SUCCESSFUL-APPLICANTS-FOR-SKLLS-DEVELOPMENT-BURSARIES-MAGOYE-CONSTITUENCY-1.pdf|2024|Magoye|skills_development_bursary|23|/MA6/24/01/104 SIACHILUBI OWEN 474867/74/1 NGWEZI Male POWER ELECTRICAL TRAINING CENTRE FASHION, DESIGN & CHIYOTA YOUTH SKILLS|2|ocr
CDF-2024-SUCCESSFUL-APPLICANTS-FOR-SKLLS-DEVELOPMENT-BURSARIES-MAGOYE-CONSTITUENCY-1.pdf|2024|Magoye|skills_development_bursary|24|/mAG/24/01/105 SIBALWA MALILWE 320215/76/1 NGWEZI Female TEXTILE TRAINING CENTRE CHIYOTA YOUTH SKILLS|2|ocr
CDF-2024-SUCCESSFUL-APPLICANTS-FOR-SKLLS-DEVELOPMENT-BURSARIES-MAGOYE-CONSTITUENCY-1.pdf|2024|Magoye|skills_development_bursary|25|/MA6/24/01/106 WAMULUME KEZIAH 449258/74/1 NGWEZI Female FOOD PRODUCTION TRAINING CENTRE INDUSTRIAL TRAINING|2|ocr
CDF-2024-SUCCESSFUL-APPLICANTS-FOR-SKLLS-DEVELOPMENT-BURSARIES-MAGOYE-CONSTITUENCY-1.pdf|2024|Magoye|skills_development_bursary|26|MAG/24/01/102 NGOMA HIMUULU 292990/74/1 NGWEZI Male DEFESNSIVE DRIVING CENTRE INDUSTRIAL TRAINING CENTR|2|ocr
CDF-2024-SUCCESSFUL-APPLICANTS-FOR-SKLLS-DEVELOPMENT-BURSARIES-MAGOYE-CONSTITUENCY-1.pdf|2024|Magoye|skills_development_bursary|271|"MA6/24/03/083 MASIALETI LIBAKENI 554870/10/1 NACHIPOMA Male DRIVING PLUMBING & PIPE KABWE INSTITUE OF 28/MA6/24/11/003 HANAMBE SAMUEL 448170/74/1 ITEBE Male FITTING 12 TECHNOLOGY KABWE INSTITUE OF 29/MA6/24/11/004 MWEEMBA BEATRICE 498413/74/1 ITEBE Female FOOD PRODUCTION 12 TECHNOLOGY DRIVING AND BASIC KABWE INSTITUE OF 30/MAG/24/04/040 EVANS MALAMBO 834198/11/1 MUNENGA Male MACHANICS 3 TECHNOLOGY GENERAL 31 MA6/24/11/006 NKONDO EVALYNE 305765/71/1 ITEBE Female AGRICULTURE 12 KASIYA COLLEGE GENERAL 32/MA6/24/11/007 NZOOLO MEMORY 283960/71/1 ITEBE Female AGRICULTURE 12 KASIYA COLLEGE GENERAL 33/MA6/24/11/009 LIBUBI HARRIET 422934/74/1 ITEBE Female AGRICULTURE 12 KASIYA COLLEGE ELECTRICAL LIVINGSTONE INSTITUTE OF 34/MAG/24/05/013 COSTEN CHIINDA 476068/74/1 KALAMA Male ENGINEERING BUSINESS AND LIVINGSTONE INSTITUTE OF 35/MA6/24/10/031 MAKUMBA MOCKMENTER 399139/74/1 MBAYA Male FOOD PRODUCTION 3 BUSINESS AND CARPENTRY & LIVINGSTONE INSTITUTE OF 36/MAG/24/10/033 ZILUNDO VITALESS 274462/76/1 MBAYA Male JOINERY 12 BUSINESS AND ZAMBiA LIVINGSTONE INSTITUTE OF /or MUNICIPAL 37/MA6/24/02/065 MALAMBO JUDY 396637/74/1 MWANACHINGWALA Female FOOD PRODUCTION 12 BUSINESS AND UBLC E LIVINGSTONE INSTITUTE OF pNCIL 38/MA6/24/02/073 NGOMA ABRAHAM 463347/74/1 MWANACHINGWALA Male FOOD PRODUCTION 12 BUSINESS AND Mp 2024 ELECTRICAL LIVINGSTONE INSTITUTE OF JAN 39 MA6/24/03/079 EDWIN CHAKWANA 482480/74/1 NACHIPOMA Male ENGINEERING CRAF 24 BUSINESS AND 0 8 CLERK PLUMBING & PIPE LUSAKA BUSINESS & TOWN THE 670022, 40/MA6/24/11/005 NJAPAU CASTROL 377574/74/1 ITEBE Male FITTING 12 TECHNICAL COLLEGE Box ELECTRICAL LUSAKA BUSINESS &FCE P: MAZABUKA 41/MA6/24/01/085 BANDA JAMES 736143/10/1 NGWEZI Male ENGINEERING 36 TECHNICAL COLLEGE MAZABUKA SCHOOL OF 42|MAG/24/07/060 VERONICA KAWINA 437781/74/1 MUNJILE Male TAILORING 3 CONTINUING EDUCATION FASHION, DESIGN & MAZABUKA SCHOOL OF 43|MAG/24/02/066 MOONGA CHOOLWE 443080/74/1 MWANACHINGWALA Female TEXTILE CONTINUING EDUCATION MAZABUKA SCHOOL OF 44 MA6/24/02/068 MOOYA EUPHEMIA 468945/74/1 MWANACHINGWALA Female METAL FABRICATION 12 CONTINUING EDUCATION FASHION, DESIGN & MAZABUKA SCHOOL OF 45/MAG/24/02/070 MWANSA RABECCA 433159/16/1 MWANACHINGWALA Female TEXTILE 12 CONTINUING EDUCATION FASHION, DESIGN & MAZABUKA SCHOOL OF 46/MAG/24/02/076 SODA MELODY 301437/68/1 MWANACHINGWALA Female TEXTILE 12 CONTINUING EDUCATION GENERAL MONZE COMMUNITY 47/MA6/24/10/030 HAMBABA LOVEMORE 216042/77/1 MBAYA Male AGRICULTURE DEVELOPMENT COLLEGE AGRICULTURE NATURAL RESOURCES OF 48/MA6/24/11/008 SYAMANENGA HARRIET 483903/74/1 ITEBE Female EXTENSION 36 DEVELOPMENT COLLEGE NATURAL RESOURCES OF 49/MA6/24/01/094 MAINGA CLIVET 482718/74/1 NGWEZI Male AGRICULTURE 36 DEVELOPMENT COLLEGE AUTOMOTIVE ST MAWAGGALI TRADES 50/MA6/24/05/019 MAABWE NORAH 500160/74/1 KALAMA Female ELECTRICAL CRAFT 24 TRAINING INSTITUE AUTOMATIVE ST MAWAGGALI TRADES 51/MA6/24/06/111 NTOMBA OMMY 427559/74/1 NKONKOLA Male MECHANICS 12 TRAINING INSTITUE ELECTRICAL ST MAWAGGALI TRADES 52/MAG/24/06/112 NTOMBA PRECIOUS 49919/74/1 NKONKOLA Female TECHNOLOGY 24 TRAINING INSTITUE 53/MAG/24/08/063 NGOMA CLARA 498957/74/1 MUSUMA Female ELECTRICAL 12 ST.PAUL'S TRAINING CENTRE 54/MAG/24/02/069 MUTINTA CHRISTINE 464395/74/1 MWANACHINGWALA Female METAL FABRICATION 12 ST.PAUL'S TRAINING CENTRE 55/MA6/24/02/074 PHIRI ROMANCE 124319/10/1 MWANACHINGWALA Female METAL FABRICATION 12 ST.PAUL'S TRAINING CENTRE FOOD AND TECHNICAL AND 56/MAG/24/05/010 ALICE CHILALA 440872/74/1 KALAMA Female BEVERAGES 12 VOCATIONAL TEACHERS' FASHION DESIGN TECHNICAL AND 57/MAG/24/05/011 ANGELLA CHILALA 440858/74/1 KALAMA Female AND TEXTILE 12 VOCATIONAL TEACHERS' TECHNICAL AND 58/MAG/24/05/012 CHOOMBELA CHILOKOTA 501021/74/1 KALAMA Male METAL FABRICATION VOCATIONAL TEACHERS' ZAMBIA FOOD AND TECHNICAL AND p? MUNICIPAL CeLIc 59/MA6/24/05/014 FIDESS MWAASE 440864/74/1 KALAMA Female BEVERAGES 12 VOCATIONAL TEACHERS'K A {NCiL TECHNICAL AND 0 60/mA6/24/05/016 GLORIA MWEEMBA 467127/74/1 KALAMA Female FOOD PRODUCTION 12 VOCATIONAL TEACHERS' 2024 ELECTRICAL AND TECHNICAL AND Fan 61/MA6/24/05/017 HANYAKA MOOYA 204684/77/1 KALAMA Male ELETRONICS VOCATIONAL TEACHERS' CLERK TOWN TECHNICAL AND TKE 670022, 62/MAG/24/05/018 LILIAN HAMUSAALA 440675/74/1 KALAMA Female FOOD PRODUCTION 3 VOCATIONAL TEACHERS' BBOx KAZABUKA FOOD AND TECHNICAL AND 63/MA6/24/05/022 MALAMBO MIRRIAM 504645/74/1 KALAMA Female BEVERAGES 12 VOCATIONAL TEACHERS' GENERAL TECHNICAL AND 64/MA6/24/05/023 MUFWAMBI MONICA 460611/74/1 KALAMA Female HOSPITALITY 12 VOCATIONAL TEACHERS' TECHNICAL AND 65/MAG/24/05/024 MWANAMUYUMU MUTINTA PENEIL 230691/77/1 KALAMA Female FOOD PRODUCTION 12 VOCATIONAL TEACHERS' FASHION DESIGN TECHNICAL AND 66/MAG/24/05/025 NAMWIINGA BUUMBA 254245/77/1 KALAMA Female AND TEXTILE 12 VOCATIONAL TEACHERS' TECHNICAL AND 67|MAG/24/05/026 NG'ANDU BEST 505031/74/1 KALAMA Male METAL FABRICATION 12 VOCATIONAL TEACHERS' CARPENTRAY AND TECHNICAL AND 68/MAG/24/05/027 PASCAL MWEEMBA 476130/74/1 KALAMA Male JOINERY 3 VOCATIONAL TEACHERS' CARPENTRY AND TECHNICAL AND 69mAG/24/05/028 TICK HAMOEYO 476122/74/1 KALAMA Male JOINERY 3 VOCATIONAL TEACHERS' FOOD AND TECHNICAL AND 7o MAG/24/05/029 YVONNE MUDENDA 476008/74/1 KALAMA Female BEVERAGES VOCATIONAL TEACHERS' ELECTRICAL AND TECHNICAL AND 71/MA6/24/04/034 BELDERN LIPILU 281960/18/1 MUNENGA Male ELECTRONICS VOCATIONAL TEACHERS' TECHNICAL AND 72/mA6/24/04/035 CHABOTA NCHIMUNYA 429702/74/1 MUNENGA Female FOOD PRODUCTION VOCATIONAL TEACHERS' GENERAL TECHNICAL AND 73/MAG/24/04/036 CHANDA KAPOBA 440212/74/1 MUNENGA Male HOSPITALITY 12 VOCATIONAL TEACHERS' CARPENTRY AND TECHNICAL AND 74/MA6/24/04/037 CHIYANIKA KAPOBA 393710/74/1 MUNENGA Male JOINERY VOCATIONAL TEACHERS' GENERAL TECHNICAL AND 75/MA6/24/04/038 CLETUS NCHIMUNYA 496518/74/1 MUNENGA Male HOSPITALITY VOCATIONAL TEACHERS' TECHNICAL AND 76/MA6/24/04/039 COLLINS NTEBEKA 432445/74/1 MUNENGA Male METAL FABRICATION VOCATIONAL TEACHERS' FASHION DESIGN TECHNICAL AND 77/MA6/24/04/041 EXILDAH DINDA 484799/74/1 MUNENGA Female AND TEXTILE 12 VOCATIONAL TEACHERS' FOOD AND TECHNICAL AND 78/MAG/24/04/042 EXILDAH MOONZE 440371/74/1 MUNENGA Female BEVERAGES 12 VOCATIONAL TEACHERS' TECHNICAL AND 79 MAG/24/04/043 FLORENCE CHIINDA 440252/74/1 MUNENGA Male FOOD PRODUCTION 12 VOCATIONAL TEACHERS' 44 ZAMBIA FOOD AND TECHNICAL AND RC M UNICIPAL 80|MAG/24/04/044 GRACE MWALILANDA 476759/74/1 MUNENGA Female BEVERAGES 12 VOCE ATIONAI TEACHERSL Ne # GENERAL TECHNICAL AND 81/MA6/24/04/045 HANGWENGWE MUKAMUKWA 254639/77/1 MUNENGA Female HOSPITALITY 12 VOCATIONAL TEACHERS' JAN 2024 ELECTRICAL AND TECHNICAL AND 00 82/MA6/24/04/046 ISON MALAMBO 154278/79/1 MUNENGA MALE ELECTRONIC 12 VOCA ONAL TEACHERS' TOWN CLERK GENERAL TECHNICAL AND E OF TT4 670022, 80 83MAG/24/04/047 LAVENDER NYANWA 457582/74/1 MUNENGA Female HOSPITALITY 12 VOCATI ONALTEACHERS% GuKA CARPENTRY AND TECHNICAL AND 84/MAG/24/04/048 MACBETHWELL MOONZE 254736/77/1 MUNENGA Male JOINERY VOCATIONAL TEACHERS' ELECTRICAL AND TECHNICAL AND 85/MA6/24/04/049 MAGGIE CHIKUTWE 157955/79/1 MUNENGA Female ELECTRONIC 12 VOCATIONAL TEACHERS' GENERAL TECHNICAL AND 86/MA6/24/04/050 MARY KAPOBA 393797/74/1 MUNENGA Female HOSPITALITY 12 VOCATIONAL TEACHERS' TECHNICAL AND 87|MA6/24/04/051 MAZUBA SHAMAINDI 459108/74/1 MUNENGA FEMALEIFOOD PRODUCTION 12 VOCATIONAL TEACHERS' DESIGN & TECHNICAL AND 88]mA6/24/04/052 MICHELO EMILY 512741/74/1 MUNENGA Female TECHNOLOGY 12 VOCATIONAL TEACHERS' GENERAL TECHNICAL AND 89 MAG/24/04/053 MWEEMBA JOE 480679/74/1 MUNENGA Male AGRICULTURE 12 VOCATIONAL TEACHERS' TECHNICAL AND 90|MA6/24/04/054 NG'ANDU TRACY 476663/74/1 MUNENGA Female FOOD & BEVERAGES 12 VOCATIONAL TEACHERS' DESIGN & TECHNICAL AND 91/MA6/24/04/055 SITALI MODDY 476626/74/1 MUNENGA Female TECHNOLOGY 12 VOCATIONAL TEACHERS' FOOD AND TECHNICAL AND 92|MA6/24/04/056 TRYNESS NDUI 465848/74/1 MUNENGA Female BEVERAGES 12 VOCATIONAL TEACHERS' BRICKLAYING & TECHNICAL AND 93/MAG/24/04/057 WEALTH CHEELO 223920/77/1 MUNENGA Male PLASTERING 12 VOCATIONAL TEACHERS' GENERAL TECHNICAL AND 94/MAG/24/06/108 MALEELE BEVINY 484730/74/1 NKONKOLA Male HOSPITALITY 12 VOCATIONAL TEACHERS' GENERAL TECHNICAL AND 95/MA6/24/06/109 MWEETE GLORIA 392656/74/1 NKONKOLA Male HOSPITALITY 12 VOCATIONAL TEACHERS' GENERAL TECHNICAL AND 96/MA6/24/06/110 MWIINGA VINCENT 462953/74/1 NKONKOLA Male HOSPITALITY 12 VOCATIONAL TEACHERS' GENERAL ZAMBIA COLLEGE OF 97 |MAG/24/09/001 MUCHINDU ANASTASIA 464804/74/1 CHIVUNA Female AGRICULTUR 24 AGRICULTURE GENERAL ZAMBIA COLLEGE OF 98/MA6/24/11/002 CHILINYA JANE 504855/74/1 ITEBE Female AGRICULTURE 36 AGRICULTURE GENERAL ZAMBIA COLLEGE OF 99|MAG/24/05/020 MALAMBO MWIINGA 476303/74/1 KALAMA Female AGRICULTURE 36 AGRICULTURE GENERAL ZAMBIA COLLEGE OF 100/MAG/24/10/032 NAMACHILA MIKE MOONGA 168194/74/1 MBAYA Male AGRICULTURE 36 AGRICULTURE GENERAL ZAMBIA COLLEGE OF 101|MA6/24/07/058 HAKASENKE KALVINE 441611/74/1 MUNJILE Male AGRICULTURE 24 AGRICULTURE GENERAL ZAMBIA COLLEGE OF 102 |MAG/24/07/059 MWEEMBA BEENE LUUMUNO 462154/74/1 MUNJILE Female AGRICULTURE 36 AGRICULTURE KMBiA GENERAL ZAMBIA COLLEGE OF 07 MUMICIPAL 103/MA6/24/02/071 MWIINGA VERONICA 457305/74/1 MWANACHINGWALA Female AGRICULTURE 36 A GRICULTURE BUKA GENERAL ZAMBIA COLLEGE OF NCY 104/MAG/24/01/090 HAJALIKA CLEOPATRA 467467/74/1 NGWEZI Female AGRICULTURE 36 AGRICULTURE 2024 JAN GENERAL ZAMBIA COL Legia CLERX 105/MAG/24/01/096 MIYOBA MAXWELL 399681/74/1 NGWEZI Male AGRICULTURE 12 AGRICULTURE FowN GENERAL ZAMBIA COLLEGE OF: TRE 6670022, 106|MA6/24/01/098 MUNGAILA OBRAIN 442488/74/1 NGWEZI Male AGRICULTURE 24 AGRICULTUREE EO. BOX MAZAF UKA GENERAL ZAMBIA COLLEGE OF 107|MA6/24/01/099 MUNJILE LUYANDO 453772/74/1 NGWEZI Male AGRICULTURE 36 AGRICULTURE GENERAL ZAMBIA COLLEGE OF 108/MA6/24/01/100 MWIINGA DARIS 477414/74/1 NGWEZI Male AGRICULTURE 24 AGRICULTURE GENERAL ZAMBIA COLLEGE OF 109 MA6/24/01/103 SHANONGE FANELY 496353/74/1 NGWEZI Female AGRICULTURE 36 AGRICULTURE GENERAL ZAMBIA COLLEGE OF 110 MA6/24/06/107 CHOONGA THELMA 19/07/1997 NKONKOLA Male AGRICULTURE 36 AGRICULTURE ZAMBIA INSTITUE OF 111/MA6/24/01/088 CHIPUNZA HAMUTETE 473949/74/1 NGWEZI Male ANIMAL HEALTH 36 ANIMAL HEALTH GENERAL ZAMBIA COLLEGE OF ZAMEK A 112 MA6/24/08/062 JOY MWEEMBA 375063/73/1 MUSUMA Female AGRICULTURE 36 AGRICULTUREC Of MUNICIAL 50 MAZABURA COUNCIC 2024 JAN 0 8 CLERK TOWN TKE 670022, OF BOX OFFICE RO. MAZABUKA"|2|ocr
CDF-2024-SUCCESSFUL-APPLICANTS-FOR-GRANTS-MAGOYE-CONSTITUENCY.pdf|2024|Magoye|youth_women_community_grant|1|1 Of Zambi^ CDF 2024 SUCESSFUL APPLICANTS FOR YOUTH; WOMEN AND COMMUNITY GRANTS No. Name of Group Ward Zone Type_of Venture Tusyome club Chivuna Mainza Hammer mill Amwangufe Multi-purpose|0|ocr
CDF-2024-SUCCESSFUL-APPLICANTS-FOR-GRANTS-MAGOYE-CONSTITUENCY.pdf|2024|Magoye|youth_women_community_grant|2|Cooperative Society_ Chivuna Kamvule Goat Production Chivuna Youth Multi-purpose Co-|0|ocr
CDF-2024-SUCCESSFUL-APPLICANTS-FOR-GRANTS-MAGOYE-CONSTITUENCY.pdf|2024|Magoye|youth_women_community_grant|3|operative Chivuna Ngwezi Goat keeping_|0|ocr
CDF-2024-SUCCESSFUL-APPLICANTS-FOR-GRANTS-MAGOYE-CONSTITUENCY.pdf|2024|Magoye|youth_women_community_grant|4|Jamaima multi purpose cooperative Chivuna Kavule Zone [Gardening|0|ocr
CDF-2024-SUCCESSFUL-APPLICANTS-FOR-GRANTS-MAGOYE-CONSTITUENCY.pdf|2024|Magoye|youth_women_community_grant|5|Nalubulo Multi purpose cooperative Chivuna Kavule Zone Goat Rearing_|0|ocr
CDF-2024-SUCCESSFUL-APPLICANTS-FOR-GRANTS-MAGOYE-CONSTITUENCY.pdf|2024|Magoye|youth_women_community_grant|6|Kasuku Women's Club Chivuna Mainza Goat Rearing_ Mainza Njelesyo Multi purpose [Cooperative_ Chivuna Mainza Goat Rearing_|0|ocr
CDF-2024-SUCCESSFUL-APPLICANTS-FOR-GRANTS-MAGOYE-CONSTITUENCY.pdf|2024|Magoye|youth_women_community_grant|8|Lumuuno Ndubotu Women's Club chivuna Mainza Cattle Rearing_|0|ocr
CDF-2024-SUCCESSFUL-APPLICANTS-FOR-GRANTS-MAGOYE-CONSTITUENCY.pdf|2024|Magoye|youth_women_community_grant|9|Makala support Group [Chivuna Ngwezi Goat Tubone Multi-purpose Cooperative|0|ocr
CDF-2024-SUCCESSFUL-APPLICANTS-FOR-GRANTS-MAGOYE-CONSTITUENCY.pdf|2024|Magoye|youth_women_community_grant|10|Societ Chivuna Mainza Goats and Chicken|0|ocr
CDF-2024-SUCCESSFUL-APPLICANTS-FOR-GRANTS-MAGOYE-CONSTITUENCY.pdf|2024|Magoye|youth_women_community_grant|11|Tuzyibe Women's Multi-Purpose Chivuna Mainza Goat Rearing_ Munich Women's Multi-purpose|0|ocr
CDF-2024-SUCCESSFUL-APPLICANTS-FOR-GRANTS-MAGOYE-CONSTITUENCY.pdf|2024|Magoye|youth_women_community_grant|12|Cooperative Chivuna Chijanwa_ [Poultry|0|ocr
CDF-2024-SUCCESSFUL-APPLICANTS-FOR-GRANTS-MAGOYE-CONSTITUENCY.pdf|2024|Magoye|youth_women_community_grant|13|Peculiar Multi-purpose Cooperative_ Chivuna Chivuna Hammer Mill|0|ocr
CDF-2024-SUCCESSFUL-APPLICANTS-FOR-GRANTS-MAGOYE-CONSTITUENCY.pdf|2024|Magoye|youth_women_community_grant|14|Visionary Thinkers Chivuna st Micheals Pig_Rearing__|0|ocr
CDF-2024-SUCCESSFUL-APPLICANTS-FOR-GRANTS-MAGOYE-CONSTITUENCY.pdf|2024|Magoye|youth_women_community_grant|15|KKulya Bukende Youth Club Kalama Manyaana Goat_ fearig L Senenemani Multi purpose RervbLic 0 MUNICIPAL AZABL HKA|0|ocr
CDF-2024-SUCCESSFUL-APPLICANTS-FOR-GRANTS-MAGOYE-CONSTITUENCY.pdf|2024|Magoye|youth_women_community_grant|16|Cooperative Kalama Manyaana [g Reatnng|0|ocr
CDF-2024-SUCCESSFUL-APPLICANTS-FOR-GRANTS-MAGOYE-CONSTITUENCY.pdf|2024|Magoye|youth_women_community_grant|202|"4 20 FFR CLERK TOWN OF THE 670022, OFFICE BOX P.O. MAZABUKA 17 Malungo Multi purpose Cooperative_ Kalama Mabanga_ Goat Rearing_ 18 Kalama Multi purpose Cooperative_ Kalama Kalama Goat Rearing 19 Naleza Multi Purpose_Cooperative_ Kalama Naleza Goat Rearing_ 20 [Chiziyo Multi purpose cooperative Kalama Hakwaambwa Goat rearing_ 21 Mandima women's Poultry Club Kalama Hakwambwa Poultry_ 22 Maleleko Women's club Kalama Manyaana Goat Rearing_ 23 KKatuya Multi purpose cooperative Kalama Kalama Agro processing_ Bukwabi Multi Purpose Women's 24 Club Kalama Kalama Goat & Sheep Rearing 25 Tuyandane Toonse Club Mbayamusum] Mbaya zone Goat Rearing 26 Hakaloba Multi purpose Cooperative Mbayamusum]Mbaya zone Goat Rearing_ 27 [Mubuyu Women's club Mbayamusum]Mbaya zone Goat Rearing_ 28 Atuyakane_Multipurpose cooperative_ Mbayamusum]Mbaya zone_ Goat Rearing_ JMbaya Young Green Eagles Football 29 Club Mbayamusum] Mbaya zone Goat Rearing_ 30 Hampande United Cooperative Mbayamusum]Mbaya zone Pig_Rearing_ Break Through Muilt purpose 31 Cooperative Mbayamusum Mbaya zone Goat rearing_ Lusumpuko Multi purpose 32 Cooperative Mbayamusum]Mbaya zone Goat Rearing_ Nachtyombwe Catholice Church 33 Women's_Organisation Club_ Mbayamusum]Mbaya zone_ Goat Rearing 34 Twabuka Mutulo Club Munenga Simwaaba Pig Rearing 35 Katina multi purpose cooperative Munenga Simwaaba chicken Rearing_ 36 Tembwe Tembwe Club Munenga Munenga chicken Rearing 37 Musanta Club Munenga_ Myenga cchicken Rearing MAZABOL = CQUNCLL '2U FFR 2024 JF THE ZOWN CLERK OFFICR.8 BoX 670022, MAZABUKA Munenga Hamuntu Multi-purpose Co- 38 operative Munenga_ Munenga chicken Rearing_ Kulima Kubotu Multi Purpose 39 Cooperative_ Munenga Munenga Pig_Rearing Masikotana 1 Multi purpose 40 Cooperative_ Munenga_ Simwaaba Chicken rearing 41 Sichaalwe Multi Purpose Cooperative |Munenga Simwaaba [Chicken rearing_ Holos Mwanamwamba Multipurpose 42 Cooperative_ Munenga Munenga Goat rearing_ Hamukkwalah Multi purpose 43 Cooperative Munjile Kataba Gardening_ 44 Twasika Basa Club Munjile Kataba Goat Rearing_ 45 Mooya Multi purpose Cooperative Munjile Kataba Goat Rearing _ 46 Buka Bwacha Women's Club Munjile [Chitongo_ Chicken Reaing JMusanga A Multi purpose 47 Cooperative Munjile IChitongo_ Goat Rearing_ 48 Twabuka Multi purpose Cooperative_ Munjile Munjile Goat Rearing_ Revived Worriors multi purpose 49 cooperative_ Munjle Munjile Chicken rearing__ Mapenzi Tujule Multi purpose 50 Cooperative Munjile Munjile Goat rearing 51 Go Ahead Club Munjile Munjile Chicken rearing__ 52 [Makoye Multi purpose Cooperative MwanachingwMukuyu_ Pig_Rearing Mwanachingwala care and support 53 Association [MwanachingwNziba Goat rearing_ Mwanaching 54 Mbotubeleka Youth Club wala Mukuyu Goat Rearing_ 55 Kana women's club [Mwanachingw_Mbiya Chicken Raering_ Mwanachingwala Disabled Mwanaching 56 Organization wala Nziba Goat Rearing_ 57 Lwiito Lwesu Club MwanachingwMukuyu Goat Rearing of ZAMBIA Berublic 58 Nachaba Multipurpose Cooperative MwanachingwMukuvuiZ ABUrAL UelcoatReaing 'L0 FFR 2024 JF THE TOWNZCLERK OFFICE Box 670022, P.0 MAZABUKA 59 [six Bees Multi-purpose Co-operative_[MwanachingwNziba Chicken rearing_ 60 Kabbobboma Club MwanachingwMbiya Chicken rearing_ 61 Mapulanga Club Nachipoma Chula Chicken Rearing_ 62 KKaleya New Houses Drainage Club Nachipooma Nachipooma Poultry 63 Njaame Club Nachipooma Kaleya Chicken _Raering_ 64 Kaleya Station Unit Club Nachipooma Kaleya Chicken Rearing_ 65 Lushomo Multi Purpose Cooperative Nachipooma_ Kaleya Chicken rearing 66 Lumba Club Nachipooma Kaleya Chicken rearing_ 67 Tesekele Club Nachipooma_ KKaleya Chicken rearing_ 68 IChibolya 07 Club Nachipooma Kaleya Goat Rearing_ 69 Tusekele Manji Womens Club Nachipooma KKaleya Chicken Raering_ 70 Mbeza Nta Club Nachipooma KKaleya Chicken Rearing_ 71 Chubauba Club Nachipooma Kaleya Chicken Rearing_ 72 Mulombo Club Nachipooma_ Kaleya Chicken Rearing_ 73 Bana Munyati Club Nachipooma_ KKaleya Chicken Rearing_ 74 Mango Club_ Nachipooma Kaleya Chicken Rearing 75 Tupoto Club Nachipooma KKaleya Chicken Rearing_ 76 Tiyeseko club Nachipooma KKaleya Chicken Rearing_ 77 Habanji Multi purpose Cooperative_ Ngwezi Ngwezi Chicken rearing Twazabuka Mapenzi Youth 78 Cooperative Ngwezi Matimbaya Goat Rearing_ 79 Chilundika Youth Club Ngwezi Mogoxe Z / ~oGoatRearin 7 MAZABUKA COUNCIL 2U FFA 2024 TOWN CLERK OF THE 670022, OFFICE BoX P.o: MAZABUKA 80 Gande Saving_Youth Club Ngwezi Magoye Goat Rearing 81 Ne Dawn Ngwezi chitubamenda [Chicken Rearing 82 Katondo Womens Club Ngwezi Magoye [village banking 83 Momenttum Women Multi-purpose Mbaya Mbaya zone_ Chicken rearing Musikili Youth Multi-purpose 84 Cooperative Ngwezi Magoye ResearclChicken rearing_ Nile River Women Mulit-purpose 85 Cooperative Ngwezi Chitubameenda Chicken rearing 86 Leza Ulatuswe Women's Youth club Ngwezi Matimbaya Chicken rearing_ 87 Mubanza Multi Purpose Cooperative_ Ngwezi Magoye ResearclChicken Rearing Chilundika Goat Farming Women's 88 Club Ngwezi_ Ngwezi Goat Rearing_ Meenda Mabotu Multi-purpose 89 Cooperative_ Ngwezi chitubameenda Chicken Rearing_ 90 Chibotu Multi-puporse Co-operative_ Ngwezi MMagoye Pig_Rearing_ 91 Tukamantane Club Ngwezi_ Magoye ResearclGardening_ 92 Buka Bwacha Uvube Ngwezi Magoye Chicken rearing_ 93 Tusupulane Women Club Nkonkola Hanzala Goat rearing_ 94 Tubelekele Antoomwe Youth Club Nkonkola Nkonkola lower Pig_Rearing 95 Kabucha Tweende Women's club Nkonkola Namaila [Village banking 96 Nkonkola Multi-purpose Group Club Nkonkola Nkonkola Upper_ Goat Rearing_ 97 Kamuzuma Women's Youth Club Nkonkola Nkonkola upper_ Goat and Piggery 98 Kanundu Women's Club Nkonkola Nkonkola upper_ Chicken rearing 99 Tukomane Y outh Nkonkola Namaila Goat rearing LAMBiA CIPAL 100 Luyando Youth Multi-purpose Group Nkonkola HHanzala ABUKA ABUKA Ue4 lGoatf rearing_ L0 FFR 2024 TOWN CLERK OFFICE SFF8€ 6790022, P.O Box MAZABUKA 101 Twaabane Women's Club Nkonkola Hanzala Goat rearing 102 Namwanza Multi-Purpose co-perative_|Nkonkola [Chibuyu_ Chicken rearing (Cuuzya Multipurpose Cooperative 103 Limited Musuma HHanjalika Goat rearing_ Mutobo Multipurpose Cooperative 104 Limited Musuma Musuma Goat rearing_ Chalemautambe Multipurpose 105_[Cooperative Limited Musuma Hanjalika Gardening Known Multipurpose Cooperative 106 Limited Musuma Hanjalika Goat Rearing_ Kapulanga Multipurpose Cooperative 107 Limited Musuma Mapondo Chicken Rearing__ 108 Beleka Chick Club Musuma Mweemba Goat rearing_ 109_|Manchenya Women'S Club Musuma Goat Rearing_ Mutumbi Boola Multipurpose 110 Cooperative Limited Musuma_ Hanjalika Pig_Rearing 111 Mazuba Mabotu Musuma Hanjalika Village banking Ngwezi handicapped multipurpose 112 Cooperative Musuma Mapondo Goat Rearing_ 113 Mbalanganda Fishing Youth Club IItebe Mbalanganda Pig Rearing 114 Buka Bwacha Women'S Club IItebe Itebe Goat Rearing_ 115 Chimwaikila Fishing Youth Club Itebe Chimwaikila [Fishing Kasenje Women'S Multipurpose 116 Cooperative Limited Itebe Itebe [village Banking_ 117 Lweendo Women'S Club Itebe Itebe Goat rearing_ 0r MUNICIPAC RerobLic MAZABUKA COUNCIL 2024 L0 FFR CLERK TOWN OF THE 670022, OFFICE 6ox P.o. MAZABUKA"|0|ocr
CDF-2024-SUCCESSFUL-APPLICANTS-FOR-YOUTH-WOMEN-COMMUNITY-EMPOWERMENT-LOANS-MAZABUKA-CENTRAL-CONSTITUENCY.pdf|2024|Mazabuka Central|empowerment_loan|1|1 OF ZAMB)A SUCCESSFUL APPLICANTS FOR THE 2024 CDF EMPOWERMENT LOANS No Name of_Groupl Individual Ward OB MALEELE POULTRY FARMING BENNIE ENTERPRISE MWIINGA BENNIE|0|ocr
CDF-2024-SUCCESSFUL-APPLICANTS-FOR-YOUTH-WOMEN-COMMUNITY-EMPOWERMENT-LOANS-MAZABUKA-CENTRAL-CONSTITUENCY.pdf|2024|Mazabuka Central|empowerment_loan|2|EMMALINE CREATIONS MWIINGA RUTHANNAH WOMEN MULTI-PURPOSE BENNIE|0|ocr
CDF-2024-SUCCESSFUL-APPLICANTS-FOR-YOUTH-WOMEN-COMMUNITY-EMPOWERMENT-LOANS-MAZABUKA-CENTRAL-CONSTITUENCY.pdf|2024|Mazabuka Central|empowerment_loan|3|COOPERATIVE SOCIETY LIMITED MWIINGA BENNIE|0|ocr
CDF-2024-SUCCESSFUL-APPLICANTS-FOR-YOUTH-WOMEN-COMMUNITY-EMPOWERMENT-LOANS-MAZABUKA-CENTRAL-CONSTITUENCY.pdf|2024|Mazabuka Central|empowerment_loan|4|NEW EXCELLENCE MWIINGA|0|ocr
CDF-2024-SUCCESSFUL-APPLICANTS-FOR-YOUTH-WOMEN-COMMUNITY-EMPOWERMENT-LOANS-MAZABUKA-CENTRAL-CONSTITUENCY.pdf|2024|Mazabuka Central|empowerment_loan|5|HABESERI GENERAL DEALERS CHIZOBO|0|ocr
CDF-2024-SUCCESSFUL-APPLICANTS-FOR-YOUTH-WOMEN-COMMUNITY-EMPOWERMENT-LOANS-MAZABUKA-CENTRAL-CONSTITUENCY.pdf|2024|Mazabuka Central|empowerment_loan|6|CHOMWA ENTERPRISES KAONGA MANKA TAILO KAONGA|0|ocr
CDF-2024-SUCCESSFUL-APPLICANTS-FOR-YOUTH-WOMEN-COMMUNITY-EMPOWERMENT-LOANS-MAZABUKA-CENTRAL-CONSTITUENCY.pdf|2024|Mazabuka Central|empowerment_loan|8|BEAKAS INNOVATIONS KAONGA|0|ocr
CDF-2024-SUCCESSFUL-APPLICANTS-FOR-YOUTH-WOMEN-COMMUNITY-EMPOWERMENT-LOANS-MAZABUKA-CENTRAL-CONSTITUENCY.pdf|2024|Mazabuka Central|empowerment_loan|9|CHOPRE ENTTERPRISE KAONGA|0|ocr
CDF-2024-SUCCESSFUL-APPLICANTS-FOR-YOUTH-WOMEN-COMMUNITY-EMPOWERMENT-LOANS-MAZABUKA-CENTRAL-CONSTITUENCY.pdf|2024|Mazabuka Central|empowerment_loan|10|LARYTECH ENTERPRISES KAONGA|0|ocr
CDF-2024-SUCCESSFUL-APPLICANTS-FOR-YOUTH-WOMEN-COMMUNITY-EMPOWERMENT-LOANS-MAZABUKA-CENTRAL-CONSTITUENCY.pdf|2024|Mazabuka Central|empowerment_loan|11|MADUBULA CLUB LUBOMBO|0|ocr
CDF-2024-SUCCESSFUL-APPLICANTS-FOR-YOUTH-WOMEN-COMMUNITY-EMPOWERMENT-LOANS-MAZABUKA-CENTRAL-CONSTITUENCY.pdf|2024|Mazabuka Central|empowerment_loan|12|MUNABULI FRESH FARMS LUBOMBO SNITECH REFRIGERATION AND|0|ocr
CDF-2024-SUCCESSFUL-APPLICANTS-FOR-YOUTH-WOMEN-COMMUNITY-EMPOWERMENT-LOANS-MAZABUKA-CENTRAL-CONSTITUENCY.pdf|2024|Mazabuka Central|empowerment_loan|13|SUPPLIERS LUBOMBO MULYAKULIMA MULTI-PURPOSE CO- MAZABUKA|0|ocr
CDF-2024-SUCCESSFUL-APPLICANTS-FOR-YOUTH-WOMEN-COMMUNITY-EMPOWERMENT-LOANS-MAZABUKA-CENTRAL-CONSTITUENCY.pdf|2024|Mazabuka Central|empowerment_loan|14|OPERATIVE SOCIETY LIMITED CENTRAL ZAMBIA 0F MUNICIPAL MAZABUKA Relublic|0|ocr
CDF-2024-SUCCESSFUL-APPLICANTS-FOR-YOUTH-WOMEN-COMMUNITY-EMPOWERMENT-LOANS-MAZABUKA-CENTRAL-CONSTITUENCY.pdf|2024|Mazabuka Central|empowerment_loan|15|FRIDIZO GENERAL DEALERS CENTRAL MAKABUKA COUNCIL MAZABUKA 2024 APR|0|ocr
CDF-2024-SUCCESSFUL-APPLICANTS-FOR-YOUTH-WOMEN-COMMUNITY-EMPOWERMENT-LOANS-MAZABUKA-CENTRAL-CONSTITUENCY.pdf|2024|Mazabuka Central|empowerment_loan|16|COOL BANANAS GENERAL DEALERS CENTRAL 9 CLERK TOWN THE 670022, OF BOX OFFICE Ro MAZABUKA JUSMOO GENERAL CONTRACTORS & MAZABUKA|0|ocr
CDF-2024-SUCCESSFUL-APPLICANTS-FOR-YOUTH-WOMEN-COMMUNITY-EMPOWERMENT-LOANS-MAZABUKA-CENTRAL-CONSTITUENCY.pdf|2024|Mazabuka Central|empowerment_loan|17|SUPPLY CENTRAL|1|ocr
CDF-2024-SUCCESSFUL-APPLICANTS-FOR-YOUTH-WOMEN-COMMUNITY-EMPOWERMENT-LOANS-MAZABUKA-CENTRAL-CONSTITUENCY.pdf|2024|Mazabuka Central|empowerment_loan|18|GEOLU QUALITY MUGOTO|1|ocr
CDF-2024-SUCCESSFUL-APPLICANTS-FOR-YOUTH-WOMEN-COMMUNITY-EMPOWERMENT-LOANS-MAZABUKA-CENTRAL-CONSTITUENCY.pdf|2024|Mazabuka Central|empowerment_loan|19|SIMOPPAH GENERAL DEALERS MUGOTO|1|ocr
CDF-2024-SUCCESSFUL-APPLICANTS-FOR-YOUTH-WOMEN-COMMUNITY-EMPOWERMENT-LOANS-MAZABUKA-CENTRAL-CONSTITUENCY.pdf|2024|Mazabuka Central|empowerment_loan|20|BRIFEN MACACO GENERAL DEALERS MUGOTO|1|ocr
CDF-2024-SUCCESSFUL-APPLICANTS-FOR-YOUTH-WOMEN-COMMUNITY-EMPOWERMENT-LOANS-MAZABUKA-CENTRAL-CONSTITUENCY.pdf|2024|Mazabuka Central|empowerment_loan|21|HAMWIIKA BUSINESS SOLUTIONS NAKAMBALA|1|ocr
CDF-2024-SUCCESSFUL-APPLICANTS-FOR-YOUTH-WOMEN-COMMUNITY-EMPOWERMENT-LOANS-MAZABUKA-CENTRAL-CONSTITUENCY.pdf|2024|Mazabuka Central|empowerment_loan|22|KEMANGE GENERAL DEALERS NAKAMBALA|1|ocr
CDF-2024-SUCCESSFUL-APPLICANTS-FOR-YOUTH-WOMEN-COMMUNITY-EMPOWERMENT-LOANS-MAZABUKA-CENTRAL-CONSTITUENCY.pdf|2024|Mazabuka Central|empowerment_loan|23|GRACE SING' ANDU ENTERPRISES NEGA NEGA|1|ocr
CDF-2024-SUCCESSFUL-APPLICANTS-FOR-YOUTH-WOMEN-COMMUNITY-EMPOWERMENT-LOANS-MAZABUKA-CENTRAL-CONSTITUENCY.pdf|2024|Mazabuka Central|empowerment_loan|24|LANES ENTERPRISES NEGA NEGA SAKHATO GENERAL DEALERS AND|1|ocr
CDF-2024-SUCCESSFUL-APPLICANTS-FOR-YOUTH-WOMEN-COMMUNITY-EMPOWERMENT-LOANS-MAZABUKA-CENTRAL-CONSTITUENCY.pdf|2024|Mazabuka Central|empowerment_loan|25|SUPPLIERS SIYOWI FELHUM CONSTRUCTION AND|1|ocr
CDF-2024-SUCCESSFUL-APPLICANTS-FOR-YOUTH-WOMEN-COMMUNITY-EMPOWERMENT-LOANS-MAZABUKA-CENTRAL-CONSTITUENCY.pdf|2024|Mazabuka Central|empowerment_loan|26|GENERAL SUPPLY LIMITED SIYOWI|1|ocr
CDF-2024-SUCCESSFUL-APPLICANTS-FOR-YOUTH-WOMEN-COMMUNITY-EMPOWERMENT-LOANS-MAZABUKA-CENTRAL-CONSTITUENCY.pdf|2024|Mazabuka Central|empowerment_loan|27|TUNJIMAKE GENERAL DEALERS SIYOWI ZAMBIA pF MUNICIPAL rUBLIC|1|ocr
CDF-2024-SUCCESSFUL-APPLICANTS-FOR-YOUTH-WOMEN-COMMUNITY-EMPOWERMENT-LOANS-MAZABUKA-CENTRAL-CONSTITUENCY.pdf|2024|Mazabuka Central|empowerment_loan|28|NAMCORP [SIYOWZA BUKAA NCIL coV|1|ocr
CDF-2024-SUCCESSFUL-APPLICANTS-FOR-YOUTH-WOMEN-COMMUNITY-EMPOWERMENT-LOANS-MAZABUKA-CENTRAL-CONSTITUENCY.pdf|2024|Mazabuka Central|empowerment_loan|202|4 APR 19 CLERK ToWN THE 670022 : OF BOX OFFICE PO. MAZABUKA|1|ocr
CDF-2024-SUCCESSFUL-APPLICANTS-FOR-SECONDARYSCHOOL-BURSARIES-MAZABUKA-CENTRAL.pdf|2024|Mazabuka Central|secondary_school_bursary|1|Sugar Of ZAMBiA SUCCESSFUL NAMES OF LEARNERS UNDER SPONSORSHIP FOR 2024 CDF ALLOCATION IN MAZABUKA CENTRAL CONSTITUENCY Sex SIN Student Number Name of Pupil Ward (MIF Grade School CANISIUS SECONDARY MAZI24/01/012 MUCHANGA MUNJI BENNIE MWIINGA MALE GRADE 8 SCHOOL CHASUNTA FEMALE GRADE SECONDARY|0|ocr
CDF-2024-SUCCESSFUL-APPLICANTS-FOR-SECONDARYSCHOOL-BURSARIES-MAZABUKA-CENTRAL.pdf|2024|Mazabuka Central|secondary_school_bursary|2|MAZI24/01/0332 HANGWELE CHABOTA BENNIE MWIINGA 10 SCHOOL S CHIKANKATA|0|ocr
CDF-2024-SUCCESSFUL-APPLICANTS-FOR-SECONDARYSCHOOL-BURSARIES-MAZABUKA-CENTRAL.pdf|2024|Mazabuka Central|secondary_school_bursary|3|MAZI24/01/208 LUCHEN AMANDA BENNIE MWIINGA FEMALE GRADE 9 SECONDARY CHIKANKATA GRADE SECONDARY MAZI24/01/021 NALUMINO GILBERT BENNIE MWIINGA MALE 10 SCHOOL CHIKANKATA GRADE SECONDARY|0|ocr
CDF-2024-SUCCESSFUL-APPLICANTS-FOR-SECONDARYSCHOOL-BURSARIES-MAZABUKA-CENTRAL.pdf|2024|Mazabuka Central|secondary_school_bursary|5|MAZI24/01/025 CHISANGANO DOREEN BENNIE MWIINGA FEMALE 11 SCHOOL CHIKUNI GIRLS' SECONDARY|0|ocr
CDF-2024-SUCCESSFUL-APPLICANTS-FOR-SECONDARYSCHOOL-BURSARIES-MAZABUKA-CENTRAL.pdf|2024|Mazabuka Central|secondary_school_bursary|6|MAZI24/01/027 MAZUBA JOY BENNIE MWIINGA FEMALE GRADE 8 SCHOOL CHOMA WENZA SILAVWE GRADE SECONDARY MAZI24/01/004 CHIPOYA BENNIE MWIINGA MALE 10 SCHOOL CHOMA CHIYUMUKA CHEELAKA GRADE SECONDARY|0|ocr
CDF-2024-SUCCESSFUL-APPLICANTS-FOR-SECONDARYSCHOOL-BURSARIES-MAZABUKA-CENTRAL.pdf|2024|Mazabuka Central|secondary_school_bursary|8|MAZI24/01/008 MAYBIN BENNIE MWIINGA MALE 10 SCHOQL KAUMBA SECONDARY|0|ocr
CDF-2024-SUCCESSFUL-APPLICANTS-FOR-SECONDARYSCHOOL-BURSARIES-MAZABUKA-CENTRAL.pdf|2024|Mazabuka Central|secondary_school_bursary|9|MAZI24/01/011 MWEETWA LISA CHIPO BENNIE MWIINGA FEMALE GRADE 8 SCHOOL KAUMBA SECONDARY|0|ocr
CDF-2024-SUCCESSFUL-APPLICANTS-FOR-SECONDARYSCHOOL-BURSARIES-MAZABUKA-CENTRAL.pdf|2024|Mazabuka Central|secondary_school_bursary|10|MAZI24/01/024 LWIINDI BENTRY BENNIE MWIINGA MALE GRADE 9 SCHOQL MAKOYE|0|ocr
CDF-2024-SUCCESSFUL-APPLICANTS-FOR-SECONDARYSCHOOL-BURSARIES-MAZABUKA-CENTRAL.pdf|2024|Mazabuka Central|secondary_school_bursary|11|MAZI24/01/206 CHIBESA SHADRECK BENNIE MWIINGA MALE GRADE 9 LSECONDAR Or MUNICIPAL ReruBLic MAZABUKA COUNCIL|0|ocr
CDF-2024-SUCCESSFUL-APPLICANTS-FOR-SECONDARYSCHOOL-BURSARIES-MAZABUKA-CENTRAL.pdf|2024|Mazabuka Central|secondary_school_bursary|202|"4 JAN 29 CLERX TOWN OF THE 670022, OFFICE BOX PO MAZABUKA GRADE MAKOYE 12 MAZI24/01/211 CHIBESA CHRISPINE BENNIE MWIINGA MALE 12 SECONDARY MAKOYE MUNACHOONGA GRADE SECONDARY 13 MAZI24/01/002 LUMAMBA BENNIE MWIINGA MALE 10 SCHOOL MAKOYE GRADE SECONDARY 14 MAZI24/01/005 CHILALA SMECH BENNIE MWIINGA FEMALE 10 SCHOOL MAKOYE SECONDARY 15 MAZI24/01/007 MWIINGA HAPPY BENNIE MWIINGA FEMALE GRADE 8 SCHOOL MAKOYE GRADE SECONDARY 16 MAZI24/01/017 BRENDA MWENDA BENNIE MWIINGA FEMALE 11 SCHOOL MAKOYE GRADE SECONDARY 17 MAZI24/01/023 SIANTE IREEN BENNIE MWIINGA FEMALE 10 SCHOOL MAKOYE MALE SECONDARY 18 MAZI24/01/0326 KANDUNDU HARRISON BENNIE MWIINGA 10 SCHOOL MONZE GRADE BOARDING 19 MAZI24/01/210 RAVENA WILLIAM BENNIE MWIINGA FEMALE 11 SECONDARY MONZE BOARDING GRADE SECONDARY 20 MAZI24/01/006 MAPULANGA EVANS BENNIE MWIINGA MALE 10 SCHOOL MONZE BOARDING GRADE SECONDARY 21 MAZI24/01/020 SHALONGA SAGONA BENNIE MWIINGA MALE 10 SCHOOL 22 MAZI24/01/209 MWEEMBA AUDREY BENNIE MWIINGA FEMALE GRADE 9 MUNALI GIRLS MUNENGA GRADE SECONDARY 23 MAZI24/01/022 KAKOMA OLISTER BENNIE MWIINGA FEMALE 10 SCHOOL MUNENGA SHINGALWE LISA MALE SECONDARY 24 MAZI24/01/0323 MASIYE BENNIE MWIINGA 10 SCHOOL MUNENGA MALE SECONDARY 25 MAZI24/01/0329 HANSAKA BELLY BENNIE MWIINGA 8 SCHOOL GRADE MUNSANGU 26 MAZI24/01/207 NGANDU CHIPO BENNIE MWIINGA MALE 11 SECONDARY MUNSANGU SECONDARY 27 MAZI24/01/003 PHIRI MICHEAL TAONA BENNIE MWIINGA MALE GRADE 8 SCHOOL MUNSANGU SECONDARY 28 MAZI24/01/018 MOONGA LUSHOMO BENNIE MWIINGA MALE GRADE 8 SCHOOL Riruxlic MMUNICT MUNSANGU MAzABUKA GOUNCIL SECONDARY 29 MAZI24/01/026 MOONGA LUSHOMO BENNIE MWIINGA MALE GRADE 8 ESCHOQL 202+ JAN 2 9 CLERK TOWN THE 670022, OF BoX OFFICE P.o. MAZABUKA MUNSANGU SECONDARY 30 MAZI24/01/028 SILAVWE NATAIZYA BENNIE MWIINGA MALE GRADE 8 SCHOQL MUNSANGU GRADE SECONDARY 31 MAZI24/01/029 NANDY SIBAJENE BENNIE MWIINGA FEMALE 10 SCHOOL MWEMBESHI BOARDING GRADE SECONDARY 32 MAZI24/01/009 ZULU GIFT BENNIE MWIINGA MALE 10 SCHOOL NAMWALA FEMALE SECONDARY 33 MAZI24/01/0324 ZIMBA DEBORAH BENNIE MWIINGA 10 SCHOOL NANGA SECONDARY 34 MAZI24/01/010 MUMBUWA BEATRICE BENNIE MWIINGA FEMALE GRADE 8 SCHOOL NANGA SECONDARY 35 MAZI24/01/016 MAZUBA PRECIOUS BENNIE MWIINGA FEMALE GRADE 8 SCHOOL NANGA FEMALE SECONDARY 36 MAZI24/01/0325 NGOMA CONFIDENCE BENNIE MWIINGA 10 SCHOOL NANGA FEMALE SECONDARY 37 MAZI24/01/0327 MILAMBO RUTH MALESU BENNIE MWIINGA 10 SCHOOL NANGA MALE SECONDARY 38 MAZ/24/01/0330 CHIPELELE KHONDWANI BENNIE MWIINGA 8 SCHOOL NANGA NTHERE MARY FEMALE SECONDARY 39 MAZI24/01/0331 NGOBOLA BENNIE MWIINGA 8 SCHOOL NJASE GIRLS 40 MAZI24/01/213 MUTOLOKI LUMUNO BENNIE MWIINGA FEMALE GRADE 9 SECONDARY NKONKOLA GRADE SECONDARY 41 MAZI24/01/019 MAPULANGA SHAMISO BENNIE MWIINGA FEMALE 10 SCHOOL NKONKOLA MUNTUMUNZILA GRADE SECONDARY 42 MAZI24101212 ROSINAH BENNIE MWIINGA FEMALE 11 SCHOOL NKONKOLA GRADE SECONDARY 43 MAZI24/01/205 MWEETWA RIHANA BENNIE MWIINGA MALE 11 SCHOOL SIAVONGA PROVINCIAL MALE STEM SECONDARY 44 MAZI24/01/0328 LUMAMBA MYOBA BENNIE MWIINGA 8 SCHOOL ST JOSEPH'S SECONDARY 45 MAZI24/01/001 CHEELO MITREN BENNIE MWIINGA FEMALE GRADE 8 SCHOOL ~oiic U MuNiciPad ST JOSEPH S 6i. LABUKA C SECONDARY N 46 MAZI24/01/014 CHILALA JOY THABO BENNIE MWIINGA FEMALE GRADE 8 SCHOOL JAN 2024 2 y CLERK TOWN TKE 670022, OLFicr OF eex P.o MAZABUKA ST MARKS GRADE SECONDARY 47 MAZI24/01/013 CHIZYUKA RAPHAEL BENNIE MWIINGA MALE 10 SCHOOL ST MARKS LOMBE CHARLTON SECONDARY 48 MAZI24/01/015 MWEEMBA BENNIE MWIINGA MALE GRADE 8 SCHOOL MAKOYE GRADE BOARDING 49 MAZI24/01/256 NKAMA /VIN BENNY MWIINGA MALE 10 SCHOOL MAKOYE NCHIMUNYA DAVISON GRADE BOARDING 50 MAZI24/01/257 MOONGA BENNY MWIINGA MALE 10 SCHOOL MAKOYE GRADE BOARDING 51 MAZI24/01/258 CHIMENA AVEL BENNY MWIINGA MALE 10 SCHOOL MUNENGA MANGALANDE GRADE SECONDARY 52 MAZI24/01/259 LUKONDO BENNY MWIINGA MALE 12 SCHOQL MUNSANGU HAPEELA MATONGO GRADE SECONDARY 53 MAZI24/01/260 NATHAN BENNY MWIINGA MALE 10 SCHOOL MUSANGU SECONDARY 54 MAZI24/01/261 MUBITA MUBITA BENNY MWIINGA MALE GRADE 9 SCHOOL MUSANGU MALAMBO JOYCE SECONDARY 55 MAZI24/01/262 CHINTU BENNY MWIINGA FEMALE GRADE 8 SCHOOL NANGA MWANANGOMBE GRADE SECONDARY 56 MAZI24/01/263 MERVIS BENNY MWIINGA FEMALE 10 SCHOOL NANGA GRADE SECONDARY 57 MAZI24/01/264 SITUMBEKQ MUHAU BENNY MWIINGA FEMALE 10 SCHOQL NANGA GRADE SECONDARY 58 MAZI24/01/265 MALESU COLLINS BENNY MWIINGA MALE 10 SCHOOL NKONKOLA SIMUNKOMBWE GRADE SECONDARY 59 MAZI24/01/266 LINETTY BENNY MWIINGA FEMALE 10 SCHOQL NKONKOLA GRADE SECONDARY 60 MAZI24/01/267 CHIKABUKA TALENT BENNY MWIINGA MALE 10 SCHOOL CHASUNTA SECONDARY 61 MAZI24/09/268 BWALYA WAMPA PUBE CHIZOBO FEMALE GRADE 8 SCHOOL GRADE CHIPEPO 62 MAZI24/09/191 KAUNGA VISTOR CHIZOBO MALE 10 SECONDARY COMSAVE PRIVATE 63 MAZI24/01/050 CHEELO CHIPEGO CHIZOBO FEMALE GRADE 8 JA NAL SCHOOL 1 fJbdT MUNT DOUBLE MAZABUKA JJNCIL col ~MP CT 64 MAZ/24/09/269 CLIVE PHIRI CHIZOBO MALE SCHQOL GRAREA 29 JAN CLERK TOWN OF TKE 670022, OFFICE BOX P.o MAZABUKA HILLCREST TECHNICAL 65 MAZI24/09/270 GABRIEL SIASOKWE CHIZOBO MALE GRADE 8 SCHOOL MACHA GIRLS SECONDARY 66 MAZI24/01/047 MALIMAWA MWANSA CHIZOBO FEMALE GRADE 8 SCHOOL MAKOYE BWALYA NATASHA GRADE SECONDARY 67 MAZI24/01/032 SITONGO CHIZOBO FEMALE 10 SCHOOL MAKOYE SECONDARY 68 MAZI24/01/033 KANYAMA MYANDA CHIZOBO FEMALE GRADE 8 SCHOOL MAKOYE GRADE SECONDARY 69 MAZI24/01/034 HANGOMA ISABEL CHIZOBO FEMALE 10 SCHOOL MAKOYE SECONDARY 70 MAZI24/01/040 JELUSA NORMAN CHIZOBO MALE GRADE 8 SCHOOL MAKOYE GRADE SECONDARY 71 MAZI24/01/044 NGANDU EUSTER CHIZOBO FEMALE 10 SCHOQL MAKOYE GRADE SECONDARY 72 MAZI24/01/049 MUNKONZE MICHELO CHIZOBO FEMALE 10 SCHOOL MUNENGA FEMALE SECONDARY 73 MAZI24/09/0335 PHIRI SUNSTAR CHIZOBO 12 SCHOQL GRADE MUNSANGU 74 MAZI24/09/190 CHIDWA FLORENCE CHIZOBO FEMALE 11 SECONDARY MUNSANGU GRADE SECONDARY 75 MAZI24/01/041 MWANZA MERITY CHIZOBO FEMALE 10 SCHOOL MUNSANGU GRADE SECONDARY 76 MAZI24/01/042 MUKONDE COLLINESS CHIZOBO FEMALE 10 SCHOOL MUNSANGU GRADE SECONDARY 77 MAZI24/01/043 CHEELO BAYNESS CHIZOBO FEMALE 10 SCHOOL MUNSANGU GRADE SECONDARY 78 MAZI24/01/045 MAILA RONARD CHIZOBO MALE 10 SCHOOL MUNSANGU GRADE SECONDARY 79 MAZI24/01/046 MICHELO EMMANWELL CHIZOBO MALE 10 SCHOOL MUNSANGU GRADE SECONDARY 80 MAZI24/01/048 MBETA LYNN CHIZOBO FEMALE 10 SCHOOL ZAMB MUNSANGU HAMOONGA MUTINTA LC pr SECONDARY 81 MAZI24/01/051 WINNIE CHIZOBO FEMALE L GRADEB | 8 SCHOQL MAZA co MUNSANGU GRAQE SECONDARY 82 MAZ/24/09/271 NYANGA STEVE CHIZOBO MALEY_JAR16 ~SCHOQL TOWN THE 670022, OF BOX OFFICE P.O; MAZABUKA MUNSANGU MALE SECONDARY 83 MAZI24/09/0336 SIABULA PATRICK CHIZOBO 10 SCHOOL NANGA SECONDARY 84 MAZI24/01/030 CHANDA PATRICK CHIZOBO MALE GRADE 8 SCHOOL NANGA GRADE SECONDARY 85 MAZI24/01/035 MAINGAILA PHINIUS CHIZOBQ MALE 10 SCHOOL NANGA GRADE SECONDARY 86 MAZI24/01/036 CHINKULI IVY CHIZOBO FEMALE 10 SCHOQL NANGA GRADE SECONDARY 87 MAZI24/01/037 SIACHISANI LUYANDO CHIZOBO FEMALE 10 SCHOOL NANGA GRADE SECONDARY 88 MAZI24/01/039 MUNGO JOHN CHIZOBO MALE 10 SCHOOL NIKO GIRLS TECHNICAL SECONDARY 89 MAZI24/01/038 TAIZYA BANDA CHIZOBO FEMALE GRADE 8 SCHOOL NJASE GIRLS SECONDARY 90 MAZI24/09/272 INUTU LUBINDA CHIZOBO FEMALE GRADE 9 SCHOOL NKONKOLA FEMALE SECONDARY 91 MAZI24/09/0333 MWANSA MODESTER CHIZOBO 10 SCHOOL NKONKOLA FEMALE SECONDARY 92 MAZI24/09/0334 MUTINTA ANNABELL CHIZOBO 8 SCHOOL NKONKOLA MALE SECONDARY 93 MAZI24/09/0337 KALAPA NICKSON CHIZOBO 10 SCHOOL GRADE PEMBA 94 MAZI24/09/192 MAIMBO MAKANI CHIZOBO MALE 12 SECONDARY ST CANISIUS CHANDA JEOFFREY GRADE SECONDARY 95 MAZI24/09/273 KABAYE CHIZOBO MALE 10 SCHOOL HAMOONGA MUTINTA 96 MAZI24/01/031 WINNIE CHIZOBO FEMALE GRADE 8 CHASUNTA FEMALE SECONDARY 97 MAZI24/06/0338 BANDA NORAH KAONGA 10 SCHOQL CHIKANKATA SECONDARY 98 MAZI24/06/052 HAPEYA JUSTINE KAONGA MALE GRADE 8 SCHOOL CHIKANKATA CALEB HERBERT ~GRADE A | SECONDARY 99 MAZI24/06/053 KAMUHUZA KAONGA JALEEkGz Eotschooi ToTg DAVID CHIYOMBWE JOSHUA KAUND GRADE0A; 100 MAZI24/06/056 LUMUNO KAONGA MALELL NATIONAL GFTHE 7OWNTCLERK OFFICE BOX 670022, P.0 MAZABUKA STEM SECONDARY SCHOOL JEMBO MAAMBO MUSUSA GRADE SECONDARY 101 MAZI24/06/055 CLIMATE KAONGA MALE 10 SCHOQL KAUMBA SECONDARY 102 MAZI24/06/235 BANDA SAMUEL KAONGA MALE GRADE 9 SCHOOL KAUMBA MALE SECONDARY 103 MAZI24/06/0341 CHEEPA BENSON KAONGA 10 SCHOOL LUFWANYAMA CHOMBA BENJAMIN SECONDARY 104 MAZI24/06/054 KABWE KAONGA MALE GRADE 8 SCHOQL MUNENGA FEMALE SECONDARY 105 MAZI24/06/0339 ELIZABETH MUKOSIKU KAONGA 10 SCHOOL MUNENGA MALE SECONDARY 106 MAZI24/06/0340 LEYMAN MUNACHIKUBE KAONGA 11 SCHOQL NJASE GIRLS' SECONDARY 107 MAZI24/06/057 HAKALIMA MAIMBO KAONGA FEMALE GRADE 8 SCHOOL BATOKA SECONDARY 108 MAZI24/07/065 MUUNDA SINKUYU LUBOMBO FEMALE GRADE 8 SCHOOL CHIKANKATA 109 MAZI24/07/186 MUNTANGA CHOOLWE LUBOMBO FEMALE GRADE 9 SECONDARY CHIKANKATA 110 MAZ/24/07/188 MUNALI MERCY LUBOMBO FEMALE GRADE 9 SECONDARY CHIKANKATA SECONDARY 111 MAZI24/07/064 AUSTIN NGANDU LUBOMBO MALE GRADE 8 SCHOOL CHIKANKATA SECONDARY 112 MAZI24/07/067 TALENT MUNANDIMBWE LUBOMBO FEMALE GRADE 8 SCHOOL CHIKANKATA SECONDARY 113 MAZI24/07/077 NG ANDU ANDREW LUBOMBO MALE GRADE 8 SCHOOL CHIKANKATA SECONDARY 114 MAZI24/07/080 MWEEMBA LUSA LUBOMBO FEMALE GRADE 8 SCHOOL CHIKANKATA SECONDARY 115 MAZI24/07/081 NZILA SUNFORD LUBOMBO MALE GRADE 8 SCHOOL CHIKANKATA SECONDARY 116 MAZI24/07/083 MTHI TRACY CHILOMBO LUBOMBO FEMALE GRADE 8 SCHOOL CHIKANKATA GRADE SECONDARY 117 MAZI24/07/281 CHIKACHI LUYANDO LUBOMBO 3LZ DH ZASCHOQL MAZABURA MUMICTPAL COUNCIL 29 JAN 2024 OFFICE OF THE TOWN CLERK PO BOX 670022, MAZABUKA CHIPEPO GRADE SECONDARY 118 MAZI24/07/274 SILUONDE ALLAN LUBOMBO M 10 SCHOOL CHIPEPO MALE SECONDARY 119 MAZI24/07/0347 SILUONDE ALLAN LUBOMBO 10 SCHOOL MACHA GIRLS SECONDARY 120 MAZI24/07/058 RICAH MOONO LUBOMBO FEMALE GRADE 8 SCHOOL MAKOYE GRADE SECONDARY 121 MAZI24/07/063 GIFT NGANDU LUBOMBO MALE 10 SCHOQL MAKOYE SECONDARY 122 MAZI24/07/070 EMMANUEL KANYAMA LUBOMBO MALE GRADE 8 SCHOOL MAKOYE SECONDARY 123 MAZI24/07/086 CHINIMBA MILIMO LUBOMBO MALE GRADE 8 SCHOQL MAKOYE MALE SECONDARY 124 MAZI24/07/0345 NYAMBA HERBERT LUBOMBO 10 SCHOQL MAZABUKA GIRLS GRADE SECONDARY 125 MAZI24/07/092 SHIHOKA BEATRICE LUBOMBO FEMALE 10 SCHOOL MONZE BOARDING 126 MAZI24/07/185 MYOBA DAVERY LUBOMBO MALE GRADE 9 SECONDARY MONZE BOARDING 127 MAZI24/07/187 CHIKACHI BENNY LUBOMBO MALE GRADE 9 SECONDARY MUNENGA FEMALE SECONDARY 128 MAZ/24/07/0342 MULEYA PIMPA LUBOMBO 10 SCHOQL MUNENGA FEMALE SECONDARY 129 MAZI24/07/0344 HANGOMBE NILIMO LUBOMBO 10 SCHOOL MUNSANGU GRADE SECONDARY 130 MAZI24/07/103 HAMPANDE CHIPEGO LUBOMBO FEMALE 10 SCHOOL NAMWALA SECONDARY 131 MAZI24/07/082 MUSOKA KEZIAH LUBOMBO FEMALE GRADE 8 SCHOOL NAMWALA GRADE SECONDARY 132 MAZI24/07/085 MANTANINA DENNY LUBOMBO MALE 10 SCHOOL NAMWALA MALE SECONDARY 133 MAZI24/07/0343 CHEELO ROBSON LUBOMBO 11 SCHOOL Rcr 134 MAZI24/07/181 NGANDU NAMWEETE LUBOMBO FEMALE | GRADE 9_ EsecoNarY CouNchz NANGA 135 MAZI24/07/182 MWEEMBA LUSE LUBOMBO FEMALE GRADE 9 SECONDARY 2y JAN 2024 OFFICE OF THETOWN CLERK P.o. BOX 670022, MAZABUKA GRADE NANGA 136 MAZ/24/07/183 MWEEMBA ANNA LUBOMBO FEMALE 12 SECONDARY NANGA 137 MAZI24/07/184 CHULA EUNICE LUBOMBO FEMALE GRADE 9 SECONDARY NANGA GRADE SECONDARY 138 MAZI24/07/059 VISENGA CHUCK LUBOMBO MALE 10 SCHOOL NANGA GRADE SECONDARY 139 MAZI24/07/061 CLANCY CHUUGWA LUBOMBO FEMALE 10 SCHOOL NANGA SECONDARY 140 MAZI24/07/062 RITAH NGANDU LUBOMBO FEMALE GRADE 8 SCHOOL NANGA SECONDARY 141 MAZI24/07/066 ABIGAIL MWAUKUKA LUBOMBO FEMALE GRADE 8 SCHOOL NANGA SECONDARY 142 MAZI24/07/069 MAXMO MOONGA LUBOMBO MALE GRADE 8 SCHOOL NANGA SECONDARY 143 MAZI24/07/071 NKAUSU LWIITO LUBOMBO MALE GRADE 8 SCHOOL NANGA SECONDARY 144 MAZI24/07/072 NKAUSU RETISHA LUBOMBO FEMALE GRADE 8 SCHOOL NANGA SECONDARY 145 MAZI24/07/074 CHIBALA EURITA LUBOMBO FEMALE GRADE 9 SCHOOL NANGA SECONDARY 146 MAZI24/07/076 KALONGA GRACE LUBOMBO FEMALE GRADE 8 SCHOOL NANGA SECONDARY 147 MAZI24/07/084 NATALA STEVE LUBOMBO MALE GRADE 8 SCHOOL NANGA GRADE SECONDARY 148 MAZI24/07/087 CHIINYA SIMON LUBOMBO MALE 10 SCHOOL NANGA GRADE SECONDARY 149 MAZI24/07/088 MWEENE MERCY LUBOMBO FEMALE 10 SCHOOL NANGA GRADE SECONDARY 150 MAZI24/07/089 CHINKULI OREEN LUBOMBO FEMALE 10 SCHOOL NANGA GRADE SECONDARY 151 MAZI24/07/091 HAMEENDA MELODY LUBOMBO FEMALE 10 SCHOOL NANGA GRADE SECONDARY 152 MAZI24/07/093 MWIINGA OWEN LUBOMBO MALE 10 SCHQQL 07 ZAM 1TT LNANGA RErubLic MUNICPAI MAZABUKA SECONDARY 153 MAZI24/07/094 PASKALE FRACINA LUBOMBO FEMALE EGRADE 8 SCHOOL 29 JAN 2024 TOWN CLERK OFFICE SF FOE 670022, P.O; BOX MAZAEUKA NANGA GRADE SECONDARY 154 MAZI24/07/095 CHEELQ CHRISTONE LUBOMBO MALE 10 SCHOOL NANGA GRADE SECONDARY 155 MAZI24/07/096 NALONDA SHIRAZY LUBOMBO_ FEMALE 10 SCHOOL NANGA GRADE SECONDARY 156 MAZI24/07/097 MULEYA BANJI LUBOMBO FEMALE 10 SCHOQL NANGA GRADE SECONDARY 157 MAZI24/07/098 SIMBAYL SHARON LUBOMBO FEMALE 10 SCHOOL NANGA GRADE SECONDARY 158 MAZI24/07/099 CHINKULI PHILIP LUBOMBO MALE 10 SCHOOL NANGA GRADE SECONDARY 159 MAZI24/07/10O MWELWA NANCY LUBOMBO FEMALE 10 SCHOOL NANGA GRADE SECONDARY 160 MAZI24/07/101 MUMBA MSHECK LUBOMBO MALE 10 SCHOOL NANGA GRADE SECONDARY 161 MAZI24/07/102 MWEEMBA MILIMO LUBOMBO FEMALE 11 SCHOOL NANGA SECONDARY 162 MAZI24/07/275 LWAANO BEENZU LUBOMBO M GRADE 8 SCHOOL NANGA SECONDARY 163 MAZI24/07/276 MABETA PLAYSON LUBOMBO M GRADE 8 SCHOOL NANGA GRADE SECONDARY 164 MAZI24/07/277 KAGOLO TWIDMAN LUBOMBO M 10 SCHOOL NANGA GRADE SECONDARY 165 MAZI24/07/278 CHIWELE OSCAR LUBOMBO M 10 SCHOOL NANGA GRADE SECONDARY 166 MAZI24/07/279 NGOMA RUTH LUBOMBO F 10 SCHOQL NANGA GRADE SECONDARY 167 MAZI24/07/280 MALAMBO_NCHIMUNYA LUBOMBO 10 SCHOOL NANGA GRADE SECONDARY 168 MAZI24/07/282 CHIBALA MELODY LUBOMBO F 10 SCHOOL NANGA GRADE SECONDARY 169 MAZI24/07/283 KALIBWE MWAKOI LUBOMBO F 10 SCHOQL NANGA FEMALE SECONDARY 170 MAZI24/07/0346 CHOONYA PRISCA LUBOMBO BLuL8_2L Z4 SCHOQL MNL MAEzouN4NJASE GIRLS 171 MAZI24/07/189 LUNGU JOSSY LUBOMBO FEMALE GRADE 9 SECONDARY 9 JAN 2024 OFTHE 7OWNCLERK OFFICE.8 BoX 670022, MAZABUKA NKONKOLA GRADE SECONDARY 172 MAZI24/07/078 NTHELE RUTH LUBOMBO FEMALE 10 SCHOQL PEMBA SECONDARY 173 MAZI24/07/068 BUBALA NATALA LUBOMBO MALE GRADE 8 SCHOOL RUSANGU SECONDARY 174 MAZI24/07/075 KASAMBA BEENZU LUBOMBO MALE GRADE 8 SCHOQL RUSANGU GRADE SECONDARY 175 MAZI24/07/090 MWEEMBA NCHIMUNYA LUBOMBO FEMALE 10 SCHOOL SIKALONGO SECONDARY 176 MAZI24/07/073 MVULA RABECCA LUBOMBO FEMALE GRADE 8 SCHOOL SIKALONGO SECONDARY 177 MAZI24/07/079 MANDEVU CHEEBELWA LUBOMBO FEMALE GRADE 8 SCHOOL GRADE 178 MAZI24/07/060 EMMANUEL HANGOMA LUBOMBO MALE 10 KAUMBA MAZABUKA GRADE SECONDARY 179 MAZI24/04/284 SIKABALU BLESSINGS CENTRAL FEMALE 11 SCHOOL NJASE GIRLS MAZABUKA GRADE SECONDARY 180 MAZI24/04/285 MUKETOI MUSA CENTRAL FEMALE 10 SCHOOL NJASE GIRLS MAZABUKA GRADE SECONDARY 181 MAZI24/04/286 MUKETOI MUHAU CENTRAL FEMALE 10 SCHOOL BATOKA MAZABUKA GRADE SECONDARY 182 MAZI24/04/112 MUNYANGA BRANDINA CENTRAL FEMALE 10 SCHOOL BATOKA MAZABUKA SECONDARY 183 MAZI24/04/114 MUYNYANGA ABGIRL CENTRAL FEMALE GRADE 8 SCHOOL BATOKA MAZABUKA SECONDARY 184 MAZI24/04/125 PHIRI DORCAS CENTRAL FEMALE GRADE 8 SCHOOL BATOKA MAZABUKA GRADE SECONDARY 185 MAZI24/04/231 BULAWAYQ ANGELA CENTRAL FEMALE 11 SCHOOL CANISIUS MAZABUKA MALE SECONDARY 186 MAZ/24/04/0352 SINDOWE MUSEMO CENTRAL 10 SCHOOL CHIKANKATA MAZABUKA FEMALE SECONDARY 187 MAZI24/04/0353 SINDOWE BETHEL CENTRAL 8 SCHOOL CHIKANKATA CHAZELENGANA MAZABUKA FEMALE SECONDARY 188 MAZI24/04/0370 NCHIMUNYA CENTRAL 12 SCHOOL o; Zmet AAICHIKANKATA MAZABUKA Fcr MAMALEk | MUNICIPI SECONDARY 189 MAZI24/04/0374 NDULWA MIKE CENTRAL cOINCIL ~SCHOOL JAN 2024 'Ly CLERX TOWN OF THE 670022, OFFICE BOX Po MAZABUKA CHISEKESI MAZABUKA SECONDARY 190 MAZI24/04/127 KANYANGA JOYCE CENTRAL FEMALE GRADE 8 SCHOOL MAZABUKA GRADE CHOMA 191 MAZI24/04/232 KUMWENDA WEZI CENTRAL MALE 11 SECONDARY HILLCREST BOYS NATIONAL STEM MAZABUKA GRADE SECONDARY 192 MAZI24/04/120 MUTUMBA MARK CENTRAL MALE 10 SCHOOL KAPIRI GIRLS NATIONAL MOONGA AGNESS MAZABUKA STEM 193 MAZI24/04/11O CHOOLWE CENTRAL FEMALE GRADE 8 SCHOOL KAPIRI GIRLS NATIONAL MWEENE CHUMA MAZABUKA STEM 194 MAZI24/04/116 LWEENDO CENTRAL FEMALE GRADE 8 SCHOOL KAUMBA MAZABUKA SECONDARY 195 MAZI24/04/122 SHIBWANGA STACY CENTRAL FEMALE GRADE 8 SCHOOL KAUMBA MAZABUKA MALE SECONDARY 196 MAZI24/04/0351 SIANJOKA ACCESS CENTRAL 8 SCHOOL KEEMBA HILL MAZABUKA FEMALE SECONDARY 197 MAZI24/04/0375 MWEENE MIRRIAM CENTRAL SCHOOL KEEMBA HILL MAZABUKA MALE SECONDARY 198 MAZI24/04/0376 MWEENE CHOBOTA CENTRAL 10 SCHOOL MACHA MAZABUKA GRADE SECONDARY 199 MAZI24/04/104 MUCHELEMBA HARIETY CENTRAL FEMALE 10 SCHOOL MAZABUKA MAKOYE 200 MAZI24/04/217 MUDAALA TWAAMBO CENTRAL FEMALE GRADE 9 SECONDARY MAZABUKA GRADE MAKOYE 201 MAZI24/04/224 PHIRI JANE CENTRAL FEMALE 12 SECONDARY MAZABUKA MAKOYE 202 MAZI24/04/227 MOONGA WEBSTER CENTRAL FEMALE GRADE 9 SECONDARY MAKOYE MAZABUKA SECONDARY"|0|ocr
CDF-2024-SUCCESSFUL-APPLICANTS-FOR-SECONDARYSCHOOL-BURSARIES-MAZABUKA-CENTRAL.pdf|2024|Mazabuka Central|secondary_school_bursary|203|MAZI24/04/113 MUYUMBA MERCY CENTRAL FEMALE GRADE 8 SCHOOL MAKOYE MAZABUKA SECONDARY|11|ocr
CDF-2024-SUCCESSFUL-APPLICANTS-FOR-SECONDARYSCHOOL-BURSARIES-MAZABUKA-CENTRAL.pdf|2024|Mazabuka Central|secondary_school_bursary|204|MAZI24/04/118 HALUMBA CHILELEKO CENTRAL MALE GRADE 8 SCHOOL MAKOYE MAZABUKA SECONDARY|11|ocr
CDF-2024-SUCCESSFUL-APPLICANTS-FOR-SECONDARYSCHOOL-BURSARIES-MAZABUKA-CENTRAL.pdf|2024|Mazabuka Central|secondary_school_bursary|205|MAZI24/04/126 MUYUMBA MERCY CENTRAL FEMALE GRADE 8 SCHOOL MAKOYE MAZABUKA dr K GRADEA SECONDARY Froblic|11|ocr
CDF-2024-SUCCESSFUL-APPLICANTS-FOR-SECONDARYSCHOOL-BURSARIES-MAZABUKA-CENTRAL.pdf|2024|Mazabuka Central|secondary_school_bursary|206|MAZI24/04/287 MAKAI LISA CENTRAL MEABEKA 10 SCHOOL coukel JAN 2024 9 CLERX THE TOWN OFFICE OF 670022, P.O. BOX MAZABUKA MAKOYE MAZABUKA FEMALE SECONDARY|11|ocr
CDF-2024-SUCCESSFUL-APPLICANTS-FOR-SECONDARYSCHOOL-BURSARIES-MAZABUKA-CENTRAL.pdf|2024|Mazabuka Central|secondary_school_bursary|207|MAZI24/04/0354 HANGOMA SHANICE CENTRAL 8 SCHOOL MAKOYE MAZABUKA FEMALE SECONDARY|12|ocr
CDF-2024-SUCCESSFUL-APPLICANTS-FOR-SECONDARYSCHOOL-BURSARIES-MAZABUKA-CENTRAL.pdf|2024|Mazabuka Central|secondary_school_bursary|208|MAZI24/04/0358 MULANGU GRACE CENTRAL 8 SCHOOL MAKOYE MAZABUKA MALE SECONDARY|12|ocr
CDF-2024-SUCCESSFUL-APPLICANTS-FOR-SECONDARYSCHOOL-BURSARIES-MAZABUKA-CENTRAL.pdf|2024|Mazabuka Central|secondary_school_bursary|209|MAZI24/04/0359 MWEEMBA MOSES CENTRAL 8 SCHOOL MAKOYE MAZABUKA FEMALE SECONDARY|12|ocr
CDF-2024-SUCCESSFUL-APPLICANTS-FOR-SECONDARYSCHOOL-BURSARIES-MAZABUKA-CENTRAL.pdf|2024|Mazabuka Central|secondary_school_bursary|210|MAZI24/04/0360 MULANGU CHOOLWE CENTRAL SCHOQL MASUKU MAZABUKA FEMALE SECONDARY|12|ocr
CDF-2024-SUCCESSFUL-APPLICANTS-FOR-SECONDARYSCHOOL-BURSARIES-MAZABUKA-CENTRAL.pdf|2024|Mazabuka Central|secondary_school_bursary|211|MAZI24/04/0373 NGAMBI ELIZABETH CENTRAL 8 SCHOOL MONZE MAZABUKA GRADE BOARDING|12|ocr
CDF-2024-SUCCESSFUL-APPLICANTS-FOR-SECONDARYSCHOOL-BURSARIES-MAZABUKA-CENTRAL.pdf|2024|Mazabuka Central|secondary_school_bursary|212|MAZI24/04/219 ZULU ESNART CENTRAL FEMALE 11 SECONDARY MONZE MAZABUKA BOARDING|12|ocr
CDF-2024-SUCCESSFUL-APPLICANTS-FOR-SECONDARYSCHOOL-BURSARIES-MAZABUKA-CENTRAL.pdf|2024|Mazabuka Central|secondary_school_bursary|213|MAZI24/04/214 CHILUMBL EDSON CENTRAL MALE GRADE 9 SECONDARY MONZE MAZABUKA GRADE BOARDING|12|ocr
CDF-2024-SUCCESSFUL-APPLICANTS-FOR-SECONDARYSCHOOL-BURSARIES-MAZABUKA-CENTRAL.pdf|2024|Mazabuka Central|secondary_school_bursary|214|MAZI24/04/218 PHIRI AARON CENTRAL MALE 11 SECONDARY MONZE BOARDING MAZABUKA SECONDARY|12|ocr
CDF-2024-SUCCESSFUL-APPLICANTS-FOR-SECONDARYSCHOOL-BURSARIES-MAZABUKA-CENTRAL.pdf|2024|Mazabuka Central|secondary_school_bursary|215|MAZI24/04/1O5 MWEEMBA KAULA CENTRAL MALE GRADE 8 SCHOOL MONZE BOARDING MALE MAZABUKA SECONDARY|12|ocr
CDF-2024-SUCCESSFUL-APPLICANTS-FOR-SECONDARYSCHOOL-BURSARIES-MAZABUKA-CENTRAL.pdf|2024|Mazabuka Central|secondary_school_bursary|216|MAZI24/04/0348 MAKAI MUKONDA CENTRAL 10 SCHOOL MAZABUKA GRADE MUNENGA|12|ocr
CDF-2024-SUCCESSFUL-APPLICANTS-FOR-SECONDARYSCHOOL-BURSARIES-MAZABUKA-CENTRAL.pdf|2024|Mazabuka Central|secondary_school_bursary|217|MAZI24/041222 MUUNGO ENITAH CENTRAL FEMALE 10 SECONDARY MAZABUKA GRADE MUNENGA|12|ocr
CDF-2024-SUCCESSFUL-APPLICANTS-FOR-SECONDARYSCHOOL-BURSARIES-MAZABUKA-CENTRAL.pdf|2024|Mazabuka Central|secondary_school_bursary|218|MAZI24/04/225 MUUNGO MOONO CENTRAL FEMALE 11 SECONDARY MAZABUKA MUNENGA|12|ocr
CDF-2024-SUCCESSFUL-APPLICANTS-FOR-SECONDARYSCHOOL-BURSARIES-MAZABUKA-CENTRAL.pdf|2024|Mazabuka Central|secondary_school_bursary|219|MAZI24/04/226 MUUNGO MIYOBA CENTRAL FEMALE GRADE 9 SECONDARY MAZABUKA MUNENGA|12|ocr
CDF-2024-SUCCESSFUL-APPLICANTS-FOR-SECONDARYSCHOOL-BURSARIES-MAZABUKA-CENTRAL.pdf|2024|Mazabuka Central|secondary_school_bursary|220|MAZI24/04/223 SINDOWE MUSEMO CENTRAL MALE GRADE 9 SECONDARY MUNENGA MUCHANGA WANDIPA MAZABUKA SECONDARY|12|ocr
CDF-2024-SUCCESSFUL-APPLICANTS-FOR-SECONDARYSCHOOL-BURSARIES-MAZABUKA-CENTRAL.pdf|2024|Mazabuka Central|secondary_school_bursary|221|MAZI24/04/106 CHININGA CENTRAL FEMALE GRADE 8 SCHOOL MUNENGA MALAWO MUSONDA MAZABUKA SECONDARY|12|ocr
CDF-2024-SUCCESSFUL-APPLICANTS-FOR-SECONDARYSCHOOL-BURSARIES-MAZABUKA-CENTRAL.pdf|2024|Mazabuka Central|secondary_school_bursary|222|MAZI24/04/1O07 GEORGE CENTRAL MALE GRADE 8 SCHOOL MUNENGA MAZABUKA GRADE 0 A SECONDARY|12|ocr
CDF-2024-SUCCESSFUL-APPLICANTS-FOR-SECONDARYSCHOOL-BURSARIES-MAZABUKA-CENTRAL.pdf|2024|Mazabuka Central|secondary_school_bursary|223|MAZI24/04/109 MWAPE ANGELA CENTRAL FEMALElo: PA1cL AL SCHOOL AZARURT pNCiL MUNENGA MAZABUKA co GRADE SECONDARY|12|ocr
CDF-2024-SUCCESSFUL-APPLICANTS-FOR-SECONDARYSCHOOL-BURSARIES-MAZABUKA-CENTRAL.pdf|2024|Mazabuka Central|secondary_school_bursary|224|MAZI24/04/117 HAMAKOKO MARIA CENTRAL EMALE 4024 SCHOQL Ty JAN CLERX TOWN OF THE 670022, OFFICE BOX P.o. MAZABUKA MUNENGA MAZABUKA SECONDARY|12|ocr
CDF-2024-SUCCESSFUL-APPLICANTS-FOR-SECONDARYSCHOOL-BURSARIES-MAZABUKA-CENTRAL.pdf|2024|Mazabuka Central|secondary_school_bursary|225|MAZI24/04/124 MULOPA DERRICK CENTRAL MALE GRADE 8 SCHOQL MUNENGA MAZABUKA SECONDARY|13|ocr
CDF-2024-SUCCESSFUL-APPLICANTS-FOR-SECONDARYSCHOOL-BURSARIES-MAZABUKA-CENTRAL.pdf|2024|Mazabuka Central|secondary_school_bursary|226|MAZ/24/04/111 MULOPA DERRICK CENTRAL MALE GRADE 8 SCHOOL MUNENGA MAZABUKA FEMALE SECONDARY|13|ocr
CDF-2024-SUCCESSFUL-APPLICANTS-FOR-SECONDARYSCHOOL-BURSARIES-MAZABUKA-CENTRAL.pdf|2024|Mazabuka Central|secondary_school_bursary|227|MAZI24/04/0349 MUYUNDA GRACE CENTRAL SCHOQL MUNENGA MAZABUKA MALE SECONDARY|13|ocr
CDF-2024-SUCCESSFUL-APPLICANTS-FOR-SECONDARYSCHOOL-BURSARIES-MAZABUKA-CENTRAL.pdf|2024|Mazabuka Central|secondary_school_bursary|228|MAZI24/04/0378 KAMBELI JOHN CENTRAL 10 SCHOOL MUNENGA MAZABUKA MALE SECONDARY|13|ocr
CDF-2024-SUCCESSFUL-APPLICANTS-FOR-SECONDARYSCHOOL-BURSARIES-MAZABUKA-CENTRAL.pdf|2024|Mazabuka Central|secondary_school_bursary|229|MAZI24/04/0379 KAMBELI COLLETY CENTRAL 10 SCHOOL MUNSANGU MAZABUKA SECONDARY|13|ocr
CDF-2024-SUCCESSFUL-APPLICANTS-FOR-SECONDARYSCHOOL-BURSARIES-MAZABUKA-CENTRAL.pdf|2024|Mazabuka Central|secondary_school_bursary|230|MAZI24/04/288 MUBAMBA STEVE CENTRAL M GRADE 8 SCHOOL MUNSANGU MAZABUKA FEMALE SECONDARY|13|ocr
CDF-2024-SUCCESSFUL-APPLICANTS-FOR-SECONDARYSCHOOL-BURSARIES-MAZABUKA-CENTRAL.pdf|2024|Mazabuka Central|secondary_school_bursary|231|MAZI24/04/0350 MALISAWA LILLIAN CENTRAL 10 SCHOOL MUNSANGU MAZABUKA MALE SECONDARY|13|ocr
CDF-2024-SUCCESSFUL-APPLICANTS-FOR-SECONDARYSCHOOL-BURSARIES-MAZABUKA-CENTRAL.pdf|2024|Mazabuka Central|secondary_school_bursary|232|MAZI24/04/0356 MUBAMBE STEVE CENTRAL 8 SCHOOL MUNSANGU HAANOABILE MAZABUKA MALE SECONDARY|13|ocr
CDF-2024-SUCCESSFUL-APPLICANTS-FOR-SECONDARYSCHOOL-BURSARIES-MAZABUKA-CENTRAL.pdf|2024|Mazabuka Central|secondary_school_bursary|233|MAZI24/04/0361 SILVESTER CENTRAL 11 SCHOOL MUNSANGU MAZABUKA MALE SECONDARY|13|ocr
CDF-2024-SUCCESSFUL-APPLICANTS-FOR-SECONDARYSCHOOL-BURSARIES-MAZABUKA-CENTRAL.pdf|2024|Mazabuka Central|secondary_school_bursary|234|MAZI24/04/0362 KALUSHA CLODIAS CENTRAL 10 SCHOOL MUNSANGU MAZABUKA FEMALE SECONDARY|13|ocr
CDF-2024-SUCCESSFUL-APPLICANTS-FOR-SECONDARYSCHOOL-BURSARIES-MAZABUKA-CENTRAL.pdf|2024|Mazabuka Central|secondary_school_bursary|235|MAZI24/04/0363 HALYOONDA DORIS CENTRAL 10 SCHOOL MUNSANGU MAZABUKA FEMALE SECONDARY|13|ocr
CDF-2024-SUCCESSFUL-APPLICANTS-FOR-SECONDARYSCHOOL-BURSARIES-MAZABUKA-CENTRAL.pdf|2024|Mazabuka Central|secondary_school_bursary|236|MAZI24/04/0364 CHIINDA PHALES CENTRAL 10 SCHOOL MUNSANGU MAZABUKA MALE SECONDARY|13|ocr
CDF-2024-SUCCESSFUL-APPLICANTS-FOR-SECONDARYSCHOOL-BURSARIES-MAZABUKA-CENTRAL.pdf|2024|Mazabuka Central|secondary_school_bursary|237|MAZI24/04/0365 KANJUYE LAWRENCE CENTRAL 10 SCHOOL MUNSANGU MAZABUKA MALE SECONDARY|13|ocr
CDF-2024-SUCCESSFUL-APPLICANTS-FOR-SECONDARYSCHOOL-BURSARIES-MAZABUKA-CENTRAL.pdf|2024|Mazabuka Central|secondary_school_bursary|238|MAZI24/04/0366 KANJUYE MWEEMBA CENTRAL 10 SCHOOL MUNSANGU MAZABUKA FEMALE SECONDARY|13|ocr
CDF-2024-SUCCESSFUL-APPLICANTS-FOR-SECONDARYSCHOOL-BURSARIES-MAZABUKA-CENTRAL.pdf|2024|Mazabuka Central|secondary_school_bursary|239|MAZI24/04/0367 MWEEMBA CATHERINE CENTRAL 10 SCHOOL MUNSANGU MAZABUKA FEMALE SECONDARY|13|ocr
CDF-2024-SUCCESSFUL-APPLICANTS-FOR-SECONDARYSCHOOL-BURSARIES-MAZABUKA-CENTRAL.pdf|2024|Mazabuka Central|secondary_school_bursary|240|MAZI24/04/0368 HAKOOLA PRECIOUS CENTRAL 12 SCHOQL MUNSANGU MAZABUKA MALE SECONDAR|13|ocr
CDF-2024-SUCCESSFUL-APPLICANTS-FOR-SECONDARYSCHOOL-BURSARIES-MAZABUKA-CENTRAL.pdf|2024|Mazabuka Central|secondary_school_bursary|241|"MAZI24/04/0369 HACHIFWA TWAAMBO CENTRAL LL8 Of o44A ScHooL TC"" MAZABUKA CHISANGANO MAZABUKA GRADE c AnD NAMWALA"|13|ocr
CDF-2024-SUCCESSFUL-APPLICANTS-FOR-SECONDARYSCHOOL-BURSARIES-MAZABUKA-CENTRAL.pdf|2024|Mazabuka Central|secondary_school_bursary|242|MAZI24/04/228 TRANSWEL CENTRAL MALE 11 SECONDARY 22y JAN 2024 TOWN CLERK OFFICE OF THE 670022, P.O BOX MAZABUKA NAMWALA MAZABUKA MALE SECONDARY|13|ocr
CDF-2024-SUCCESSFUL-APPLICANTS-FOR-SECONDARYSCHOOL-BURSARIES-MAZABUKA-CENTRAL.pdf|2024|Mazabuka Central|secondary_school_bursary|243|MAZI24/04/0371 SIKANYIKA GIVEN CENTRAL SCHOOL NDOLA GIRLS NATIONAL FEMALE MAZABUKA STEM|14|ocr
CDF-2024-SUCCESSFUL-APPLICANTS-FOR-SECONDARYSCHOOL-BURSARIES-MAZABUKA-CENTRAL.pdf|2024|Mazabuka Central|secondary_school_bursary|244|MAZI24/04/0372 GOMO TENDAI CENTRAL 8 SCHOOL NJASE GIRLS MAZABUKA SECONDARY|14|ocr
CDF-2024-SUCCESSFUL-APPLICANTS-FOR-SECONDARYSCHOOL-BURSARIES-MAZABUKA-CENTRAL.pdf|2024|Mazabuka Central|secondary_school_bursary|245|MAZI24/04/115 BANDA SALOME CENTRAL FEMALE GRADE 8 SCHOOL NKONKOLA MAZABUKA GRADE SECONDARY|14|ocr
CDF-2024-SUCCESSFUL-APPLICANTS-FOR-SECONDARYSCHOOL-BURSARIES-MAZABUKA-CENTRAL.pdf|2024|Mazabuka Central|secondary_school_bursary|246|MAZI24/04/221 MWEEMBA LWEENDO CENTRAL FEMALE 11 SCHOOL PEMBA MAZABUKA GRADE SECONDARY|14|ocr
CDF-2024-SUCCESSFUL-APPLICANTS-FOR-SECONDARYSCHOOL-BURSARIES-MAZABUKA-CENTRAL.pdf|2024|Mazabuka Central|secondary_school_bursary|247|MAZI24/04/289 NDELEMA TRUST CENTRAL M 10 SCHOOL PEMBA MAZABUKA MALE SECONDARY|14|ocr
CDF-2024-SUCCESSFUL-APPLICANTS-FOR-SECONDARYSCHOOL-BURSARIES-MAZABUKA-CENTRAL.pdf|2024|Mazabuka Central|secondary_school_bursary|248|MAZI24/04/0355 NDELEMA TRUST CENTRAL 10 SCHOOL RUSANGU MAZABUKA SECONDARY|14|ocr
CDF-2024-SUCCESSFUL-APPLICANTS-FOR-SECONDARYSCHOOL-BURSARIES-MAZABUKA-CENTRAL.pdf|2024|Mazabuka Central|secondary_school_bursary|249|MAZI24/04/123 CHILALA JENIPHER CENTRAL FEMALE GRADE 8 SCHOOL SIAVONGA PROVINCIAL STEM MAZABUKA GRADE SECONDARY|14|ocr
CDF-2024-SUCCESSFUL-APPLICANTS-FOR-SECONDARYSCHOOL-BURSARIES-MAZABUKA-CENTRAL.pdf|2024|Mazabuka Central|secondary_school_bursary|250|MAZI24/04/108 MIYANDA VIOLET CENTRAL FEMALE 10 SCHOQL SIAVONGA MAZABUKA GRADE STEM|14|ocr
CDF-2024-SUCCESSFUL-APPLICANTS-FOR-SECONDARYSCHOOL-BURSARIES-MAZABUKA-CENTRAL.pdf|2024|Mazabuka Central|secondary_school_bursary|251|MAZI24/04/220 CHILUFYA EUNICE CENTRAL FEMALE 11 SECONDARY SIAVONGA MAZABUKA GRADE STEM|14|ocr
CDF-2024-SUCCESSFUL-APPLICANTS-FOR-SECONDARYSCHOOL-BURSARIES-MAZABUKA-CENTRAL.pdf|2024|Mazabuka Central|secondary_school_bursary|252|MAZI24/04/229 HAMALEYA NCHIMUNYA CENTRAL FEMALE 11 SECONDARY MAZABUKA GRADE SIKALONGA|14|ocr
CDF-2024-SUCCESSFUL-APPLICANTS-FOR-SECONDARYSCHOOL-BURSARIES-MAZABUKA-CENTRAL.pdf|2024|Mazabuka Central|secondary_school_bursary|253|MAZI24/04/230 MWEEMBA RUTH CENTRAL FEMALE 11 SECONDARY MAZABUKA GRADE SIKALONGO|14|ocr
CDF-2024-SUCCESSFUL-APPLICANTS-FOR-SECONDARYSCHOOL-BURSARIES-MAZABUKA-CENTRAL.pdf|2024|Mazabuka Central|secondary_school_bursary|254|MAZI24/04/216 MWEEMBA RUTH CENTRAL FEMALE 10 SECONDARY SIKALONGO MAZABUKA GRADE SECONDARY|14|ocr
CDF-2024-SUCCESSFUL-APPLICANTS-FOR-SECONDARYSCHOOL-BURSARIES-MAZABUKA-CENTRAL.pdf|2024|Mazabuka Central|secondary_school_bursary|255|MAZ/24/04/290 WAMUNYIMA WAIMBU CENTRAL 10 SCHOOL ST JOSEPH MAZABUKA SECONDARY|14|ocr
CDF-2024-SUCCESSFUL-APPLICANTS-FOR-SECONDARYSCHOOL-BURSARIES-MAZABUKA-CENTRAL.pdf|2024|Mazabuka Central|secondary_school_bursary|256|MAZI24/04/291 HAMBULO FAITH CENTRAL F GRADE 8 SCHOOL ST JOSEPH S MAZABUKA FEMALE SECONDARY|14|ocr
CDF-2024-SUCCESSFUL-APPLICANTS-FOR-SECONDARYSCHOOL-BURSARIES-MAZABUKA-CENTRAL.pdf|2024|Mazabuka Central|secondary_school_bursary|257|MAZI24/04/0357 HAMBULO FAITH CENTRAL SCHOOL MAZABUKA ST JOSEPH'S|14|ocr
CDF-2024-SUCCESSFUL-APPLICANTS-FOR-SECONDARYSCHOOL-BURSARIES-MAZABUKA-CENTRAL.pdf|2024|Mazabuka Central|secondary_school_bursary|258|MAZI24/04/215 PHIRI REGINA CENTRAL FEMALE GRADE 9 SECONDARY MAZABUKA ST JOSEPHS|14|ocr
CDF-2024-SUCCESSFUL-APPLICANTS-FOR-SECONDARYSCHOOL-BURSARIES-MAZABUKA-CENTRAL.pdf|2024|Mazabuka Central|secondary_school_bursary|259|MAZI24/04/233 BIMBE MALUMBO CENTRAL FEMALE GRADE 9 SFGOSEPRS MAZABUKA MAFABURA F TST GRADE 9 / k|14|ocr
CDF-2024-SUCCESSFUL-APPLICANTS-FOR-SECONDARYSCHOOL-BURSARIES-MAZABUKA-CENTRAL.pdf|2024|Mazabuka Central|secondary_school_bursary|260|"MAZI24/04/234 SANGSTER HABEENZU CENTRAL EMALE SECONDARY 'L9 JAN 2024 ""OFTHE TOWN CLERK OFFICE.8F 884,679022, MAZABUKA ST MARKS MAZABUKA MALE SECONDARY"|14|ocr
CDF-2024-SUCCESSFUL-APPLICANTS-FOR-SECONDARYSCHOOL-BURSARIES-MAZABUKA-CENTRAL.pdf|2024|Mazabuka Central|secondary_school_bursary|261|MAZI24/04/0377 KWAMBWA LUMAMBA CENTRAL 8 SCHOOL MAZABUKA|15|ocr
CDF-2024-SUCCESSFUL-APPLICANTS-FOR-SECONDARYSCHOOL-BURSARIES-MAZABUKA-CENTRAL.pdf|2024|Mazabuka Central|secondary_school_bursary|262|MAZI24/04/119 NOOLE MUNG ANDU CENTRAL MALE GRADE 8 MAZABUKA|15|ocr
CDF-2024-SUCCESSFUL-APPLICANTS-FOR-SECONDARYSCHOOL-BURSARIES-MAZABUKA-CENTRAL.pdf|2024|Mazabuka Central|secondary_school_bursary|263|MAZI24/04/121 KANYANGA JOYCE CENTRAL FEMALE GRADE 8 BATOKA GRADE SECONDARY|15|ocr
CDF-2024-SUCCESSFUL-APPLICANTS-FOR-SECONDARYSCHOOL-BURSARIES-MAZABUKA-CENTRAL.pdf|2024|Mazabuka Central|secondary_school_bursary|264|MAZI24/08/241 HANKAMBE MWILA MUGOTO FEMALE 10 SCHOOL BATOKA MALE SECONDARY|15|ocr
CDF-2024-SUCCESSFUL-APPLICANTS-FOR-SECONDARYSCHOOL-BURSARIES-MAZABUKA-CENTRAL.pdf|2024|Mazabuka Central|secondary_school_bursary|265|MAZI24/04/0384 HABEENZU MILIMO MUGOTO 10 SCHOOL CHIKANKATA GRADE SECONDARY|15|ocr
CDF-2024-SUCCESSFUL-APPLICANTS-FOR-SECONDARYSCHOOL-BURSARIES-MAZABUKA-CENTRAL.pdf|2024|Mazabuka Central|secondary_school_bursary|266|MAZI24/08/128 MOONGA WANTED MUGOTO MALE 10 SCHOOL JEMBO SECONDARY|15|ocr
CDF-2024-SUCCESSFUL-APPLICANTS-FOR-SECONDARYSCHOOL-BURSARIES-MAZABUKA-CENTRAL.pdf|2024|Mazabuka Central|secondary_school_bursary|267|MAZI24/08/292 CHOOLWE JENNIFER MUGOTO FEMALE GRADE 8 SCHOOL JEMBO SECONDARY|15|ocr
CDF-2024-SUCCESSFUL-APPLICANTS-FOR-SECONDARYSCHOOL-BURSARIES-MAZABUKA-CENTRAL.pdf|2024|Mazabuka Central|secondary_school_bursary|268|MAZI24/08/293 HABAZUNGU FIONA MUGOTO FEMALE GRADE 8 SCHOOL JEMBO GRADE SECONDARY|15|ocr
CDF-2024-SUCCESSFUL-APPLICANTS-FOR-SECONDARYSCHOOL-BURSARIES-MAZABUKA-CENTRAL.pdf|2024|Mazabuka Central|secondary_school_bursary|269|MAZI24/08/294 CHIYOBWA SALLY MUGOTO FEMALE 10 SCHOOL JEMBO FEMALE SECONDARY|15|ocr
CDF-2024-SUCCESSFUL-APPLICANTS-FOR-SECONDARYSCHOOL-BURSARIES-MAZABUKA-CENTRAL.pdf|2024|Mazabuka Central|secondary_school_bursary|270|MAZI24/04/0386 CHIMUKA BERTHA MUGOTO 10 SCHOOL JEMBO FEMALE SECONDARY|15|ocr
CDF-2024-SUCCESSFUL-APPLICANTS-FOR-SECONDARYSCHOOL-BURSARIES-MAZABUKA-CENTRAL.pdf|2024|Mazabuka Central|secondary_school_bursary|271|MAZI24/04/0387 MWANZA MEMORY MUGOTO 10 SCHOOL GRADE JOVIET|15|ocr
CDF-2024-SUCCESSFUL-APPLICANTS-FOR-SECONDARYSCHOOL-BURSARIES-MAZABUKA-CENTRAL.pdf|2024|Mazabuka Central|secondary_school_bursary|272|MAZI24/08/255 CHILOBYA MUTINTA MUGOTO MALE 11 MWIINGA MAAMBA FEMALE SECONDARY|15|ocr
CDF-2024-SUCCESSFUL-APPLICANTS-FOR-SECONDARYSCHOOL-BURSARIES-MAZABUKA-CENTRAL.pdf|2024|Mazabuka Central|secondary_school_bursary|273|MAZI24/04/0385 HACHIBALA MARY MUGOTO 10 SCHOQL MUNENGA SECONDARY|15|ocr
CDF-2024-SUCCESSFUL-APPLICANTS-FOR-SECONDARYSCHOOL-BURSARIES-MAZABUKA-CENTRAL.pdf|2024|Mazabuka Central|secondary_school_bursary|274|MAZI24/08/134 CHIVWENDE KASAMBA MUGOTO FEMALE GRADE 9 SCHOOL MUNENGA GRADE SECONDARY|15|ocr
CDF-2024-SUCCESSFUL-APPLICANTS-FOR-SECONDARYSCHOOL-BURSARIES-MAZABUKA-CENTRAL.pdf|2024|Mazabuka Central|secondary_school_bursary|275|MAZI24/08/135 MWEEMBA ODWELL MUGOTO MALE 11 SCHOOL MUNSANGA GRADE SECONDARY|15|ocr
CDF-2024-SUCCESSFUL-APPLICANTS-FOR-SECONDARYSCHOOL-BURSARIES-MAZABUKA-CENTRAL.pdf|2024|Mazabuka Central|secondary_school_bursary|276|MAZI24/08/244 CHOONGO MELODY MUGOTO FEMALE 11 SCHOOL MUNSANGA SECONDARY|15|ocr
CDF-2024-SUCCESSFUL-APPLICANTS-FOR-SECONDARYSCHOOL-BURSARIES-MAZABUKA-CENTRAL.pdf|2024|Mazabuka Central|secondary_school_bursary|277|"MAZI24/08/245 PRECIOUS MOONGA MUGOTO FEMALE GRADE % | A SCHOOL RerJbliCc Or cpe MUNSANGA EEZAE26 GRADE ( SECONDARY pi"|15|ocr
CDF-2024-SUCCESSFUL-APPLICANTS-FOR-SECONDARYSCHOOL-BURSARIES-MAZABUKA-CENTRAL.pdf|2024|Mazabuka Central|secondary_school_bursary|278|MAZ/24/08/246 MONICA HALUMBA MUGOTO FEMALE SCHOOL 2024 'Ly JAN CLERK TOWN OF THE 670022, OFFICE BOX PO MAZABUKA MUNSANGA GRADE SECONDARY|15|ocr
CDF-2024-SUCCESSFUL-APPLICANTS-FOR-SECONDARYSCHOOL-BURSARIES-MAZABUKA-CENTRAL.pdf|2024|Mazabuka Central|secondary_school_bursary|279|MAZI24/08/247 FAITH SHIMUNZA MUGOTO FEMALE 11 SCHOQL MUNSANGA GRADE SECONDARY|16|ocr
CDF-2024-SUCCESSFUL-APPLICANTS-FOR-SECONDARYSCHOOL-BURSARIES-MAZABUKA-CENTRAL.pdf|2024|Mazabuka Central|secondary_school_bursary|280|MAZI24/08/250 VINCENT CHIVWENDE MUGOTO MALE 11 SCHOOL MUNSANGU SECONDARY|16|ocr
CDF-2024-SUCCESSFUL-APPLICANTS-FOR-SECONDARYSCHOOL-BURSARIES-MAZABUKA-CENTRAL.pdf|2024|Mazabuka Central|secondary_school_bursary|281|MAZI24/08/130 MWEENE NELVIN MUGOTO MALE GRADE 8 SCHOOL MUNSANGU MUWEZWA EPHRAIM GRADE SECONDARY|16|ocr
CDF-2024-SUCCESSFUL-APPLICANTS-FOR-SECONDARYSCHOOL-BURSARIES-MAZABUKA-CENTRAL.pdf|2024|Mazabuka Central|secondary_school_bursary|282|MAZI24/08/131 SIMAUBI MUGOTO MALE 10 SCHOQL MUNSANGU HAMAINDA LUUMUNO SECONDARY|16|ocr
CDF-2024-SUCCESSFUL-APPLICANTS-FOR-SECONDARYSCHOOL-BURSARIES-MAZABUKA-CENTRAL.pdf|2024|Mazabuka Central|secondary_school_bursary|283|MAZ/24/08/132 ROSE MUGOTO FEMALE GRADE 8 SCHOOL MUNSANGU GRADE SECONDARY|16|ocr
CDF-2024-SUCCESSFUL-APPLICANTS-FOR-SECONDARYSCHOOL-BURSARIES-MAZABUKA-CENTRAL.pdf|2024|Mazabuka Central|secondary_school_bursary|284|MAZI24/08/133 HAMAINDA LUSE ALICE MUGOTO FEMALE 10 SCHOOL MUNSANGU GRADE SECONDARY|16|ocr
CDF-2024-SUCCESSFUL-APPLICANTS-FOR-SECONDARYSCHOOL-BURSARIES-MAZABUKA-CENTRAL.pdf|2024|Mazabuka Central|secondary_school_bursary|285|MAZI24/08/136 CHIVWENDE LUMBA MUGOTO MALE 11 SCHOOL MUNSANGU SECONDARY|16|ocr
CDF-2024-SUCCESSFUL-APPLICANTS-FOR-SECONDARYSCHOOL-BURSARIES-MAZABUKA-CENTRAL.pdf|2024|Mazabuka Central|secondary_school_bursary|286|MAZI24/08/137 SILUTOMBI OBIZE MUGOTO MALE GRADE 9 SCHOOL MUNSANGU GRADE SECONDARY|16|ocr
CDF-2024-SUCCESSFUL-APPLICANTS-FOR-SECONDARYSCHOOL-BURSARIES-MAZABUKA-CENTRAL.pdf|2024|Mazabuka Central|secondary_school_bursary|287|MAZI24/08/138 CHITINA GRACE MUGOTO FEMALE 10 SCHOQL MUNSANGU KANDUNDU TWALUMBA GRADE SECONDARY|16|ocr
CDF-2024-SUCCESSFUL-APPLICANTS-FOR-SECONDARYSCHOOL-BURSARIES-MAZABUKA-CENTRAL.pdf|2024|Mazabuka Central|secondary_school_bursary|288|MAZI24/08/139 THANKS MUGOTO FEMALE 10 SCHOOL MUNSANGU GRADE SECONDARY|16|ocr
CDF-2024-SUCCESSFUL-APPLICANTS-FOR-SECONDARYSCHOOL-BURSARIES-MAZABUKA-CENTRAL.pdf|2024|Mazabuka Central|secondary_school_bursary|289|MAZI24/08/140 CHILUKA JAMES MUGOTO MALE 10 SCHOOL MUNSANGU GRADE SECONDARY|16|ocr
CDF-2024-SUCCESSFUL-APPLICANTS-FOR-SECONDARYSCHOOL-BURSARIES-MAZABUKA-CENTRAL.pdf|2024|Mazabuka Central|secondary_school_bursary|290|MAZI24/08/141 MADYABL EMMANUEL MUGOTO MALE 10 SCHOOL MUNSANGU GRADE SECONDARY|16|ocr
CDF-2024-SUCCESSFUL-APPLICANTS-FOR-SECONDARYSCHOOL-BURSARIES-MAZABUKA-CENTRAL.pdf|2024|Mazabuka Central|secondary_school_bursary|291|MAZI24/08/142 MUMBA OLIVE MUGOTO FEMALE 10 SCHOOL MUNSANGU GRADE SECONDARY|16|ocr
CDF-2024-SUCCESSFUL-APPLICANTS-FOR-SECONDARYSCHOOL-BURSARIES-MAZABUKA-CENTRAL.pdf|2024|Mazabuka Central|secondary_school_bursary|292|MAZI24/08/143 HANGOMA MACKFORD MUGOTO MALE 10 SCHOQL MUNSANGU GRADE SECONDARY|16|ocr
CDF-2024-SUCCESSFUL-APPLICANTS-FOR-SECONDARYSCHOOL-BURSARIES-MAZABUKA-CENTRAL.pdf|2024|Mazabuka Central|secondary_school_bursary|293|MAZI24/08/237 Mary_Nyemba MUGOTO FEMALE 10 SCHOOL MUNSANGU GRADE SECONDARY|16|ocr
CDF-2024-SUCCESSFUL-APPLICANTS-FOR-SECONDARYSCHOOL-BURSARIES-MAZABUKA-CENTRAL.pdf|2024|Mazabuka Central|secondary_school_bursary|294|MAZI24/08/248 MUTINTA JANET MUGOTO FEMALE 11 SCHOOL MUNSANGU GRADE SECONDARY|16|ocr
CDF-2024-SUCCESSFUL-APPLICANTS-FOR-SECONDARYSCHOOL-BURSARIES-MAZABUKA-CENTRAL.pdf|2024|Mazabuka Central|secondary_school_bursary|295|MAZI24/08/251 EMMA KAVNGU MUGOTO FEMALE + C M1 ZAMa KRSCHOQL Re Mon MAZABWKA MUNSANGU LSGRADE SECONDARY|16|ocr
CDF-2024-SUCCESSFUL-APPLICANTS-FOR-SECONDARYSCHOOL-BURSARIES-MAZABUKA-CENTRAL.pdf|2024|Mazabuka Central|secondary_school_bursary|296|MAZI24/08/254 CHRISTINE KASONGOLA MUGOTO FEMALE SCHOOL JAI 4024 29 CLERK TOWN OF THE 670022 , OFFICE BOX PO MAZABUKA MUNSANGU|16|ocr
CDF-2024-SUCCESSFUL-APPLICANTS-FOR-SECONDARYSCHOOL-BURSARIES-MAZABUKA-CENTRAL.pdf|2024|Mazabuka Central|secondary_school_bursary|297|MAZI24/08/238 SECONDARY CHOONYA BRAISON MUGOTO MALE GRADE 9 SCHOOL MUNSANGU GRADE SECONDARY|17|ocr
CDF-2024-SUCCESSFUL-APPLICANTS-FOR-SECONDARYSCHOOL-BURSARIES-MAZABUKA-CENTRAL.pdf|2024|Mazabuka Central|secondary_school_bursary|298|MAZI24/08/243 NZALA JOE MUGOTO MALE 12 SCHOOL MUNSANGU GRADE SECONDARY|17|ocr
CDF-2024-SUCCESSFUL-APPLICANTS-FOR-SECONDARYSCHOOL-BURSARIES-MAZABUKA-CENTRAL.pdf|2024|Mazabuka Central|secondary_school_bursary|299|MAZI24/08/249 KELVIN CHILALILO MUGOTO MALE 11 SCHOOL MUNSANGU GRADE SECONDARY|17|ocr
CDF-2024-SUCCESSFUL-APPLICANTS-FOR-SECONDARYSCHOOL-BURSARIES-MAZABUKA-CENTRAL.pdf|2024|Mazabuka Central|secondary_school_bursary|300|MAZI24/08/252 ISAAC HACHOOLWE MUGOTO MALE 11 SCHOOL MUNSANGU GRADE SECONDARY|17|ocr
CDF-2024-SUCCESSFUL-APPLICANTS-FOR-SECONDARYSCHOOL-BURSARIES-MAZABUKA-CENTRAL.pdf|2024|Mazabuka Central|secondary_school_bursary|301|MAZI2408/253 MWIINGA SANFORD MUGOTO MALE 11 SCHOOL MUNSANGU GRADE SECONDARY|17|ocr
CDF-2024-SUCCESSFUL-APPLICANTS-FOR-SECONDARYSCHOOL-BURSARIES-MAZABUKA-CENTRAL.pdf|2024|Mazabuka Central|secondary_school_bursary|302|MAZI24/08/295 SILENGA EDGAR MUGOTO M 11 SCHOQL MUNSANGU|17|ocr
CDF-2024-SUCCESSFUL-APPLICANTS-FOR-SECONDARYSCHOOL-BURSARIES-MAZABUKA-CENTRAL.pdf|2024|Mazabuka Central|secondary_school_bursary|303|MAZI24/08/296 SECONDARY MUMBA BABRA MUGOTO FEMALE GRADE 8 SCHOOL MUNSANGU GRADE SECONDARY|17|ocr
CDF-2024-SUCCESSFUL-APPLICANTS-FOR-SECONDARYSCHOOL-BURSARIES-MAZABUKA-CENTRAL.pdf|2024|Mazabuka Central|secondary_school_bursary|304|MAZI24/08/297 SAKALA EMMAMUEL MUGOTO MALE 10 SCHOOL MUNSANGU GRADE SECONDARY|17|ocr
CDF-2024-SUCCESSFUL-APPLICANTS-FOR-SECONDARYSCHOOL-BURSARIES-MAZABUKA-CENTRAL.pdf|2024|Mazabuka Central|secondary_school_bursary|305|MAZI24/08/298 KALINDA CHIPO MUGOTO FEMALE 10 SCHOQL MUNSANGU NGANDU TIKKAH|17|ocr
CDF-2024-SUCCESSFUL-APPLICANTS-FOR-SECONDARYSCHOOL-BURSARIES-MAZABUKA-CENTRAL.pdf|2024|Mazabuka Central|secondary_school_bursary|306|MAZI24/08/299 SECONDARY NANGANDU MUGOTO FEMALE GRADE 8 SCHOOL MUNSANGU MALE SECONDARY|17|ocr
CDF-2024-SUCCESSFUL-APPLICANTS-FOR-SECONDARYSCHOOL-BURSARIES-MAZABUKA-CENTRAL.pdf|2024|Mazabuka Central|secondary_school_bursary|307|MAZI24/04/0381 MUNSANJE WINFRED MUGOTO SCHOOL MUNSANGU FEMALE SECONDARY|17|ocr
CDF-2024-SUCCESSFUL-APPLICANTS-FOR-SECONDARYSCHOOL-BURSARIES-MAZABUKA-CENTRAL.pdf|2024|Mazabuka Central|secondary_school_bursary|308|MAZI24/04/0388 SIAMBALE MERCY MUGOTO 10 SCHOOL MUNSANGU MALE SECONDARY|17|ocr
CDF-2024-SUCCESSFUL-APPLICANTS-FOR-SECONDARYSCHOOL-BURSARIES-MAZABUKA-CENTRAL.pdf|2024|Mazabuka Central|secondary_school_bursary|309|MAZI24/04/0389 SIAMALAMBO JEFF MUGOTO 11 SCHOOL MUNSANGU FEMALE SECONDARY|17|ocr
CDF-2024-SUCCESSFUL-APPLICANTS-FOR-SECONDARYSCHOOL-BURSARIES-MAZABUKA-CENTRAL.pdf|2024|Mazabuka Central|secondary_school_bursary|310|MAZ/24/04/0390 MUKOMBO CHOOLWE MUGOTO 8 SCHOOL MUNSANGU FEMALE SECONDARY|17|ocr
CDF-2024-SUCCESSFUL-APPLICANTS-FOR-SECONDARYSCHOOL-BURSARIES-MAZABUKA-CENTRAL.pdf|2024|Mazabuka Central|secondary_school_bursary|311|MAZI24/04/0391 NAMYUUNGA WENDY MUGOTO 11 SCHOOL MUSANGU|17|ocr
CDF-2024-SUCCESSFUL-APPLICANTS-FOR-SECONDARYSCHOOL-BURSARIES-MAZABUKA-CENTRAL.pdf|2024|Mazabuka Central|secondary_school_bursary|312|MAZ/24/08/300 SECONDARY MIKENGA LUCKSON MUGOTO MALE GRADE 8 SCHOQL MUSANGU GRADE SECONDARY|17|ocr
CDF-2024-SUCCESSFUL-APPLICANTS-FOR-SECONDARYSCHOOL-BURSARIES-MAZABUKA-CENTRAL.pdf|2024|Mazabuka Central|secondary_school_bursary|313|MAZI24/08/301 MWEEMBA LUSHOMO MUGOTO MALE 10 SCHOOL JuLic Or YNI MUSANGU Rer|17|ocr
CDF-2024-SUCCESSFUL-APPLICANTS-FOR-SECONDARYSCHOOL-BURSARIES-MAZABUKA-CENTRAL.pdf|2024|Mazabuka Central|secondary_school_bursary|314|"MAZI24/08/302 ed| Grope "" ckSECONDARY KABUNDA EMMANUEL MUGOTO MALE SCHOOL JAN 2024 '9 CLERX TOWN OF THE 670022, OFFICE BOX P.O. MAZABUKA NANGA GRADE SECONDARY"|17|ocr
CDF-2024-SUCCESSFUL-APPLICANTS-FOR-SECONDARYSCHOOL-BURSARIES-MAZABUKA-CENTRAL.pdf|2024|Mazabuka Central|secondary_school_bursary|315|MAZI24/08/239 KALINDA CHARLES MUGOTO MALE 10 SCHOOL NANGA|18|ocr
CDF-2024-SUCCESSFUL-APPLICANTS-FOR-SECONDARYSCHOOL-BURSARIES-MAZABUKA-CENTRAL.pdf|2024|Mazabuka Central|secondary_school_bursary|316|MAZI24/08/236 MOYO NASH MUGOTO MALE GRADE 5 SPECIAL NKONKOLA MALE SECONDARY|18|ocr
CDF-2024-SUCCESSFUL-APPLICANTS-FOR-SECONDARYSCHOOL-BURSARIES-MAZABUKA-CENTRAL.pdf|2024|Mazabuka Central|secondary_school_bursary|317|MAZI24/04/0380 MAMBULE PAUL MUGOTO 10 SCHOOL PEMBA FEMALE SECONDARY|18|ocr
CDF-2024-SUCCESSFUL-APPLICANTS-FOR-SECONDARYSCHOOL-BURSARIES-MAZABUKA-CENTRAL.pdf|2024|Mazabuka Central|secondary_school_bursary|318|MAZI24/04/0382 KACHIMBA DIANA MUGOTO 9 SCHOOL PEMBA GRADE SECONDARY|18|ocr
CDF-2024-SUCCESSFUL-APPLICANTS-FOR-SECONDARYSCHOOL-BURSARIES-MAZABUKA-CENTRAL.pdf|2024|Mazabuka Central|secondary_school_bursary|319|MAZI24/08/242 NZALA JERRY MUGOTO MALE 12 SCHOOL SIAVONGA PROVINCIAL STEM GRADE SECONDARY|18|ocr
CDF-2024-SUCCESSFUL-APPLICANTS-FOR-SECONDARYSCHOOL-BURSARIES-MAZABUKA-CENTRAL.pdf|2024|Mazabuka Central|secondary_school_bursary|320|MAZI24/08/240 HANKAMBE MANINGA MUGOTO MALE 10 SCHOOL ST EDMUNDS SECONDARY|18|ocr
CDF-2024-SUCCESSFUL-APPLICANTS-FOR-SECONDARYSCHOOL-BURSARIES-MAZABUKA-CENTRAL.pdf|2024|Mazabuka Central|secondary_school_bursary|321|MAZI24/08/129 SICHIBONJE WILSON MUGOTO MALE GRADE 8 SCHOOL ST JOSEPHS FEMALE SECONDARY|18|ocr
CDF-2024-SUCCESSFUL-APPLICANTS-FOR-SECONDARYSCHOOL-BURSARIES-MAZABUKA-CENTRAL.pdf|2024|Mazabuka Central|secondary_school_bursary|322|MAZI24/04/0383 TILIMBOYILUYANDO MUGOTO 10 SCHOOL GRADE CHIKANKATA|18|ocr
CDF-2024-SUCCESSFUL-APPLICANTS-FOR-SECONDARYSCHOOL-BURSARIES-MAZABUKA-CENTRAL.pdf|2024|Mazabuka Central|secondary_school_bursary|323|MAZI24/03/204 MUNSANJE LUSHOMO NAKAMBALA FEMALE 11 SECONDARY CHIKANKATA KANDIYE LWEENDO SECONDARY|18|ocr
CDF-2024-SUCCESSFUL-APPLICANTS-FOR-SECONDARYSCHOOL-BURSARIES-MAZABUKA-CENTRAL.pdf|2024|Mazabuka Central|secondary_school_bursary|324|MAZI24/03/151 RUTH NAKAMBALA FEMALE GRADE 8 SCHOOL CHIKANKATA KALABA HELLEN SECONDARY|18|ocr
CDF-2024-SUCCESSFUL-APPLICANTS-FOR-SECONDARYSCHOOL-BURSARIES-MAZABUKA-CENTRAL.pdf|2024|Mazabuka Central|secondary_school_bursary|325|MAZI24/03/303 NACHIMETELE NAKAMBALA GRADE 8 SCHOOL CHIKANKATA FEMALE SECONDARY|18|ocr
CDF-2024-SUCCESSFUL-APPLICANTS-FOR-SECONDARYSCHOOL-BURSARIES-MAZABUKA-CENTRAL.pdf|2024|Mazabuka Central|secondary_school_bursary|326|MAZ/24/03/0399 KALABA HELLEN NAKAMBALA SCHOOL CHIKUNI GIRLS FEMALE SECONDARY|18|ocr
CDF-2024-SUCCESSFUL-APPLICANTS-FOR-SECONDARYSCHOOL-BURSARIES-MAZABUKA-CENTRAL.pdf|2024|Mazabuka Central|secondary_school_bursary|327|MAZI24/03/0400 WENDY KAMENDA NAKAMBALA 10 SCHOOL CHOONGO|18|ocr
CDF-2024-SUCCESSFUL-APPLICANTS-FOR-SECONDARYSCHOOL-BURSARIES-MAZABUKA-CENTRAL.pdf|2024|Mazabuka Central|secondary_school_bursary|328|MAZI24/03/0392 MULEYA LINNY NAKAMBALA FEMALE SCHOOL KAUMBA GRADE SECONDARY|18|ocr
CDF-2024-SUCCESSFUL-APPLICANTS-FOR-SECONDARYSCHOOL-BURSARIES-MAZABUKA-CENTRAL.pdf|2024|Mazabuka Central|secondary_school_bursary|329|MAZI24/03/304 SITALI BESTINA NAKAMBALA FEMALE 10 SCHOOL MAKOYE GRADE BOARDING|18|ocr
CDF-2024-SUCCESSFUL-APPLICANTS-FOR-SECONDARYSCHOOL-BURSARIES-MAZABUKA-CENTRAL.pdf|2024|Mazabuka Central|secondary_school_bursary|330|"MAZI24/03/305 MWANSA BOARS NAKAMBALA MALE 10 SCHOOL MAKOYE CRADE 4| BOARDIN"|18|ocr
CDF-2024-SUCCESSFUL-APPLICANTS-FOR-SECONDARYSCHOOL-BURSARIES-MAZABUKA-CENTRAL.pdf|2024|Mazabuka Central|secondary_school_bursary|331|MAZI24/03/306 WALUKA NALISHEBO NAKAMBALA MALE uklic UNicr SCHOOL MAZALuKAOMU COUNCS Duerr LEae JAN 2024 'Ly CLERK TOWN SFTHE 670022, OFFICE BoX Po MAZABUKA MAKOYE GRADE BOARDING|18|ocr
CDF-2024-SUCCESSFUL-APPLICANTS-FOR-SECONDARYSCHOOL-BURSARIES-MAZABUKA-CENTRAL.pdf|2024|Mazabuka Central|secondary_school_bursary|332|MAZI24/03/307 CHILUFYA JOACKIM NAKAMBALA MALE 10 SCHOOL MAKOYE GRADE SECONDARY|19|ocr
CDF-2024-SUCCESSFUL-APPLICANTS-FOR-SECONDARYSCHOOL-BURSARIES-MAZABUKA-CENTRAL.pdf|2024|Mazabuka Central|secondary_school_bursary|333|MAZI24/03/145 BWALYA EZRA NAKAMBALA MALE 10 SCHOOL MAKOYE GRADE SECONDARY|19|ocr
CDF-2024-SUCCESSFUL-APPLICANTS-FOR-SECONDARYSCHOOL-BURSARIES-MAZABUKA-CENTRAL.pdf|2024|Mazabuka Central|secondary_school_bursary|334|MAZI24/03/146 CHOLA MOSES NAKAMBALA MALE 10 SCHOOL MAKOYE GRADE SECONDARY|19|ocr
CDF-2024-SUCCESSFUL-APPLICANTS-FOR-SECONDARYSCHOOL-BURSARIES-MAZABUKA-CENTRAL.pdf|2024|Mazabuka Central|secondary_school_bursary|335|MAZI24/03/148 MWANSA MIKA NAKAMBALA MALE 10 SCHOQL MAKOYE GRADE SECONDARY|19|ocr
CDF-2024-SUCCESSFUL-APPLICANTS-FOR-SECONDARYSCHOOL-BURSARIES-MAZABUKA-CENTRAL.pdf|2024|Mazabuka Central|secondary_school_bursary|336|MAZI24/03/149 MWAPE JOSEPH NAKAMBALA MALE 10 SCHOOL MARGARET MWACHIYEYA GRADE SECONDARY|19|ocr
CDF-2024-SUCCESSFUL-APPLICANTS-FOR-SECONDARYSCHOOL-BURSARIES-MAZABUKA-CENTRAL.pdf|2024|Mazabuka Central|secondary_school_bursary|337|MAZI24/03/308 SIMWALE MAIMBO NAKAMBALA MALE 12 SCHOQL MONZE GRADE BOARDING|19|ocr
CDF-2024-SUCCESSFUL-APPLICANTS-FOR-SECONDARYSCHOOL-BURSARIES-MAZABUKA-CENTRAL.pdf|2024|Mazabuka Central|secondary_school_bursary|338|MAZI24/03/201 MWEEMBA LYDIA NAKAMBALA FEMALE 11 SECONDARY MONZE GRADE BOARDING|19|ocr
CDF-2024-SUCCESSFUL-APPLICANTS-FOR-SECONDARYSCHOOL-BURSARIES-MAZABUKA-CENTRAL.pdf|2024|Mazabuka Central|secondary_school_bursary|339|MAZI24/03/197 CHIYOTA REUBEN NAKAMBALA MALE 11 SECONDARY MONZE BOARDING|19|ocr
CDF-2024-SUCCESSFUL-APPLICANTS-FOR-SECONDARYSCHOOL-BURSARIES-MAZABUKA-CENTRAL.pdf|2024|Mazabuka Central|secondary_school_bursary|340|MAZI24/03/198 SIKOONGO CLEVER NAKAMBALA MALE GRADE 9 SECONDARY MONZE GRADE BOARDING|19|ocr
CDF-2024-SUCCESSFUL-APPLICANTS-FOR-SECONDARYSCHOOL-BURSARIES-MAZABUKA-CENTRAL.pdf|2024|Mazabuka Central|secondary_school_bursary|341|MAZI24/03/199 MUKUMA DAVID NAKAMBALA MALE 11 SECONDARY MONZE BOARDING GRADE SECONDARY|19|ocr
CDF-2024-SUCCESSFUL-APPLICANTS-FOR-SECONDARYSCHOOL-BURSARIES-MAZABUKA-CENTRAL.pdf|2024|Mazabuka Central|secondary_school_bursary|342|MAZI24/03/144 MAIMBO PHILLIP NAKAMBALA MALE 10 SCHOQL MONZE BOARDING MUTINTA RAYMOND GRADE SECONDARY|19|ocr
CDF-2024-SUCCESSFUL-APPLICANTS-FOR-SECONDARYSCHOOL-BURSARIES-MAZABUKA-CENTRAL.pdf|2024|Mazabuka Central|secondary_school_bursary|343|MAZI24/03/147 LUYANDO NAKAMBALA MALE 10 SCHOOL GRADE MUNENGA|19|ocr
CDF-2024-SUCCESSFUL-APPLICANTS-FOR-SECONDARYSCHOOL-BURSARIES-MAZABUKA-CENTRAL.pdf|2024|Mazabuka Central|secondary_school_bursary|344|MAZI24/03/202 HACHIBOOLA ELLEN NAKAMBALA FEMALE 10 SECONDARY MUNSANGU FEMALE SECONDARY|19|ocr
CDF-2024-SUCCESSFUL-APPLICANTS-FOR-SECONDARYSCHOOL-BURSARIES-MAZABUKA-CENTRAL.pdf|2024|Mazabuka Central|secondary_school_bursary|345|MAZI24/03/0395 JAULA CLARA NAKAMBALA 10 SCHOOL GRADE NANGA|19|ocr
CDF-2024-SUCCESSFUL-APPLICANTS-FOR-SECONDARYSCHOOL-BURSARIES-MAZABUKA-CENTRAL.pdf|2024|Mazabuka Central|secondary_school_bursary|346|MAZI24/03/200 HACHINYIKA TAWANDA NAKAMBALA FEMALE 11 SECONDARY NDOLA GIRL S NATIONA 2MB , 'STEM oi MCip|19|ocr
CDF-2024-SUCCESSFUL-APPLICANTS-FOR-SECONDARYSCHOOL-BURSARIES-MAZABUKA-CENTRAL.pdf|2024|Mazabuka Central|secondary_school_bursary|347|MAZI24/03/150 NYAMBE MINYOL NAKAMBALA FEMALE L GRADE 8_ SCHOQL MAZABU cOUNCT JEat PEMBA GRADE ZOSECONDARY|19|ocr
CDF-2024-SUCCESSFUL-APPLICANTS-FOR-SECONDARYSCHOOL-BURSARIES-MAZABUKA-CENTRAL.pdf|2024|Mazabuka Central|secondary_school_bursary|348|MAZI24/03/309 MACHILA BRADON NAKAMBALA M IQAN SCHOQL 49 CLERR TOWN TKE 670022, OF BoX OFFICE P.O MAZABUKA PEMBA MALE SECONDARY|19|ocr
CDF-2024-SUCCESSFUL-APPLICANTS-FOR-SECONDARYSCHOOL-BURSARIES-MAZABUKA-CENTRAL.pdf|2024|Mazabuka Central|secondary_school_bursary|349|MAZI24/03/0398 MACHILA BRANDON NAKAMBALA 11 SCHOQL ST JOSEPH'S GRADE SECONDARY|20|ocr
CDF-2024-SUCCESSFUL-APPLICANTS-FOR-SECONDARYSCHOOL-BURSARIES-MAZABUKA-CENTRAL.pdf|2024|Mazabuka Central|secondary_school_bursary|350|MAZI24/03/152 MUKONDE MIYOBA NAKAMBALA FEMALE 10 SCHOOL GRADE ST JOSEPH'S|20|ocr
CDF-2024-SUCCESSFUL-APPLICANTS-FOR-SECONDARYSCHOOL-BURSARIES-MAZABUKA-CENTRAL.pdf|2024|Mazabuka Central|secondary_school_bursary|351|MAZI24/03/203 SILISAPO PATIENCE NAKAMBALA FEMALE 12 SECONDARY ZIMBA FEMALE SECONDARY|20|ocr
CDF-2024-SUCCESSFUL-APPLICANTS-FOR-SECONDARYSCHOOL-BURSARIES-MAZABUKA-CENTRAL.pdf|2024|Mazabuka Central|secondary_school_bursary|352|MAZI24/03/0393 KALYATA BEAUTY NAKAMBALA 10 SCHOOL ZIMBA MALE SECONDARY|20|ocr
CDF-2024-SUCCESSFUL-APPLICANTS-FOR-SECONDARYSCHOOL-BURSARIES-MAZABUKA-CENTRAL.pdf|2024|Mazabuka Central|secondary_school_bursary|353|MAZI24/03/0394 MATANSHI MATOME NAKAMBALA 10 SCHOQL ZIMBA MALE SECONDARY|20|ocr
CDF-2024-SUCCESSFUL-APPLICANTS-FOR-SECONDARYSCHOOL-BURSARIES-MAZABUKA-CENTRAL.pdf|2024|Mazabuka Central|secondary_school_bursary|354|MAZI24/03/0396 MATANSHI MATOME NAKAMBALA 10 SCHOOL ZIMBA FEMALE SECONDARY|20|ocr
CDF-2024-SUCCESSFUL-APPLICANTS-FOR-SECONDARYSCHOOL-BURSARIES-MAZABUKA-CENTRAL.pdf|2024|Mazabuka Central|secondary_school_bursary|355|MAZI24/03/0397 MUNENGA HOPE NAKAMBALA 8 SCHOOL KAUMBA MALE SECONDARY|20|ocr
CDF-2024-SUCCESSFUL-APPLICANTS-FOR-SECONDARYSCHOOL-BURSARIES-MAZABUKA-CENTRAL.pdf|2024|Mazabuka Central|secondary_school_bursary|356|MAZI24/05/0405 TONGA THOMSON NEGA NEGA 10 SCHOOL MAAMBA|20|ocr
CDF-2024-SUCCESSFUL-APPLICANTS-FOR-SECONDARYSCHOOL-BURSARIES-MAZABUKA-CENTRAL.pdf|2024|Mazabuka Central|secondary_school_bursary|357|MAZI24/05/193 CHOONGA AUSTAIN NEGA NEGA MALE GRADE 9 SECONDARY MAKOYE SECONDARY|20|ocr
CDF-2024-SUCCESSFUL-APPLICANTS-FOR-SECONDARYSCHOOL-BURSARIES-MAZABUKA-CENTRAL.pdf|2024|Mazabuka Central|secondary_school_bursary|358|MAZI24/05/310 MERCY MUYUMBA NEGA NEGA GRADE 8 SCHOQL MAKOYE MALE SECONDARY|20|ocr
CDF-2024-SUCCESSFUL-APPLICANTS-FOR-SECONDARYSCHOOL-BURSARIES-MAZABUKA-CENTRAL.pdf|2024|Mazabuka Central|secondary_school_bursary|359|MAZI24/05/0410 BUUMBA LUYANDO NEGA NEGA 10 SCHOOL MONZE BOARDING MALE SECONDARY|20|ocr
CDF-2024-SUCCESSFUL-APPLICANTS-FOR-SECONDARYSCHOOL-BURSARIES-MAZABUKA-CENTRAL.pdf|2024|Mazabuka Central|secondary_school_bursary|360|MAZI24/05/0404 RICHARD MAZUBA NEGA NEGA 10 SCHOOL GRADE NANGA|20|ocr
CDF-2024-SUCCESSFUL-APPLICANTS-FOR-SECONDARYSCHOOL-BURSARIES-MAZABUKA-CENTRAL.pdf|2024|Mazabuka Central|secondary_school_bursary|361|MAZI24/05/196 HEEMPWE GIFT NEGA NEGA MALE 11 SECONDARY NANGA MALE SECONDARY|20|ocr
CDF-2024-SUCCESSFUL-APPLICANTS-FOR-SECONDARYSCHOOL-BURSARIES-MAZABUKA-CENTRAL.pdf|2024|Mazabuka Central|secondary_school_bursary|362|MAZI24/05/0401 KAABO HENRY NEGA NEGA 10 SCHOOL NANGA FEMALE SECONDARY|20|ocr
CDF-2024-SUCCESSFUL-APPLICANTS-FOR-SECONDARYSCHOOL-BURSARIES-MAZABUKA-CENTRAL.pdf|2024|Mazabuka Central|secondary_school_bursary|363|MAZI24/05/0402 MUNDIMA MAINZA NEGA NEGA 10 SCHOOL NANGA MALE SECONDARY|20|ocr
CDF-2024-SUCCESSFUL-APPLICANTS-FOR-SECONDARYSCHOOL-BURSARIES-MAZABUKA-CENTRAL.pdf|2024|Mazabuka Central|secondary_school_bursary|364|MAZI24/05/0403 KALAPA DIVINE CHOTA NEGA NEGA 8 SCHOOL NANGA FEMALE SECONDARY|20|ocr
CDF-2024-SUCCESSFUL-APPLICANTS-FOR-SECONDARYSCHOOL-BURSARIES-MAZABUKA-CENTRAL.pdf|2024|Mazabuka Central|secondary_school_bursary|365|"MAZI24/05/0406 MOOYA THERESA NEGA NEGA 1 E SCHOOL 0t MUNO NANGA FEMALE |^ FJKA IcoUNCILA SECONDARY"|20|ocr
CDF-2024-SUCCESSFUL-APPLICANTS-FOR-SECONDARYSCHOOL-BURSARIES-MAZABUKA-CENTRAL.pdf|2024|Mazabuka Central|secondary_school_bursary|366|MAZI24/05/0407 CHIMELA MUSONDA NEGA NEGA 725447 12 SCHOQL 2024 'Ly JAN CLERK TOWN OF TKE 670022, OFFICE BOX PO. MAZARUKA NANGA MALE SECONDARY|20|ocr
CDF-2024-SUCCESSFUL-APPLICANTS-FOR-SECONDARYSCHOOL-BURSARIES-MAZABUKA-CENTRAL.pdf|2024|Mazabuka Central|secondary_school_bursary|367|MAZI24/05/0408 MULENGA ELAIZA NEGA NEGA 12 SCHOOL NANGA MALE SECONDARY|21|ocr
CDF-2024-SUCCESSFUL-APPLICANTS-FOR-SECONDARYSCHOOL-BURSARIES-MAZABUKA-CENTRAL.pdf|2024|Mazabuka Central|secondary_school_bursary|368|MAZI24/05/0409 MULENGA DARIUS NEGA NEGA 11 SCHOOL NANGA FEMALE SECONDARY|21|ocr
CDF-2024-SUCCESSFUL-APPLICANTS-FOR-SECONDARYSCHOOL-BURSARIES-MAZABUKA-CENTRAL.pdf|2024|Mazabuka Central|secondary_school_bursary|369|MAZI24/05/0411 PHIRIMAUREEN NEGA NEGA 10 SCHOOL NANGA MALE SECONDARY|21|ocr
CDF-2024-SUCCESSFUL-APPLICANTS-FOR-SECONDARYSCHOOL-BURSARIES-MAZABUKA-CENTRAL.pdf|2024|Mazabuka Central|secondary_school_bursary|370|MAZ/24/05/0412 MABUKU PATRICK NEGA NEGA 11 SCHOOL NANGA FEMALE SECONDARY|21|ocr
CDF-2024-SUCCESSFUL-APPLICANTS-FOR-SECONDARYSCHOOL-BURSARIES-MAZABUKA-CENTRAL.pdf|2024|Mazabuka Central|secondary_school_bursary|371|MAZI24/05/0413 DUNGENI LINDIWE NEGA NEGA 10 SCHOQL NANGA|21|ocr
CDF-2024-SUCCESSFUL-APPLICANTS-FOR-SECONDARYSCHOOL-BURSARIES-MAZABUKA-CENTRAL.pdf|2024|Mazabuka Central|secondary_school_bursary|372|MAZI24/05/195 CHILALA MARY NEGA NEGA FEMALE GRADE 9 SPECIAL|21|ocr
CDF-2024-SUCCESSFUL-APPLICANTS-FOR-SECONDARYSCHOOL-BURSARIES-MAZABUKA-CENTRAL.pdf|2024|Mazabuka Central|secondary_school_bursary|373|MAZI24/05/194 MWIINGA FRIDAH NEGA NEGA MALE GRADE 9 CHIKANKATA SECONDARY|21|ocr
CDF-2024-SUCCESSFUL-APPLICANTS-FOR-SECONDARYSCHOOL-BURSARIES-MAZABUKA-CENTRAL.pdf|2024|Mazabuka Central|secondary_school_bursary|374|MAZI24/05/153 FULAYL JOSEPH NEGA NEGA MALE GRADE 8 SCHOOL MAKOYE GRADE SECONDARY|21|ocr
CDF-2024-SUCCESSFUL-APPLICANTS-FOR-SECONDARYSCHOOL-BURSARIES-MAZABUKA-CENTRAL.pdf|2024|Mazabuka Central|secondary_school_bursary|375|MAZI24/05/160 SHAMPANDE JANE NEGA NEGA FEMALE 10 SCHOOL MUNENGA GRADE SECONDARY|21|ocr
CDF-2024-SUCCESSFUL-APPLICANTS-FOR-SECONDARYSCHOOL-BURSARIES-MAZABUKA-CENTRAL.pdf|2024|Mazabuka Central|secondary_school_bursary|376|MAZI24/05/155 MAPEPE BATSHEBA NEGA NEGA FEMALE 10 SCHOOL MUNENGA GRADE SECONDARY|21|ocr
CDF-2024-SUCCESSFUL-APPLICANTS-FOR-SECONDARYSCHOOL-BURSARIES-MAZABUKA-CENTRAL.pdf|2024|Mazabuka Central|secondary_school_bursary|377|MAZI24/05/158 MOONGA LISA NEGA NEGA FEMALE 10 SCHOOL MUNENGA GRADE SECONDARY|21|ocr
CDF-2024-SUCCESSFUL-APPLICANTS-FOR-SECONDARYSCHOOL-BURSARIES-MAZABUKA-CENTRAL.pdf|2024|Mazabuka Central|secondary_school_bursary|378|MAZI24/05/161 MYOBA EUPHENIA NEGA NEGA FEMALE 10 SCHOQL NANGA GRADE SECONDARY|21|ocr
CDF-2024-SUCCESSFUL-APPLICANTS-FOR-SECONDARYSCHOOL-BURSARIES-MAZABUKA-CENTRAL.pdf|2024|Mazabuka Central|secondary_school_bursary|379|MAZI24/05/154 MOOYA THERESA NEGA NEGA FEMALE 10 SCHOOL NANGA GRADE SECONDARY|21|ocr
CDF-2024-SUCCESSFUL-APPLICANTS-FOR-SECONDARYSCHOOL-BURSARIES-MAZABUKA-CENTRAL.pdf|2024|Mazabuka Central|secondary_school_bursary|380|MAZI24/05/156 CHUUGWA VALENTA NEGA NEGA FEMALE 11 SCHOOL NANGA SECONDARY|21|ocr
CDF-2024-SUCCESSFUL-APPLICANTS-FOR-SECONDARYSCHOOL-BURSARIES-MAZABUKA-CENTRAL.pdf|2024|Mazabuka Central|secondary_school_bursary|381|MAZI24/05/157 PHIRI THAPIWA NEGA NEGA FEMALE GRADE 8 SCHOOL NIKO GIRLS TECHNICAL SECONDARY|21|ocr
CDF-2024-SUCCESSFUL-APPLICANTS-FOR-SECONDARYSCHOOL-BURSARIES-MAZABUKA-CENTRAL.pdf|2024|Mazabuka Central|secondary_school_bursary|382|"MAZI24/05/159 MOONGA BLESSING NEGA NEGA FEMALE GRADE 8 SCHOOL CHIKANKATA FGRADE? | LSECONDARY"|21|ocr
CDF-2024-SUCCESSFUL-APPLICANTS-FOR-SECONDARYSCHOOL-BURSARIES-MAZABUKA-CENTRAL.pdf|2024|Mazabuka Central|secondary_school_bursary|383|MAZI24/05/311 MALILA BUSIKU HOPE SIYOWI 1 Fulic MU10 SCHOQL MAZAUKA NNctl coy CHIKANKATA FEMALE SECONDARY|21|ocr
CDF-2024-SUCCESSFUL-APPLICANTS-FOR-SECONDARYSCHOOL-BURSARIES-MAZABUKA-CENTRAL.pdf|2024|Mazabuka Central|secondary_school_bursary|384|MAZI24/02/0415 MALILA BUSIKO SIYOWI 14 JAN 7424 SCHOOL CLERX TOWN OF THE 670022, OFFICE BOX P.o: MAZABUKA JEMBO SECONDARY|21|ocr
CDF-2024-SUCCESSFUL-APPLICANTS-FOR-SECONDARYSCHOOL-BURSARIES-MAZABUKA-CENTRAL.pdf|2024|Mazabuka Central|secondary_school_bursary|385|MAZI24/02/312 NKHOMA JULIET SIYOWI GRADE 8 SCHOOL KALOMO GRADE SECONDARY|22|ocr
CDF-2024-SUCCESSFUL-APPLICANTS-FOR-SECONDARYSCHOOL-BURSARIES-MAZABUKA-CENTRAL.pdf|2024|Mazabuka Central|secondary_school_bursary|386|MAZI24/02/164 MWIINGA RYNNE SIYOWI FEMALE 18 SCHOOL KALOMO SECONDARY|22|ocr
CDF-2024-SUCCESSFUL-APPLICANTS-FOR-SECONDARYSCHOOL-BURSARIES-MAZABUKA-CENTRAL.pdf|2024|Mazabuka Central|secondary_school_bursary|387|MAZI24/02/167 LYAMBA PRUDENCE SIYOWI FEMALE GRADE 8 SCHOOL KAUMBA GRADE SECONDARY|22|ocr
CDF-2024-SUCCESSFUL-APPLICANTS-FOR-SECONDARYSCHOOL-BURSARIES-MAZABUKA-CENTRAL.pdf|2024|Mazabuka Central|secondary_school_bursary|388|MAZI24/02/173 MUTALE CHILESHE SIYOWI MALE 11 SCHOQL MAKOYE MWEEMBA PHINA GRADE BOARDING|22|ocr
CDF-2024-SUCCESSFUL-APPLICANTS-FOR-SECONDARYSCHOOL-BURSARIES-MAZABUKA-CENTRAL.pdf|2024|Mazabuka Central|secondary_school_bursary|389|MAZI24/02/313 CATHERINE SIYOWI FEMALE 10 SCHOOL MAKOYE|22|ocr
CDF-2024-SUCCESSFUL-APPLICANTS-FOR-SECONDARYSCHOOL-BURSARIES-MAZABUKA-CENTRAL.pdf|2024|Mazabuka Central|secondary_school_bursary|390|MAZI24/02/175 MWIBA MERCY SIYOWI FEMALE GRADE 9 SECONDARY MAKOYE|22|ocr
CDF-2024-SUCCESSFUL-APPLICANTS-FOR-SECONDARYSCHOOL-BURSARIES-MAZABUKA-CENTRAL.pdf|2024|Mazabuka Central|secondary_school_bursary|391|MAZI24/02/177 HANJAVWA SANDRA SIYOWI FEMALE GRADE 8 SECONDARY MAKOYE|22|ocr
CDF-2024-SUCCESSFUL-APPLICANTS-FOR-SECONDARYSCHOOL-BURSARIES-MAZABUKA-CENTRAL.pdf|2024|Mazabuka Central|secondary_school_bursary|392|MAZI24/02/174 MANYEPA MATHEWS SIYOWI MALE GRADE 9 SECONDARY GRADE MAKOYE|22|ocr
CDF-2024-SUCCESSFUL-APPLICANTS-FOR-SECONDARYSCHOOL-BURSARIES-MAZABUKA-CENTRAL.pdf|2024|Mazabuka Central|secondary_school_bursary|393|MAZI24/02/176 SILOISO ELIJAH SIYOWI MALE 10 SECONDARY MAKOYE GRADE SECONDARY|22|ocr
CDF-2024-SUCCESSFUL-APPLICANTS-FOR-SECONDARYSCHOOL-BURSARIES-MAZABUKA-CENTRAL.pdf|2024|Mazabuka Central|secondary_school_bursary|394|MAZI24/02/162 MONDE BRONA SIYOWI FEMALE 10 SCHOOL MAKOYE SECONDARY|22|ocr
CDF-2024-SUCCESSFUL-APPLICANTS-FOR-SECONDARYSCHOOL-BURSARIES-MAZABUKA-CENTRAL.pdf|2024|Mazabuka Central|secondary_school_bursary|395|MAZI24/02/165 KAYAWA KELVIN SIYOWI MALE GRADE 8 SCHOOL MAKOYE SECONDARY|22|ocr
CDF-2024-SUCCESSFUL-APPLICANTS-FOR-SECONDARYSCHOOL-BURSARIES-MAZABUKA-CENTRAL.pdf|2024|Mazabuka Central|secondary_school_bursary|396|MAZI24/02/169 MALAMBO NOLESS SIYOWI FEMALE GRADE 8 SCHOOL MAKOYE GRADE SECONDARY|22|ocr
CDF-2024-SUCCESSFUL-APPLICANTS-FOR-SECONDARYSCHOOL-BURSARIES-MAZABUKA-CENTRAL.pdf|2024|Mazabuka Central|secondary_school_bursary|397|MAZI24/02/314 CHAMBWE EDINA SIYOWI 10 SCHOOL MAKOYE FEMALE SECONDARY|22|ocr
CDF-2024-SUCCESSFUL-APPLICANTS-FOR-SECONDARYSCHOOL-BURSARIES-MAZABUKA-CENTRAL.pdf|2024|Mazabuka Central|secondary_school_bursary|398|MAZI24/02/0417 MUTI RACHAEL SIYOWI 10 SCHOOL MAKOYE FEMALE SECONDARY|22|ocr
CDF-2024-SUCCESSFUL-APPLICANTS-FOR-SECONDARYSCHOOL-BURSARIES-MAZABUKA-CENTRAL.pdf|2024|Mazabuka Central|secondary_school_bursary|399|MAZI24/02/0424 CHAMBWA EDINA SIYOWI 10 SCHOOL MASUKU SECONDARY|22|ocr
CDF-2024-SUCCESSFUL-APPLICANTS-FOR-SECONDARYSCHOOL-BURSARIES-MAZABUKA-CENTRAL.pdf|2024|Mazabuka Central|secondary_school_bursary|400|MAZI24/02/168 HANKAMBE CONSILIA SIYOWI FEMALE GRADE 8 SCHOOL MUNENGA GRADE SECONDARY|22|ocr
CDF-2024-SUCCESSFUL-APPLICANTS-FOR-SECONDARYSCHOOL-BURSARIES-MAZABUKA-CENTRAL.pdf|2024|Mazabuka Central|secondary_school_bursary|401|MAZ/24/02/163 MONDE MASITALI SIYOWI FEMALE 10 SCHOOL MUNENGA GRADEcke= SECONDARY if|22|ocr
CDF-2024-SUCCESSFUL-APPLICANTS-FOR-SECONDARYSCHOOL-BURSARIES-MAZABUKA-CENTRAL.pdf|2024|Mazabuka Central|secondary_school_bursary|402|MAZI24/02/166 MUNGAILA HILDA SIYOWI _FEMALEAA M1Ovic SCHQOL MAZAE cpUNC MUNENGA SECONDARY GRAQE24|22|ocr
CDF-2024-SUCCESSFUL-APPLICANTS-FOR-SECONDARYSCHOOL-BURSARIES-MAZABUKA-CENTRAL.pdf|2024|Mazabuka Central|secondary_school_bursary|403|MAZI24/02/315 MOONGA MOONGA SIYOWI FFEMALE] JAMOt SCHOQL CLERK TOWN OF THE 670022, OFFICE BOX PO. MAZABUKA GRADE NANGA|22|ocr
CDF-2024-SUCCESSFUL-APPLICANTS-FOR-SECONDARYSCHOOL-BURSARIES-MAZABUKA-CENTRAL.pdf|2024|Mazabuka Central|secondary_school_bursary|404|MAZI24/02/172 LUSAKA HENRY SIYOWI MALE 11 SECONDARY GRADE NANGA|23|ocr
CDF-2024-SUCCESSFUL-APPLICANTS-FOR-SECONDARYSCHOOL-BURSARIES-MAZABUKA-CENTRAL.pdf|2024|Mazabuka Central|secondary_school_bursary|405|MAZI24/02/178 MWANDO PATRICIA SIYOWI FEMALE 10 SECONDARY NANGA SECONDARY|23|ocr
CDF-2024-SUCCESSFUL-APPLICANTS-FOR-SECONDARYSCHOOL-BURSARIES-MAZABUKA-CENTRAL.pdf|2024|Mazabuka Central|secondary_school_bursary|406|MAZI24/02/171 MWIINGA RONICA SIYOWI FEMALE GRADE 8 SCHOQL NANGA GRADE SECONDARY|23|ocr
CDF-2024-SUCCESSFUL-APPLICANTS-FOR-SECONDARYSCHOOL-BURSARIES-MAZABUKA-CENTRAL.pdf|2024|Mazabuka Central|secondary_school_bursary|407|MAZI24/02/316 ZULU ALINA SIYOWI 10 SCHOOL NANGA GRADE SECONDARY|23|ocr
CDF-2024-SUCCESSFUL-APPLICANTS-FOR-SECONDARYSCHOOL-BURSARIES-MAZABUKA-CENTRAL.pdf|2024|Mazabuka Central|secondary_school_bursary|408|MAZI24/02/321 MWIINGA GIFT SIYOWI M 10 SCHOOL NANGA GRADE SECONDARY|23|ocr
CDF-2024-SUCCESSFUL-APPLICANTS-FOR-SECONDARYSCHOOL-BURSARIES-MAZABUKA-CENTRAL.pdf|2024|Mazabuka Central|secondary_school_bursary|409|MAZI24/02/322 PHIRI JOSEPH SIYOWI M 10 SCHOOL NANGA FEMALE SECONDARY|23|ocr
CDF-2024-SUCCESSFUL-APPLICANTS-FOR-SECONDARYSCHOOL-BURSARIES-MAZABUKA-CENTRAL.pdf|2024|Mazabuka Central|secondary_school_bursary|410|MAZI24/02/0421 ZULU ALINA SIYOWI 10 SCHOOL GRADE NKONKOLA|23|ocr
CDF-2024-SUCCESSFUL-APPLICANTS-FOR-SECONDARYSCHOOL-BURSARIES-MAZABUKA-CENTRAL.pdf|2024|Mazabuka Central|secondary_school_bursary|411|MAZI24/02/317 KALUSA GRACE SIYOWI 10 HIGH SCHOOL NKONKOLA SECONDARY|23|ocr
CDF-2024-SUCCESSFUL-APPLICANTS-FOR-SECONDARYSCHOOL-BURSARIES-MAZABUKA-CENTRAL.pdf|2024|Mazabuka Central|secondary_school_bursary|412|MAZI24/02/170 NKHOMA MARGARET SIYOWI FEMALE GRADE 8 SCHOOL NKONKOLA GRADE SECONDARY|23|ocr
CDF-2024-SUCCESSFUL-APPLICANTS-FOR-SECONDARYSCHOOL-BURSARIES-MAZABUKA-CENTRAL.pdf|2024|Mazabuka Central|secondary_school_bursary|413|MAZI24/02/179 HAMUSANKWA CHARITY SIYOWI FEMALE 10 SCHOOL NKONKOLA GRADE SECONDARY|23|ocr
CDF-2024-SUCCESSFUL-APPLICANTS-FOR-SECONDARYSCHOOL-BURSARIES-MAZABUKA-CENTRAL.pdf|2024|Mazabuka Central|secondary_school_bursary|414|MAZI24/02/180 MUZOKA JULIET SIYOWI FEMALE 11 SCHOOL NKONKOLA GRADE SECONDARY|23|ocr
CDF-2024-SUCCESSFUL-APPLICANTS-FOR-SECONDARYSCHOOL-BURSARIES-MAZABUKA-CENTRAL.pdf|2024|Mazabuka Central|secondary_school_bursary|415|MAZI24/02/318 MWEETWA BRENDA SIYOWI 10 SCHOOL NKONKOLA GRADE SECONDARY|23|ocr
CDF-2024-SUCCESSFUL-APPLICANTS-FOR-SECONDARYSCHOOL-BURSARIES-MAZABUKA-CENTRAL.pdf|2024|Mazabuka Central|secondary_school_bursary|416|MAZI24/02/319 HIMOONGA MATHEWS SIYOWI M 10 SCHOOL NKONKOLA FEMALE SECONDARY|23|ocr
CDF-2024-SUCCESSFUL-APPLICANTS-FOR-SECONDARYSCHOOL-BURSARIES-MAZABUKA-CENTRAL.pdf|2024|Mazabuka Central|secondary_school_bursary|417|MAZI24/02/0414 MWEETWA BRENDA SIYOWI 10 SCHOOL NKONKOLA FEMALE SECONDARY|23|ocr
CDF-2024-SUCCESSFUL-APPLICANTS-FOR-SECONDARYSCHOOL-BURSARIES-MAZABUKA-CENTRAL.pdf|2024|Mazabuka Central|secondary_school_bursary|418|MAZI24/02/0416 CHAMBWA EDINA SIYOWI 10 SCHOOL NKONKOLA MALE SECONDARY|23|ocr
CDF-2024-SUCCESSFUL-APPLICANTS-FOR-SECONDARYSCHOOL-BURSARIES-MAZABUKA-CENTRAL.pdf|2024|Mazabuka Central|secondary_school_bursary|419|MAZI24/02/0419 MUDENDA ALI SIYOWI 11 SCHOOL NKONKOLA MALE SECONDARY|23|ocr
CDF-2024-SUCCESSFUL-APPLICANTS-FOR-SECONDARYSCHOOL-BURSARIES-MAZABUKA-CENTRAL.pdf|2024|Mazabuka Central|secondary_school_bursary|420|MAZI24/02/0420 MUNALULA WISDOM SIYOWI 8 SCHOOL NKONKOLA ZAMBIA 14 MALE /i kusnci?diSECONDARY|23|ocr
CDF-2024-SUCCESSFUL-APPLICANTS-FOR-SECONDARYSCHOOL-BURSARIES-MAZABUKA-CENTRAL.pdf|2024|Mazabuka Central|secondary_school_bursary|421|MAZI24/02/0422 HIMOONGA MATTHEWS SIYOW MAZABUKA BOUNcI1O SCHOOL Jro JAN 2024 Ly TOWN CLERK OF THE OFFICE BOX 670022, PO MAZABUKA PEMBA FEMALE SECONDARY|23|ocr
CDF-2024-SUCCESSFUL-APPLICANTS-FOR-SECONDARYSCHOOL-BURSARIES-MAZABUKA-CENTRAL.pdf|2024|Mazabuka Central|secondary_school_bursary|422|MAZI24/02/0418 MUTALE HELLEN SIYOWI 11 SCHOOL RUSANGU FEMALE SECONDARY|24|ocr
CDF-2024-SUCCESSFUL-APPLICANTS-FOR-SECONDARYSCHOOL-BURSARIES-MAZABUKA-CENTRAL.pdf|2024|Mazabuka Central|secondary_school_bursary|423|MAZI24/02/0423 MASOWE VLUYANDO SIYOWI 10 SCHOOL ZIMBA SECONDARY|24|ocr
CDF-2024-SUCCESSFUL-APPLICANTS-FOR-SECONDARYSCHOOL-BURSARIES-MAZABUKA-CENTRAL.pdf|2024|Mazabuka Central|secondary_school_bursary|424|MAZI24/02/320 JULU MAZABA SIYOWI M GRADE 8 SCHOOL ZAMBIA 0F MUNICIPAL lcrJBLIC MAZABUKA CIL COUN( 2024 JAN 7L9 CLERX TOWN TKE 670022, oF BOX OFFICE P.O; MAZABUKA|24|ocr
CDF-2024-SUCCESSFULAPPLICANTSFORSKILLSDEVELOPMENT-BURSARIES-MAZABUKA-CENTRAL.pdf|2024|Mazabuka Central|skills_development_bursary|2|6 6 F 6 3 1 TTUTTh VTH 1 1 0 0 3 2 1 0 9 1 I 17|0|ocr
CDF-2024-SUCCESSFULAPPLICANTSFORSKILLSDEVELOPMENT-BURSARIES-MAZABUKA-CENTRAL.pdf|2024|Mazabuka Central|skills_development_bursary|8|"I 1 7 1 W 1 H 2 1 1 1 Iv 1 I U 1 3 3 2 FVTTTF H 1 IV 1 L 4 7 1 1 1 1 11 1 1 1 1e 1 1 11 1 F0 H 1 3 W 1 0 1 W 1 1 1 1 H ITI 1 I M 1 2 M IH | U 3 8 1 HAHHH 1 7 1 8 { L 1 4 4 4 IHHMHHHHH V 1 I 1"|0|ocr
CDF-2024-SUCCESSFULAPPLICANTSFORSKILLSDEVELOPMENT-BURSARIES-MAZABUKA-CENTRAL.pdf|2024|Mazabuka Central|skills_development_bursary|9|"9 HV H HW I % 9 9 3 3 3 1 3 1 1 I 9 9 9 9 1 1 1 1 1 I 1 2 I 1 3 8 0 V 1 O e J~ ~ IN 3 8 8 c I 1 8 8 7 8 0 8 1 1 0 1 1 6 ela 8 &5 8 8 5 6 * 2 8 8 8 ~ 8 8 2 N N 8 a6 6 6 HPHHTHHTM MMHTU 1 1 0 I L | 1 7 HVH I MHTFH "" 1 5 1 IH H 6 I MTT JVHPTTTW WWM THF ITTTT "" MTTT puTT0 "" Fi 0 I I 1 HHT MV AI ITTT 7 H 2 1 1 1 I 7 1 1 1 1 1 3 1 1 1 1 1 1 9 1 9 4 4/4 5 4/5 H Eehe 11 THHHMH HH IT TT 7 01 L 3 WFH 1 HH 1 IW 9 U H 8 2 1 Hl 9 9 1 1 1 0:"|0|ocr
CDF-2024-SUCCESSFULAPPLICANTSFORSKILLSDEVELOPMENT-BURSARIES-MAZABUKA-CENTRAL.pdf|2024|Mazabuka Central|skills_development_bursary|90|"9) 9 9 3 Elx 2 2 2 2 21E1z 0 1 1 1 1 Fl 0 1 1 1 8 s 8 U 6 e at Belel: Nelx6 9 8 C Co I 3 1 1 1 8 1 2 1 1 2 1 2 1 8 2 8 8 8 5 5 x % 5 5 2 8 6 6 2 3 # 2 8 6 HMHHHHMHV HTh 3 TITU M 1 1 1 2 1 JVHHHT F 1 1 K I KXA I 1 [ TIIFTPTTTV TUT MI 1 L MTTTTTTTTT ITF MTT 1 1 IL 8 II 1 ! { 2 H M M M HL 1 1 1 I 2 2 I WA I 1 I 1 2 IV 1 1 4 4 [ 2 4 9 4 1 2 TTTT 1 VH MHHPHH H H 1 2 1 UHH 0 00 IH 1 1 H IU 1 1 7 9 3 1 3 1 2 9 8 8 9 8 8 8 I 1 1 1 1 8 9 1 9 k E Ir I 2 2 Iz 2 2 1 1 1 1 1 1 1 8 Is Ix @_e& 8 8 1 UL 3 I 8 8 1 2 D 2 2 x g 1 & 4 3 4 2 w N F 3 8 g 8 8 2 8 8 TVTTTPMH MTAHT 1 MT 1 1 1 H HV 1 H 1 L 1 177 2 IU 1 1 1 1 1 1 TTTTTTF "" M TTTT 1 1 1 1 MMTMITT TT 1 IU Lu 0 1 1 1 1 TPTFMF 1 I TVM 1 1 1 1 1 2 1 7 h 3 1 x 1 1 28 HmMMHMHMH I2U V 8 3 3 3 1 6 3 1 1 Hhh 80 Iii I 1 KH 3 1 HH HH 9 9 9 9 2 9 9 2 8 I1 2 2 2 1 1 1 1 1 2 1 2 i0 6 I6 &l_L F00253v3724 '83082 38848.321180"|1|ocr
CDF-2024-SUCCESSFULAPPLICANTSFORSKILLSDEVELOPMENT-BURSARIES-MAZABUKA-CENTRAL.pdf|2024|Mazabuka Central|skills_development_bursary|443|"73 NMOL #Z02 93] 8 0 JJNOOS vhnav YA TValiAW WdlW2e2i7124 5 8 2 2 8 8 all8 e/e 8 8 2 8 8 8 ele 8 g 8 8 HUHTTTEHMTH T| MM 1 1 M 1 L 1 HV JTTF < H E 1 1 I 1 1 8 0 1 1 1 1 1 1 JITT MTMT TTMFF 1 1 1 E HUTT HMMTT TT 1 3 8 2 1i] 0 FIIT 1 1 8 1 BTTT 1 1 2 H 1 1 1 % HL I 1 1 H 1 1 3 3 9 5 4 4 5 5 2 TMM 1 TIHTHMM 1 1 MHM 1 3 8 3 3 HH Hu VV H HH WH 1 9 9 1 1 1 1 3 1 1 1 1 1 1 8 9 9 2 9 1 2 21eE13 < < 1 0 1 1 7 1 1 1 1 1 1 1 8 8As e 2 E_H I6 IF 8 Vzo Zvw Zz00l? 79g Xua7? Ve0lli #z02 933 8 0 TJN JVal3iNW V VEWVZ 42 5 8 8bek 2 : 6 F 8 6 6 6 8 5 2 Eeeaaaalele UHMTUHH HHMTP | F 1 7 IITT 1 7 1 H Hh HUUT JHW 1 U F/ 1 H YHVP 1 1 0 TTT MJTF FJTTVFF 1 M 3 3 [1111 3 3 3 3 8 8 2 8 2 3 2 2 BIe1 2 1 8i 1 2 8 2 2 2 8 3 3 elele 2 g 8 1 1 1 0 IVIT M MUTT ITITT I 1 6 6 1 HpV 1 4 2 1 11 HFHHHFMHHMMH 3 1 6 1 1 1 0 HHU H H HHH 9 H 9 9 H 3 9 8 3 9 9 1 9 1 1 <EEEEE 2 <kzkzkz/zkzizikik E I6 s g "" Ix vxnavzvw 0*d 2z00l9 xoa 330440 Kmol26440 X4372 #Z02 933 8 0 TONo? VinavzVW TVa3iNn 'dhWn biiaau 3 8 8 5 8 5 5 8 8 HMHMMM 1 MUTTHTT I 2 1 1 F IV 0 MPVTTTT 1 3 3 1N? 1 3 3 3 3 M 1 M 1 HU 0 1 1 1 3 1 1 L I H VFHT M"|3|ocr
CDF-2024-SUCCESSFULAPPLICANTSFORSKILLSDEVELOPMENT-BURSARIES-MAZABUKA-CENTRAL.pdf|2024|Mazabuka Central|skills_development_bursary|491|"1 8 0 1i 9 9 9 1 9 8 3 1 1 9 1 1 9 2 2 ak_kb_k__y vxnavzvn ""0*4 Zz0oL9 Xog 331840 34i j0 M4z73 NMOL #z02 933 8 0 TONAO? vnavzvr JVdijNAw 31730433 Viewvz J0"|6|ocr
CDF-2024-SUCCESSFUL-APPLICANTS-FOR-YOUTH-WOMEN-AND-COMMUNITY-EMPOWERMENT-GRANTS-MAZABUKA-CENTRAL.pdf|2024|Mazabuka Central|youth_women_community_grant|7|MUNICIPAL ~BLIC MAZABORA COUNGR Municipal|0|ocr
CDF-2024-SUCCESSFUL-APPLICANTS-FOR-YOUTH-WOMEN-AND-COMMUNITY-EMPOWERMENT-GRANTS-MAZABUKA-CENTRAL.pdf|2024|Mazabuka Central|youth_women_community_grant|202|4 ( ) MAR 3 CLFRK TOWN TKE 670022, 2 OF BOX 1 SugAr OFFICE PO. MAZABUKA Of ZambiA SUCCESSFUL APPLICANTS FOR 2024 CDF YOUTH, WOMEN AND COMMUNITY EMPOWERMENT GRANTS Type of Name of Group Ward Zone No. Venture(specify) LWACINZI PATI MULTI PURPOSE COOPERATIVE SOCIETY LIMITED BENNIE MWIINGA HILLSIDE POULTRY MAZABUKA 2 GREEN FIELDS YOUTH CLUB BENNIE MWIINGA GIRLS VILLAGE BANKING 3 LUYANDO WOMEN'S CLUB BENNIE MWIINGA HIGHLANDERS POULTRY FUTURE LEADERS REUSABLE SANITARY 4 FOUNDATION BENNIE MWIINGA HILLSIDE PADS 5 TWALANGA CLUB BENNIE MWIINGA HILLSIDE POULTRY 6 CEELELA WOMEN CLUB BENNIE MWIINGA MUNTOLILO POULTRY MAZABUKA 7 TWAWIDWAHUMA CLUB BENNIE MWIINGA GIRLS POULTRY 8 TWENDELELE WOMEN'S CLUB BENNIE MWIINGA HILLSIDE POULTRY NAKUWEZA MULTI PURPOSE 9 COOPERATIVE BENNIE MWIINGA KALEYA EAST POULTRY COSP MULTI PURPOSE POULTRY AND GOAT 10 COOPERATIVE BENNIE MWIINGA KALEYA EAST REARING 11 BWACA CLUB BENNIE MWIINGA KALEYA EAST POULTRY 12 MUBUYU CLUB BENNIE MWIINGA HILLSIDE TAILORING 13 TWIIYE WOMEN'S CLUB BENNIE MWIINGA HILLSIDE POULTRY MAZABUKA 14 MAZABUKA BOXING CLUB BENNIE MWIINGA GIRLS POULTRY MUNEGOH WOMEN MULTI 15 PURPOSE COOPERATIVE BENNIE MWIINGA HILLSIDE POULTRY 16 PLAN 2000 WOMEN'S CLUB BENNIE MWIINGA HILLSIDE POULTRY MAZABUKA 17 MATALIKO YOUTH CLUB BENNIE MWIINGA GIRLS FARMING 18 BWACHA MBWAMILIMO CLUB CHIZOBO SIKALOZIA POULTRY 19 KUNDALILA WOMEN'S CLUB CHIZOBO KANGILA VILLAGE BANKING 20 SEKASEKA WOMEN'S CLUB CHIZOBO KANGILA TAILORING 21 CHILANGWA WOMEN'S CLUB CHIZOBO SIKALOZIA VILLAGE BANKING MUSUMA WELLSPRING 22 WOMEN'S CLUB CHIZOBO KANGILA POULTRY 23 KABALO CLUB CHIZOBO SIKALOZIA SAUSAGE MAKING 24 MULUBENI CLUB CHIZOBO SIKALOZIA POULTRY 25 TUJATANE WOMEN'S CLUB CHIZOBO KANGILA POULTRY 26 TWEEBELE WOMEN'S CLUB CHIZOBO SIKALOZIA VALLAGE BANKING KINGDOM PILLARS MULTI PURPOSE COOPERATIVE KAONGA FOOD PROCESSING 27 SOCIETY LIMITED 28 THE GATE OF PEACE KAONGA PIGGERY 29 MPENZENI CLUB KAONGA VILLAGE BANKING NAMUKA INNOVATIONS KAONGA FOOD PRODUCTION 30 YOUTH CLUB 31 GREEN LAND COOPERATIVE KAONGA POULTRY 32 WESIZWE COOPERATIVE KAONGA ITC REAPING WOMEN MULTI PURPOSE COOPERATIVE KAONGA POULTRY 33 SOCIETY 34 RIVERVIEW WOMENS CLUB KAONGA TAILORING 35 KALINDAWALO KAONGA VILLAGE BANKING 36 LISIMBA WOMENS CLUB KAONGA VILLAGE BANKING 9 WARDS MULTI PURPOSE KAONGA HAMMER MILL 37 COOPERATIVE SOCIETY MUZIMAI AGRI BUSINESS KAONGA NYATI POULTRY 38 WOMENS GROUP 39 THERIMOS CLUB KAONGA POULTRY 40 BEGINNER CLUB LUBOMBO LUBOMBO VILLAGE BANKING 41 SHINGA CLUB LUBOMBO MUTUMBI POULTRY 42 BULONGO CLUB LUBOMBO LUBOMBO VILLAGE BANKING 43 MWIIHA CLUB LUBOMBO LUBOMBO POULTRY 44 MAWO WOMEN'S CLUB LUBOMBO MAGOBBO HAMMER MILL 45 JATA AGUZU YOUTH CLUB LUBOMBO LUBOMBO GOAT REARING 46 MZIMBE YOUTH CLUB LUBOMBO LUBOMBO POULTRY 47 MALEELE WOMEN'S CLUB LUBOMBO LUBOMBO POULTRY LUBOMBO MUNWE OMWE TAUPWAYI NJINA 48 DEVELOPMENT CLUB LUBOMBO LUBOMBO POULTRY 49 TUJANE WOMENS CLUB LUBOMBO POULTRY 50 MUBULA CLUB LUBOMBO LUBOMBO POULTRYZAL Vm 5e Mor TUGWASHANE MULTI MAZABUKA KABOBOLA LABUKA COUNCIL 51 PURPOSE COOPERATIVE CENTRAL CENTRAL MM POULTEY MAR 3 CLERX TOWN THE 670022, OF aoX Ofpice RO. MAZARUKA LUUMUNO NDEKE WOMEN'S MAZABUKA VALLAGE BANKING 52 CLUB CENTRAL NDEKE COMMUNITY HOME MAZABUKA GOAT REARING 53 BASED CARE PROJECT CENTRAL SINAZONGWE MWEEMBA MAZABUKA PIG REARING 54 ALLIANCE COOPERATIVE CENTRAL MAZABUKA CLUB FOR MAZABUKA SIGN LANGUAGE ADVOCACY AND CENTRAL TEACHING 55 EMPOWERMENT OF THE DEAF MAZABUKA CONSTRUCTION OF A NDEKE SDA CHURCH 56 CENTRAL 1X3 CRB MAZABUKA MANGO TREE CLUB NJANJI CHICKEN REARING 57 CENTRAL MAZABUKA LEAGUE OF MERCY TUJATANE FISH PRODUCTION 58 CENTRAL MAZABUKA EBENEZER WOMEN'S CLUB NDEKE A CHICKEN REARING 59 CENTRAL MAIZE AND MAZABUKA MATALIKO COOPERATIVE SUNFLOWER CENTRAL 60 PRODUCTION TOGETHER MOVEMENT MULTIPURPOSE MAZABUKA NDEKE POULTRY COOPERATIVE SOCIETY CENTRAL 61 LIMITED MAZABUKA ALWAYS COME BACK CLUB KABOBOLA POULTRY 62 CENTRAL FAITH AND HOPE WOMENS MAZABUKA POULTRY 63 CLUB CENTRAL MAZABUKA PALEMO WOMEN'S CLUB HOSPITAL POULTRY 64 CENTRAL CUUNDU WOMEN'S MAZABUKA BAR SOAP MULTIPURPOSE CENTRAL MANUFACTURING 65 COOPERATIVE SOCIETY MAZABUKA KENELE BOX CLUB VILLAGE BANKING 66 CENTRAL MAZABUKA FISH BOYS YOUTH CLUB 13 LUSUMPUKO PIGGERY 67 CENTRAL MAZABUKA MGUDUDU CLUB HOSPITAL VILLAGE BANKING 68 CENTRAL MAZABUKA ASSOCIATION OF MAZABUKA VILLAGE BANKING 69 DISABLED WOMENS CLUB CENTRAL ZAMDTA MWATUYEYA DISABLED OFF KUNICIPAL MAZABUKA RErUBLIC MULTI-PURPOSE CO- POULTR CENTRAL MAZABUKA coURci 70 OPERATIVE SOCIETY LIMITED MAZABUKA MAR EHicKEN ATUBUKE WOMEN'S CLUB 1 3 REARING 71 CENTRAL CL TOWN TKE 670022, oF BOX OFFICE PO. MAZABUKA MAZABUKA AMAZING GRACE CLUB POULTRY 72 CENTRAL TUBOMBE AGRICULTURTAL MAZABUKA KABOBOLA CO-OPERATIVE SOCIETY POULTRY CENTRAL CENTRAL 73 LIMITED APPOLLO TUBELEKE MAZABUKA POULTRY 74 WOMEN'S CLUB CENTRAL OWN PUSHER MULTI- MAZABUKA PURPOSE CO-OPERATIVE HOSPITAL POULTRY CENTRAL 75 SOCIETY LIMITED MAZABUKA APPOLO CLUB 2 POULTRY 76 CENTRAL CHICKEN & GOAT 77 TWAATA MPCS MUGOTO MULOWO REARING JANZALIPA MULTI PURPOSE 78 COOPERATIVE SOCIETY MUGOTO ZONE 20 GOAT REARING 79 TUSEKELELE DISABLED CLUB MUGOTO MUGOTO GOAT REARING 80 CHINKOMBA YOUTH CLUB MUGOTO MUGOTO GOAT REARING TUGWASHANE WOMEN'S 81 CLUB MUGOTO MUNSANGU VILLAGE BANKING 82 CHILAMBA WOMEN'S CLUB MUGOTO CHILAMBA CHICKEN REARING MUGOTO MUSANGU FARMERS 83 CANE GROWERS GROUP MUCOTO MUNSANGU POULTRY 84 INTRERESTED YOUTH CLUB MUGOTO MUNSANGU VILLAGE BANKING 85 MARANATHA CLUB NAKAMBALA KABANJE POULTRY TOGETHER MOTION 86 COOPERATIVE NAKAMBALA NKABIKA POULTRY 87 NJONA CLUB NAKAMBALA NJOMONA POULTRY KALEYA STRONG WOMENS 88 CLUB NAKAMBALA NAKAMBALA GOAT REARING 89 SIGH AND CRY YOUTH CLUB NAKAMBALA NAKAMBALA POULTRY 90 JITOTWE CLUB NAKAMBALA 15 FARMING MBONO MULTI PURPOSE 91 COOPERATIVE NAKAMBALA NJOMONA POULTRY TSQHMO MULTI PURPOSE 92 COOPERATIVE NAKAMBALA 15 FOOD PRODUCTION ADEQUATELY SET MULTI 93 PURPOSE COOPERATIVE NAKAMBALA NKABIKA POULTRY KAMWALA MULTI PURPOSE 94 COOPERATIVE NAKAMBALA MISALE ZAL POULTRY 6r RErUBET MUNICIFTC MWAPONA MULTIPURPOSE COOPERATIVE SOCIETY NEGA NEGA NEGANEGABU44 CdUNCIL POULTRY 95 LIMITED +H AR 2024 CLERK TKE TOWN OFFICE OF 670022, P,o BoX MAZABUKA NDAMBO LUYANDO FARMERS NEGA NEGA POULTRY 96 GROUP KALIYANGILE MAZABUKA NEGA NEGA POULTRY 97 WOMENS CLUB BELEKA CANGUZU WOMENS NEGA NEGA NEGANEGA GOAT REARING 98 CLUB JANZA LISUMPULA MULTI 99 PURPOSE COOPERATIVE SIYOWI SIYOWI GOAT REARING GOOD HUMORED MULTI 100 PURPOSE COOPERATIVE SIYOWI SIYOWI PIGGERY LUSE SEVENTH DAY 101 ADVENTIST CHURCH SIYOWI POULTRY 102 KASAWU WOMEN'S CLUB SIYOWI RESEARCH POULTRY UNITED INITIATVE 103 COOPERATVE SIYOWI RESEARCH POULTRY 104 KAWAMA RESEARCH CLUB SIYOWI RESEARCH POULTRY 105 LUPO CLUB SIYOWI RESEARCH POULTRY 106 MYOONO YOUTH CLUB SIYOWI MYOONO FISH TRADING SHINESS MULTI PURPOSE 107 COOPERATIVE SIYOWI SIYOWI GOAT REARING BRILLIENT DIAMOND 108 COOPERATIVE SIYOWI NGOMA POULTRY MUNTU MUTWE HIVIAIDS 109 SUPPORT GROUP SIYOWI SiYOWI GOAT REARING 110 TUMUNIKE CLUB SIYOWI KALAMBABAKALI GOAT REARING MELVIN MANDA MULTI 111 PURPOSE COOPERATIVE SIYOWI KALAMBABAKALI GOAT REARING CABLE MULTI PURPOSE 112 COOPERATVE SIYOWI NGOMA POULTRY MAZABUKA OF Z0T MUNICIPAT 113 ONE ON ONE WOMEN'S CLUB SIYOWI GIRLS Uelid POULTRY MAZRDUHA councili 2024 MAR 1 3 CLERK TOWN THE 670022, OF BOX OFFICE PO MAZABUKA|0|ocr
SUCCESSFUL-APPLICANT-FOR-CDF-2026-EMPOWERMENT-LOANS-UNDER-REVOLVING-FUD-FOR-MAGOYE-CONSTITUENCY.pdf|2026|Magoye|empowerment_loan|1|MALAMBO CHIYOOWA ENTERPRISE MBAYA Judith Mukwita Maambo (Mrs)|0|native
SUCCESSFUL-APPLICANTS-FOR-THE-CDF-2026-CDF-EMPOWERMENT-LOANS-–-REVOLVING-ACCOUNT-–-MAZABUKA-CENTRAL-CONSTITUENCY.pdf|2026|Mazabuka Central|empowerment_loan|1|KAMULETA WOMENS CLUB BENNIE MWIINGA|0|native
SUCCESSFUL-APPLICANTS-FOR-THE-CDF-2026-CDF-EMPOWERMENT-LOANS-–-REVOLVING-ACCOUNT-–-MAZABUKA-CENTRAL-CONSTITUENCY.pdf|2026|Mazabuka Central|empowerment_loan|2|MERUDA GENERAL DEALERS KAONGA|0|native
SUCCESSFUL-APPLICANTS-FOR-THE-CDF-2026-CDF-EMPOWERMENT-LOANS-–-REVOLVING-ACCOUNT-–-MAZABUKA-CENTRAL-CONSTITUENCY.pdf|2026|Mazabuka Central|empowerment_loan|3|MUNAT ENTERPRISE LUBOMBO|0|native
SUCCESSFUL-APPLICANTS-FOR-THE-CDF-2026-CDF-EMPOWERMENT-LOANS-–-REVOLVING-ACCOUNT-–-MAZABUKA-CENTRAL-CONSTITUENCY.pdf|2026|Mazabuka Central|empowerment_loan|4|UNION TEAM INVESTMENT LTD MAZABUKA CENTRAL|0|native
SUCCESSFUL-APPLICANTS-FOR-THE-CDF-2026-CDF-EMPOWERMENT-LOANS-–-REVOLVING-ACCOUNT-–-MAZABUKA-CENTRAL-CONSTITUENCY.pdf|2026|Mazabuka Central|empowerment_loan|5|MPASAWA ENTERPRISES MUGOTO|0|native
SUCCESSFUL-APPLICANTS-FOR-THE-CDF-2026-CDF-EMPOWERMENT-LOANS-–-REVOLVING-ACCOUNT-–-MAZABUKA-CENTRAL-CONSTITUENCY.pdf|2026|Mazabuka Central|empowerment_loan|6|MANAHA GENERAL DEALERS NAKAMBALA|0|native
SUCCESSFUL-APPLICANTS-FOR-THE-CDF-2026-CDF-EMPOWERMENT-LOANS-–-REVOLVING-ACCOUNT-–-MAZABUKA-CENTRAL-CONSTITUENCY.pdf|2026|Mazabuka Central|empowerment_loan|7|MAZABUKA CONSULTANCY & GENERAL DEALERS SIYOWI Judith Mukwita Maambo (Mrs)|0|native
SECOND-BATCH-OF-SUCCESSFUL-NAMES-OF-SECONDARY-SCHOOL-LEARNERS-UNDER-SPONSORSHIP-FOR-2026-CDF-MAZ-CENTRAL.pdf|2026|Mazabuka Central|secondary_school_bursary|1|HANCHAI ROSE MAZ/SEC/26/01/094 MWIINGA F 11 SCHOOL BENNIE FORM CHIKANKATA SECONDARY|0|native
SUCCESSFUL-NAMES-OF-SECONDARY-SCHOOL-LEARNERS-UDER-SPONSORSHIP-FOR-CDF-2026-BURSARIES-MAZ-CENTRAL.pdf|2026|Mazabuka Central|secondary_school_bursary|1|FRANCINAH MAZABUKA CENTRAL BENNIE MWIINGA F 11 SCHOOL CHIKANKATA SECONDARY|0|native
SECOND-BATCH-OF-SUCCESSFUL-NAMES-OF-SECONDARY-SCHOOL-LEARNERS-UNDER-SPONSORSHIP-FOR-2026-CDF-MAZ-CENTRAL.pdf|2026|Mazabuka Central|secondary_school_bursary|2|HATEMBO VIOLET MAZ/SEC/26/01/095 MWIINGA F 1 SCHOOL MWANGA BENNIE FORM CHIKANKATA SECONDARY|0|native
SUCCESSFUL-NAMES-OF-SECONDARY-SCHOOL-LEARNERS-UDER-SPONSORSHIP-FOR-CDF-2026-BURSARIES-MAZ-CENTRAL.pdf|2026|Mazabuka Central|secondary_school_bursary|2|LIKANDO LUBINDA MAZABUKA CENTRAL BENNIE MWIINGA M 10 SCHOOL CHIKANKATA SECONDARY|0|native
SECOND-BATCH-OF-SUCCESSFUL-NAMES-OF-SECONDARY-SCHOOL-LEARNERS-UNDER-SPONSORSHIP-FOR-2026-CDF-MAZ-CENTRAL.pdf|2026|Mazabuka Central|secondary_school_bursary|3|ROSSETY MAZ/SEC/26/01/096 MWIINGA F 1 SCHOOL BENNIE FORM CHIPEMBI GIRLS SECONDARY|0|native
SUCCESSFUL-NAMES-OF-SECONDARY-SCHOOL-LEARNERS-UDER-SPONSORSHIP-FOR-CDF-2026-BURSARIES-MAZ-CENTRAL.pdf|2026|Mazabuka Central|secondary_school_bursary|3|MONZE LOUISE MAZABUKA CENTRAL BENNIE MWIINGA F 10 SCHOOL HILLCREST BOYS JANZA DELPIERO NATIONAL STEM|0|native
SECOND-BATCH-OF-SUCCESSFUL-NAMES-OF-SECONDARY-SCHOOL-LEARNERS-UNDER-SPONSORSHIP-FOR-2026-CDF-MAZ-CENTRAL.pdf|2026|Mazabuka Central|secondary_school_bursary|4|SHILAYI KIMOTE MAZ/SEC/26/01/097 MWIINGA F 1 SCHOOL BENNIE FORM|0|native
SUCCESSFUL-NAMES-OF-SECONDARY-SCHOOL-LEARNERS-UDER-SPONSORSHIP-FOR-CDF-2026-BURSARIES-MAZ-CENTRAL.pdf|2026|Mazabuka Central|secondary_school_bursary|4|LUDWIG MAZABUKA CENTRAL BENNIE MWIINGA M 8 SECONDARY SCHOOL MAKOYE SECONDARY|0|native
SECOND-BATCH-OF-SUCCESSFUL-NAMES-OF-SECONDARY-SCHOOL-LEARNERS-UNDER-SPONSORSHIP-FOR-2026-CDF-MAZ-CENTRAL.pdf|2026|Mazabuka Central|secondary_school_bursary|5|MUBITA MERCY MAZ/SEC/26/01/098 MWIINGA F 1 CHOMA SECONDARY SCHOOL MWEENE BENNIE FORM DAVID KAUNDA NATIONAL SEC-|0|native
SUCCESSFUL-NAMES-OF-SECONDARY-SCHOOL-LEARNERS-UDER-SPONSORSHIP-FOR-CDF-2026-BURSARIES-MAZ-CENTRAL.pdf|2026|Mazabuka Central|secondary_school_bursary|5|HOSONSA COILARD MAZABUKA CENTRAL BENNIE MWIINGA M 8 SCHOOL MAKOYE SECONDARY|0|native
SECOND-BATCH-OF-SUCCESSFUL-NAMES-OF-SECONDARY-SCHOOL-LEARNERS-UNDER-SPONSORSHIP-FOR-2026-CDF-MAZ-CENTRAL.pdf|2026|Mazabuka Central|secondary_school_bursary|6|CHABILO MAZ/SEC/26/01/099 MWIINGA 1 SCH SIAMAMBILE BENNIE|0|native
SUCCESSFUL-NAMES-OF-SECONDARY-SCHOOL-LEARNERS-UDER-SPONSORSHIP-FOR-CDF-2026-BURSARIES-MAZ-CENTRAL.pdf|2026|Mazabuka Central|secondary_school_bursary|6|SIMBAYI MARK MAZABUKA CENTRAL BENNIE MWIINGA M 8 SCHOOL MONZE SECONDARY|0|native
SECOND-BATCH-OF-SUCCESSFUL-NAMES-OF-SECONDARY-SCHOOL-LEARNERS-UNDER-SPONSORSHIP-FOR-2026-CDF-MAZ-CENTRAL.pdf|2026|Mazabuka Central|secondary_school_bursary|7|OLAMY MAZ/SEC/26/01/100 MWIINGA M 10 MAKOYE SECONDARY SCHOOL BENNIE|1|native
SUCCESSFUL-NAMES-OF-SECONDARY-SCHOOL-LEARNERS-UDER-SPONSORSHIP-FOR-CDF-2026-BURSARIES-MAZ-CENTRAL.pdf|2026|Mazabuka Central|secondary_school_bursary|7|MAKOYE ESTHER MAZABUKA CENTRAL BENNIE MWIINGA F 10 SCHOOL HAKANZABA A. MUNENGA SECONDARY|0|native
SECOND-BATCH-OF-SUCCESSFUL-NAMES-OF-SECONDARY-SCHOOL-LEARNERS-UNDER-SPONSORSHIP-FOR-2026-CDF-MAZ-CENTRAL.pdf|2026|Mazabuka Central|secondary_school_bursary|8|CHIMENA KEVEN MAZ/SEC/26/01/101 MWIINGA M 10 MAKOYE SECONDARY SCHOOL LUMAMBA BENNIE|1|native
SUCCESSFUL-NAMES-OF-SECONDARY-SCHOOL-LEARNERS-UDER-SPONSORSHIP-FOR-CDF-2026-BURSARIES-MAZ-CENTRAL.pdf|2026|Mazabuka Central|secondary_school_bursary|8|CHIPEGO MAZABUKA CENTRAL BENNIE MWIINGA M 8 SCHOO MUNENGA SECONDARY|0|native
SECOND-BATCH-OF-SUCCESSFUL-NAMES-OF-SECONDARY-SCHOOL-LEARNERS-UNDER-SPONSORSHIP-FOR-2026-CDF-MAZ-CENTRAL.pdf|2026|Mazabuka Central|secondary_school_bursary|9|NGWANGWANI MAZ/SEC/26/01/102 MWIINGA M 12 MAKOYE SECONDARY SCHOOL KAMUHUZA BENNIE FORM|1|native
SUCCESSFUL-NAMES-OF-SECONDARY-SCHOOL-LEARNERS-UDER-SPONSORSHIP-FOR-CDF-2026-BURSARIES-MAZ-CENTRAL.pdf|2026|Mazabuka Central|secondary_school_bursary|9|PEMBA CHISYOMYO MAZABUKA CENTRAL BENNIE MWIINGA M 10 SCHOO MUPAPA ADVENTIST|0|native
SECOND-BATCH-OF-SUCCESSFUL-NAMES-OF-SECONDARY-SCHOOL-LEARNERS-UNDER-SPONSORSHIP-FOR-2026-CDF-MAZ-CENTRAL.pdf|2026|Mazabuka Central|secondary_school_bursary|10|SHEKINAH MAZ/SEC/26/01/103 MWIINGA F 1 MAKOYE SECONDARY SCHOOL CHOOKWE BENNIE FORM|1|native
SUCCESSFUL-NAMES-OF-SECONDARY-SCHOOL-LEARNERS-UDER-SPONSORSHIP-FOR-CDF-2026-BURSARIES-MAZ-CENTRAL.pdf|2026|Mazabuka Central|secondary_school_bursary|10|CHANDA STEVE MAZABUKA CENTRAL BENNIE MWIINGA M 11 SECONDARY SCHOOL RUSANGU SECONDARY|0|native
SECOND-BATCH-OF-SUCCESSFUL-NAMES-OF-SECONDARY-SCHOOL-LEARNERS-UNDER-SPONSORSHIP-FOR-2026-CDF-MAZ-CENTRAL.pdf|2026|Mazabuka Central|secondary_school_bursary|11|ROWANI MAZ/SEC/26/01/104 MWIINGA M 1 MAKOYE SECONDARY SCHOOL BENNIE FORM|1|native
SUCCESSFUL-NAMES-OF-SECONDARY-SCHOOL-LEARNERS-UDER-SPONSORSHIP-FOR-CDF-2026-BURSARIES-MAZ-CENTRAL.pdf|2026|Mazabuka Central|secondary_school_bursary|11|CHIMUKA LUMBA MAZABUKA CENTRAL BENNIE MWIINGA F 10 SCHOOL SIKALONGO SECONDARY|0|native
SECOND-BATCH-OF-SUCCESSFUL-NAMES-OF-SECONDARY-SCHOOL-LEARNERS-UNDER-SPONSORSHIP-FOR-2026-CDF-MAZ-CENTRAL.pdf|2026|Mazabuka Central|secondary_school_bursary|12|MAINZA LISA MAZ/SEC/26/01/105 MWIINGA F 1 MAKOYE SECONDARY SCHOOL MUNKOMBWE BENNIE|1|native
SUCCESSFUL-NAMES-OF-SECONDARY-SCHOOL-LEARNERS-UDER-SPONSORSHIP-FOR-CDF-2026-BURSARIES-MAZ-CENTRAL.pdf|2026|Mazabuka Central|secondary_school_bursary|12|MUDENDA MWEEMBA MAZABUKA CENTRAL BENNIE MWIINGA F 10 SCHOOL|0|native
SECOND-BATCH-OF-SUCCESSFUL-NAMES-OF-SECONDARY-SCHOOL-LEARNERS-UNDER-SPONSORSHIP-FOR-2026-CDF-MAZ-CENTRAL.pdf|2026|Mazabuka Central|secondary_school_bursary|13|LUCKY MAZ/SEC/26/01/106 MWIINGA M 10 MASUKU SECONDARY SCHOOL KALUSA BENNIE|1|native
SUCCESSFUL-NAMES-OF-SECONDARY-SCHOOL-LEARNERS-UDER-SPONSORSHIP-FOR-CDF-2026-BURSARIES-MAZ-CENTRAL.pdf|2026|Mazabuka Central|secondary_school_bursary|13|CHIKABUKA MARY MAZABUKA CENTRAL BENNIE MWWINGA F 10 NKONKOLA SEC MARTHA CHEELO|0|native
SECOND-BATCH-OF-SUCCESSFUL-NAMES-OF-SECONDARY-SCHOOL-LEARNERS-UNDER-SPONSORSHIP-FOR-2026-CDF-MAZ-CENTRAL.pdf|2026|Mazabuka Central|secondary_school_bursary|14|GEOPHERY MAZ/SEC/26/01/107 MWIINGA M 10 MONZE SECONDARY SCHOOL CHINYONOGONA BENNIE MUNENGA SECONDARY|1|native
SUCCESSFUL-NAMES-OF-SECONDARY-SCHOOL-LEARNERS-UDER-SPONSORSHIP-FOR-CDF-2026-BURSARIES-MAZ-CENTRAL.pdf|2026|Mazabuka Central|secondary_school_bursary|14|SHINIZA MAZABUKA CENTRAL BENNIE MWWINGA F 10 NANGA SEC SCHOOL|0|native
SECOND-BATCH-OF-SUCCESSFUL-NAMES-OF-SECONDARY-SCHOOL-LEARNERS-UNDER-SPONSORSHIP-FOR-2026-CDF-MAZ-CENTRAL.pdf|2026|Mazabuka Central|secondary_school_bursary|15|JAMES MAZ/SEC/26/01/108 MWIINGA M 10 SCHOOL NYAMBE BENNIE MUNENGA SECONDARY|1|native
SUCCESSFUL-NAMES-OF-SECONDARY-SCHOOL-LEARNERS-UDER-SPONSORSHIP-FOR-CDF-2026-BURSARIES-MAZ-CENTRAL.pdf|2026|Mazabuka Central|secondary_school_bursary|15|BUSIKU LUSHOMO MAZABUKA CENTRAL BENNIE MWWINGA F 10 NIKO GIRLS|0|native
SECOND-BATCH-OF-SUCCESSFUL-NAMES-OF-SECONDARY-SCHOOL-LEARNERS-UNDER-SPONSORSHIP-FOR-2026-CDF-MAZ-CENTRAL.pdf|2026|Mazabuka Central|secondary_school_bursary|16|EMMANUEL MAZ/SEC/26/01/109 MWIINGA M 10 SCHOOL BENNIE MUNENGA SECONDARY|1|native
SUCCESSFUL-NAMES-OF-SECONDARY-SCHOOL-LEARNERS-UDER-SPONSORSHIP-FOR-CDF-2026-BURSARIES-MAZ-CENTRAL.pdf|2026|Mazabuka Central|secondary_school_bursary|16|BANDA CHIKONDI MAZABUKA CENTRAL BENNIE MWWINGA M FORM 1 CANISIUS SEC|0|native
SECOND-BATCH-OF-SUCCESSFUL-NAMES-OF-SECONDARY-SCHOOL-LEARNERS-UNDER-SPONSORSHIP-FOR-2026-CDF-MAZ-CENTRAL.pdf|2026|Mazabuka Central|secondary_school_bursary|17|MWALE RUTH MAZ/SEC/26/01/110 MWIINGA M 10 SCHOOL BENNIE MUNENGA SECONDARY|2|native
SUCCESSFUL-NAMES-OF-SECONDARY-SCHOOL-LEARNERS-UDER-SPONSORSHIP-FOR-CDF-2026-BURSARIES-MAZ-CENTRAL.pdf|2026|Mazabuka Central|secondary_school_bursary|17|MOOYA LINA MAZABUKA CENTRAL BENNIE MWWINGA F 10 MUNENGA SEC ST.MARKS SECONDARY|0|native
SECOND-BATCH-OF-SUCCESSFUL-NAMES-OF-SECONDARY-SCHOOL-LEARNERS-UNDER-SPONSORSHIP-FOR-2026-CDF-MAZ-CENTRAL.pdf|2026|Mazabuka Central|secondary_school_bursary|18|NYANGU ABEL MAZ/SEC/26/01/111 MWIINGA M 10 SCHOOL BENNIE MUNENGA SECONDARY|2|native
SUCCESSFUL-NAMES-OF-SECONDARY-SCHOOL-LEARNERS-UDER-SPONSORSHIP-FOR-CDF-2026-BURSARIES-MAZ-CENTRAL.pdf|2026|Mazabuka Central|secondary_school_bursary|18|MWEENE PRINCE MAZABUKA CENTRAL BENNIE MWIINGA M 10 SCHOOL MUNSANGU SECONDARY|0|native
SECOND-BATCH-OF-SUCCESSFUL-NAMES-OF-SECONDARY-SCHOOL-LEARNERS-UNDER-SPONSORSHIP-FOR-2026-CDF-MAZ-CENTRAL.pdf|2026|Mazabuka Central|secondary_school_bursary|19|MUSUMALI TARRY MAZ/SEC/26/01/112 MWIINGA M 12 SCHOOL MUSHIBA BENNIE FORM MUNENGA SECONDARY|2|native
SUCCESSFUL-NAMES-OF-SECONDARY-SCHOOL-LEARNERS-UDER-SPONSORSHIP-FOR-CDF-2026-BURSARIES-MAZ-CENTRAL.pdf|2026|Mazabuka Central|secondary_school_bursary|19|SUNBOY MUNDEBELE MAZABUKA CENTRAL CHIZOBO M 8 SCHOOL MUNSANGU SECONDARY|0|native
SECOND-BATCH-OF-SUCCESSFUL-NAMES-OF-SECONDARY-SCHOOL-LEARNERS-UNDER-SPONSORSHIP-FOR-2026-CDF-MAZ-CENTRAL.pdf|2026|Mazabuka Central|secondary_school_bursary|20|CHRISTOPHER MAZ/SEC/26/01/113 MWIINGA M 1 SCHOOL SIMWEELEBA BENNIE FORM MUNENGA SECONDARY|2|native
SUCCESSFUL-NAMES-OF-SECONDARY-SCHOOL-LEARNERS-UDER-SPONSORSHIP-FOR-CDF-2026-BURSARIES-MAZ-CENTRAL.pdf|2026|Mazabuka Central|secondary_school_bursary|20|SANDRA HACHIWALA MAZABUKA CENTRAL CHIZOBO F 8 SCHOOL SIKALONGA SECONDARY|0|native
SECOND-BATCH-OF-SUCCESSFUL-NAMES-OF-SECONDARY-SCHOOL-LEARNERS-UNDER-SPONSORSHIP-FOR-2026-CDF-MAZ-CENTRAL.pdf|2026|Mazabuka Central|secondary_school_bursary|21|LIWIITO MAZ/SEC/26/01/114 MWIINGA F 1 SCHOOL BENNIE FORM MUNENGA SECONDARY|2|native
SUCCESSFUL-NAMES-OF-SECONDARY-SCHOOL-LEARNERS-UDER-SPONSORSHIP-FOR-CDF-2026-BURSARIES-MAZ-CENTRAL.pdf|2026|Mazabuka Central|secondary_school_bursary|21|SAM SIABULONGO MAZABUKA CENTRAL CHIZOBO M 10 SCHOOL CHIKANKATA SECONDARY|0|native
SECOND-BATCH-OF-SUCCESSFUL-NAMES-OF-SECONDARY-SCHOOL-LEARNERS-UNDER-SPONSORSHIP-FOR-2026-CDF-MAZ-CENTRAL.pdf|2026|Mazabuka Central|secondary_school_bursary|22|MYAMBE ISAAC MAZ/SEC/26/01/115 MWIINGA M 1 SCHOOL MALAMBO BENNIE MUNSANGU SECONDARY|2|native
SUCCESSFUL-NAMES-OF-SECONDARY-SCHOOL-LEARNERS-UDER-SPONSORSHIP-FOR-CDF-2026-BURSARIES-MAZ-CENTRAL.pdf|2026|Mazabuka Central|secondary_school_bursary|22|BLESSED CHOONYA MAZABUKA CENTRAL KAONGA M 10 SCHOOL CHIKANKATA SECONDARY|1|native
SECOND-BATCH-OF-SUCCESSFUL-NAMES-OF-SECONDARY-SCHOOL-LEARNERS-UNDER-SPONSORSHIP-FOR-2026-CDF-MAZ-CENTRAL.pdf|2026|Mazabuka Central|secondary_school_bursary|23|CHOOLWE MAZ/SEC/26/01/116 MWIINGA M 10 SCHOOL BENNIE MUNSANGU SECONDARY|2|native
SUCCESSFUL-NAMES-OF-SECONDARY-SCHOOL-LEARNERS-UDER-SPONSORSHIP-FOR-CDF-2026-BURSARIES-MAZ-CENTRAL.pdf|2026|Mazabuka Central|secondary_school_bursary|23|VICTORIA NGA'NDU MAZABUKA CENTRAL KAONGA F 10 SCHOOL NANGA SECONDARY|1|native
SECOND-BATCH-OF-SUCCESSFUL-NAMES-OF-SECONDARY-SCHOOL-LEARNERS-UNDER-SPONSORSHIP-FOR-2026-CDF-MAZ-CENTRAL.pdf|2026|Mazabuka Central|secondary_school_bursary|24|MOOLA KENNETH MAZ/SEC/26/01/117 MWIINGA M 10 SCHOOL MUNSAKA BENNIE MUNSANGU SECONDARY|2|native
SUCCESSFUL-NAMES-OF-SECONDARY-SCHOOL-LEARNERS-UDER-SPONSORSHIP-FOR-CDF-2026-BURSARIES-MAZ-CENTRAL.pdf|2026|Mazabuka Central|secondary_school_bursary|24|KAYOBA STELLA MAZABUKA CENTRAL KAONGA F 8 SCHOOL RACHEAL NKONKOLA SECONDARY|1|native
SECOND-BATCH-OF-SUCCESSFUL-NAMES-OF-SECONDARY-SCHOOL-LEARNERS-UNDER-SPONSORSHIP-FOR-2026-CDF-MAZ-CENTRAL.pdf|2026|Mazabuka Central|secondary_school_bursary|25|CECILIA MAZ/SEC/26/01/118 MWIINGA F 10 SCHOOL BENNIE MUNSANGU SECONDARY|3|native
SUCCESSFUL-NAMES-OF-SECONDARY-SCHOOL-LEARNERS-UDER-SPONSORSHIP-FOR-CDF-2026-BURSARIES-MAZ-CENTRAL.pdf|2026|Mazabuka Central|secondary_school_bursary|25|KAMBWAMBWA MAZABUKA CENTRAL KAONGA F 10 SCHOOL KALOMO SECONDARY|1|native
SECOND-BATCH-OF-SUCCESSFUL-NAMES-OF-SECONDARY-SCHOOL-LEARNERS-UNDER-SPONSORSHIP-FOR-2026-CDF-MAZ-CENTRAL.pdf|2026|Mazabuka Central|secondary_school_bursary|26|MOONGA JIMMY MAZ/SEC/26/01/119 MWIINGA M 10 SCHOOL BENNIE MUNSANGU SECONDARY|3|native
SUCCESSFUL-NAMES-OF-SECONDARY-SCHOOL-LEARNERS-UDER-SPONSORSHIP-FOR-CDF-2026-BURSARIES-MAZ-CENTRAL.pdf|2026|Mazabuka Central|secondary_school_bursary|26|PREMIER HAMATIMBA MAZABUKA CENTRAL LUBOMBO F 10 SCHOOL LAWRENCE KASHIMBE MAKOYE SECONDARY|1|native
SECOND-BATCH-OF-SUCCESSFUL-NAMES-OF-SECONDARY-SCHOOL-LEARNERS-UNDER-SPONSORSHIP-FOR-2026-CDF-MAZ-CENTRAL.pdf|2026|Mazabuka Central|secondary_school_bursary|27|MAYABA MIRRIAM MAZ/SEC/26/01/120 MWIINGA F 10 SCHOOL HAMUNANDI BENNIE FORM MUNSANGU SECONDARY|3|native
SUCCESSFUL-NAMES-OF-SECONDARY-SCHOOL-LEARNERS-UDER-SPONSORSHIP-FOR-CDF-2026-BURSARIES-MAZ-CENTRAL.pdf|2026|Mazabuka Central|secondary_school_bursary|27|BLESSSING MAZABUKA CENTRAL LUBOMBO F 8 SCHOOL MONZE SECONDARY|1|native
SECOND-BATCH-OF-SUCCESSFUL-NAMES-OF-SECONDARY-SCHOOL-LEARNERS-UNDER-SPONSORSHIP-FOR-2026-CDF-MAZ-CENTRAL.pdf|2026|Mazabuka Central|secondary_school_bursary|28|CANDY MAZ/SEC/26/01/121 MWIINGA M 1 SCHOOL MUYUNDA BENNIE FORM MUNSANGU SECONDARY|3|native
SUCCESSFUL-NAMES-OF-SECONDARY-SCHOOL-LEARNERS-UDER-SPONSORSHIP-FOR-CDF-2026-BURSARIES-MAZ-CENTRAL.pdf|2026|Mazabuka Central|secondary_school_bursary|28|DIBBE YUMBE MAZABUKA CENTRAL LUBOMBO F 10 SCHOOL MONZE SECONDARY|1|native
SECOND-BATCH-OF-SUCCESSFUL-NAMES-OF-SECONDARY-SCHOOL-LEARNERS-UNDER-SPONSORSHIP-FOR-2026-CDF-MAZ-CENTRAL.pdf|2026|Mazabuka Central|secondary_school_bursary|29|PRINCE MAZ/SEC/26/01/122 MWIINGA M 1 SCHOOL BENNIE FORM MUNSANGU SECONDARY|3|native
SUCCESSFUL-NAMES-OF-SECONDARY-SCHOOL-LEARNERS-UDER-SPONSORSHIP-FOR-CDF-2026-BURSARIES-MAZ-CENTRAL.pdf|2026|Mazabuka Central|secondary_school_bursary|29|SIMON HAMAYUWA MAZABUKA CENTRAL LUBOMBO M 10 SCHOOL HABOOMBE MONZE SECONDARY|1|native
SECOND-BATCH-OF-SUCCESSFUL-NAMES-OF-SECONDARY-SCHOOL-LEARNERS-UNDER-SPONSORSHIP-FOR-2026-CDF-MAZ-CENTRAL.pdf|2026|Mazabuka Central|secondary_school_bursary|30|MIYOBA MIZINGA MAZ/SEC/26/01/123 MWIINGA M 1 SCHOOL NAMULAMBO BENNIE FORM MUNSANGU SECONDARY|3|native
SUCCESSFUL-NAMES-OF-SECONDARY-SCHOOL-LEARNERS-UDER-SPONSORSHIP-FOR-CDF-2026-BURSARIES-MAZ-CENTRAL.pdf|2026|Mazabuka Central|secondary_school_bursary|30|HAMWAAYA MAZABUKA CENTRAL LUBOMBO M 8 SCHOOL MONZE SECONDARY|1|native
SECOND-BATCH-OF-SUCCESSFUL-NAMES-OF-SECONDARY-SCHOOL-LEARNERS-UNDER-SPONSORSHIP-FOR-2026-CDF-MAZ-CENTRAL.pdf|2026|Mazabuka Central|secondary_school_bursary|31|MABLE MAZ/SEC/26/01/124 MWIINGA F 1 SCHOOL SIAKALUNDU BENNIE FORM|3|native
SUCCESSFUL-NAMES-OF-SECONDARY-SCHOOL-LEARNERS-UDER-SPONSORSHIP-FOR-CDF-2026-BURSARIES-MAZ-CENTRAL.pdf|2026|Mazabuka Central|secondary_school_bursary|31|MITHI KONDWANI MAZABUKA CENTRAL LUBOMBO F 8 SCHOOL MUNENGA SECONDARY|1|native
SECOND-BATCH-OF-SUCCESSFUL-NAMES-OF-SECONDARY-SCHOOL-LEARNERS-UNDER-SPONSORSHIP-FOR-2026-CDF-MAZ-CENTRAL.pdf|2026|Mazabuka Central|secondary_school_bursary|32|KELVIN MAZ/SEC/26/01/125 MWIINGA M 1 NANGA SECONDARY SCHOOL BENNIE FORM NJASE GIRLS SECONDARY|3|native
SUCCESSFUL-NAMES-OF-SECONDARY-SCHOOL-LEARNERS-UDER-SPONSORSHIP-FOR-CDF-2026-BURSARIES-MAZ-CENTRAL.pdf|2026|Mazabuka Central|secondary_school_bursary|32|JIMU TINASE MAZABUKA CENTRAL LUBOMBO F 10 SCHOOL MUNSANGU SECONDARY|1|native
SECOND-BATCH-OF-SUCCESSFUL-NAMES-OF-SECONDARY-SCHOOL-LEARNERS-UNDER-SPONSORSHIP-FOR-2026-CDF-MAZ-CENTRAL.pdf|2026|Mazabuka Central|secondary_school_bursary|33|MUDENDA EDEN MAZ/SEC/26/01/126 MWIINGA F 1 SCHOOL HACHIZUWA BENNIE NKONKOLA SECONDARY|3|native
SUCCESSFUL-NAMES-OF-SECONDARY-SCHOOL-LEARNERS-UDER-SPONSORSHIP-FOR-CDF-2026-BURSARIES-MAZ-CENTRAL.pdf|2026|Mazabuka Central|secondary_school_bursary|33|MUUKA MILIKA MAZABUKA CENTRAL LUBOMBO M 10 SCHOOL NAMWALA SECONDARY|1|native
SECOND-BATCH-OF-SUCCESSFUL-NAMES-OF-SECONDARY-SCHOOL-LEARNERS-UNDER-SPONSORSHIP-FOR-2026-CDF-MAZ-CENTRAL.pdf|2026|Mazabuka Central|secondary_school_bursary|34|CHRISTABEL MAZ/SEC/26/01/127 MWIINGA F 10 SCHOOL BENNIE NKONKOLA SECONDARY|4|native
SUCCESSFUL-NAMES-OF-SECONDARY-SCHOOL-LEARNERS-UDER-SPONSORSHIP-FOR-CDF-2026-BURSARIES-MAZ-CENTRAL.pdf|2026|Mazabuka Central|secondary_school_bursary|34|SAKINA SIABULO MAZABUKA CENTRAL LUBOMBO F 10 SCHOOL NANGA SECONDARY|1|native
SECOND-BATCH-OF-SUCCESSFUL-NAMES-OF-SECONDARY-SCHOOL-LEARNERS-UNDER-SPONSORSHIP-FOR-2026-CDF-MAZ-CENTRAL.pdf|2026|Mazabuka Central|secondary_school_bursary|35|MBIZA OLIVIA MAZ/SEC/26/01/128 MWIINGA F 10 SCHOOL BENNIE NKONKOLA SECONDARY|4|native
SUCCESSFUL-NAMES-OF-SECONDARY-SCHOOL-LEARNERS-UDER-SPONSORSHIP-FOR-CDF-2026-BURSARIES-MAZ-CENTRAL.pdf|2026|Mazabuka Central|secondary_school_bursary|35|DAVID SILUMBA MAZABUKA CENTRAL LUBOMBO M 10 SCHOOL NANGA SECONDARY|1|native
SECOND-BATCH-OF-SUCCESSFUL-NAMES-OF-SECONDARY-SCHOOL-LEARNERS-UNDER-SPONSORSHIP-FOR-2026-CDF-MAZ-CENTRAL.pdf|2026|Mazabuka Central|secondary_school_bursary|36|MALINDE TRACE MAZ/SEC/26/01/129 MWIINGA F 10 SCHOOL SIMALUNDU BENNIE FORM NKONKOLA SECONDARY|4|native
SUCCESSFUL-NAMES-OF-SECONDARY-SCHOOL-LEARNERS-UDER-SPONSORSHIP-FOR-CDF-2026-BURSARIES-MAZ-CENTRAL.pdf|2026|Mazabuka Central|secondary_school_bursary|36|THANDIWE NGOMA MAZABUKA CENTRAL LUBOMBO F 10 SCHOOL NANGA SECONDARY|1|native
SECOND-BATCH-OF-SUCCESSFUL-NAMES-OF-SECONDARY-SCHOOL-LEARNERS-UNDER-SPONSORSHIP-FOR-2026-CDF-MAZ-CENTRAL.pdf|2026|Mazabuka Central|secondary_school_bursary|37|LEONARD MAZ/SEC/26/01/130 MWIINGA M 1 SCHOOL BENNIE FORM NKONKOLA SECONDARY|4|native
SUCCESSFUL-NAMES-OF-SECONDARY-SCHOOL-LEARNERS-UDER-SPONSORSHIP-FOR-CDF-2026-BURSARIES-MAZ-CENTRAL.pdf|2026|Mazabuka Central|secondary_school_bursary|37|JOSEPHINE NG'ANDU MAZABUKA CENTRAL LUBOMBO F 10 SCHOOL NANGA SECONDARY|1|native
SECOND-BATCH-OF-SUCCESSFUL-NAMES-OF-SECONDARY-SCHOOL-LEARNERS-UNDER-SPONSORSHIP-FOR-2026-CDF-MAZ-CENTRAL.pdf|2026|Mazabuka Central|secondary_school_bursary|38|MUUNGO JUDITH MAZ/SEC/26/01/131 MWIINGA F 1 SCHOOL BENNIE FORM|4|native
SUCCESSFUL-NAMES-OF-SECONDARY-SCHOOL-LEARNERS-UDER-SPONSORSHIP-FOR-CDF-2026-BURSARIES-MAZ-CENTRAL.pdf|2026|Mazabuka Central|secondary_school_bursary|38|NAOMI KATOTI MAZABUKA CENTRAL LUBOMBO F 10 SCHOOL PRECIOUS ELLEN NANGA SECONDARY|1|native
SECOND-BATCH-OF-SUCCESSFUL-NAMES-OF-SECONDARY-SCHOOL-LEARNERS-UNDER-SPONSORSHIP-FOR-2026-CDF-MAZ-CENTRAL.pdf|2026|Mazabuka Central|secondary_school_bursary|39|MWIINGA PAXINA MAZ/SEC/26/01/132 MWIINGA F 1 MAKOYE SECONDARY SCHOOL BENNIE FORM NKONKOLA SECONDARY|4|native
SUCCESSFUL-NAMES-OF-SECONDARY-SCHOOL-LEARNERS-UDER-SPONSORSHIP-FOR-CDF-2026-BURSARIES-MAZ-CENTRAL.pdf|2026|Mazabuka Central|secondary_school_bursary|39|MWAMBA MAZABUKA CENTRAL LUBOMBO F 8 SCHOOL NANGA SECONDARY|1|native
SECOND-BATCH-OF-SUCCESSFUL-NAMES-OF-SECONDARY-SCHOOL-LEARNERS-UNDER-SPONSORSHIP-FOR-2026-CDF-MAZ-CENTRAL.pdf|2026|Mazabuka Central|secondary_school_bursary|40|PHIRI NEKITA MAZ/SEC/26/01/133 MWIINGA F 1 SCHOOL MUTALE BENNIE FORM NKONKOLA SECONDARY|4|native
SUCCESSFUL-NAMES-OF-SECONDARY-SCHOOL-LEARNERS-UDER-SPONSORSHIP-FOR-CDF-2026-BURSARIES-MAZ-CENTRAL.pdf|2026|Mazabuka Central|secondary_school_bursary|40|FAITH KATOTI MULILO MAZABUKA CENTRAL LUBOMBO F 10 SCHOOL NANGA SECONDARY|1|native
SECOND-BATCH-OF-SUCCESSFUL-NAMES-OF-SECONDARY-SCHOOL-LEARNERS-UNDER-SPONSORSHIP-FOR-2026-CDF-MAZ-CENTRAL.pdf|2026|Mazabuka Central|secondary_school_bursary|41|BLESSINGS MAZ/SEC/26/01/134 MWIINGA F 1 SCHOOL BENNIE FORM|4|native
SUCCESSFUL-NAMES-OF-SECONDARY-SCHOOL-LEARNERS-UDER-SPONSORSHIP-FOR-CDF-2026-BURSARIES-MAZ-CENTRAL.pdf|2026|Mazabuka Central|secondary_school_bursary|41|ACKIM NYOWANI MAZABUKA CENTRAL LUBOMBO M 10 SCHOOL NANGA SECONDARY|1|native
SECOND-BATCH-OF-SUCCESSFUL-NAMES-OF-SECONDARY-SCHOOL-LEARNERS-UNDER-SPONSORSHIP-FOR-2026-CDF-MAZ-CENTRAL.pdf|2026|Mazabuka Central|secondary_school_bursary|42|SIAFWILA GIFT MAZ/SEC/26/01/135 MWIINGA M 1 PEMBA SECONDARY SCHOOL MANDA BENNIE RUSANGU SECONDARY|4|native
SUCCESSFUL-NAMES-OF-SECONDARY-SCHOOL-LEARNERS-UDER-SPONSORSHIP-FOR-CDF-2026-BURSARIES-MAZ-CENTRAL.pdf|2026|Mazabuka Central|secondary_school_bursary|42|ANNA SALIZAZI MAZABUKA CENTRAL LUBOMBO F NIL SCHOOL NANGA SECONDARY|1|native
SECOND-BATCH-OF-SUCCESSFUL-NAMES-OF-SECONDARY-SCHOOL-LEARNERS-UNDER-SPONSORSHIP-FOR-2026-CDF-MAZ-CENTRAL.pdf|2026|Mazabuka Central|secondary_school_bursary|43|SAMANTHA MAZ/SEC/26/01/136 MWIINGA F 10 SCHOOL KANCHELE BENNIE RUSANGU SECONDARY|5|native
SUCCESSFUL-NAMES-OF-SECONDARY-SCHOOL-LEARNERS-UDER-SPONSORSHIP-FOR-CDF-2026-BURSARIES-MAZ-CENTRAL.pdf|2026|Mazabuka Central|secondary_school_bursary|43|MUBESHI BLESSING MAZABUKA CENTRAL LUBOMBO F 10 SCHOOL NKONKOLA SECONDARY|1|native
SECOND-BATCH-OF-SUCCESSFUL-NAMES-OF-SECONDARY-SCHOOL-LEARNERS-UNDER-SPONSORSHIP-FOR-2026-CDF-MAZ-CENTRAL.pdf|2026|Mazabuka Central|secondary_school_bursary|44|BEATRICE MAZ/SEC/26/01/137 MWIINGA F 11 SCHOOL BENNIE FORM RUSANGU SECONDARY|5|native
SUCCESSFUL-NAMES-OF-SECONDARY-SCHOOL-LEARNERS-UDER-SPONSORSHIP-FOR-CDF-2026-BURSARIES-MAZ-CENTRAL.pdf|2026|Mazabuka Central|secondary_school_bursary|44|SINYEMU CHABOTA MAZABUKA CENTRAL LUBOMBO F 10 SCHOOL SIAVONGA SECONDARY|1|native
SECOND-BATCH-OF-SUCCESSFUL-NAMES-OF-SECONDARY-SCHOOL-LEARNERS-UNDER-SPONSORSHIP-FOR-2026-CDF-MAZ-CENTRAL.pdf|2026|Mazabuka Central|secondary_school_bursary|45|MALUBA MOONGA MAZ/SEC/26/01/138 MWIINGA M 1 SCHOOL BENNIE FORM SIAVONGA SECONDARY|5|native
SUCCESSFUL-NAMES-OF-SECONDARY-SCHOOL-LEARNERS-UDER-SPONSORSHIP-FOR-CDF-2026-BURSARIES-MAZ-CENTRAL.pdf|2026|Mazabuka Central|secondary_school_bursary|45|MAZUBA MWIINGA MAZABUKA CENTRAL LUBOMBO M 8 SCHOOL MUSANGU SECONDARY|1|native
SECOND-BATCH-OF-SUCCESSFUL-NAMES-OF-SECONDARY-SCHOOL-LEARNERS-UNDER-SPONSORSHIP-FOR-2026-CDF-MAZ-CENTRAL.pdf|2026|Mazabuka Central|secondary_school_bursary|46|MASIYE FAVOUR MAZ/SEC/26/01/139 MWIINGA F 1 SCHOOL CHUUNGUMA BENNIE FORM SIAVONGA SECONDARY|5|native
SUCCESSFUL-NAMES-OF-SECONDARY-SCHOOL-LEARNERS-UDER-SPONSORSHIP-FOR-CDF-2026-BURSARIES-MAZ-CENTRAL.pdf|2026|Mazabuka Central|secondary_school_bursary|46|joseph rupiah mwanza MAZABUKA CENTRAL LUBOMBO m 10 SCHOOL ST MARKS SESONDARY|1|native
SECOND-BATCH-OF-SUCCESSFUL-NAMES-OF-SECONDARY-SCHOOL-LEARNERS-UNDER-SPONSORSHIP-FOR-2026-CDF-MAZ-CENTRAL.pdf|2026|Mazabuka Central|secondary_school_bursary|47|PRETTY MAZ/SEC/26/01/140 MWIINGA F 1 SCHOOL BENNIE SIKALONGO SECONDARY|5|native
SUCCESSFUL-NAMES-OF-SECONDARY-SCHOOL-LEARNERS-UDER-SPONSORSHIP-FOR-CDF-2026-BURSARIES-MAZ-CENTRAL.pdf|2026|Mazabuka Central|secondary_school_bursary|47|patrick Njobvu MAZABUKA CENTRAL LUBOMBO m 11 SCHOOL SIKALONGO SECONDARY|1|native
SECOND-BATCH-OF-SUCCESSFUL-NAMES-OF-SECONDARY-SCHOOL-LEARNERS-UNDER-SPONSORSHIP-FOR-2026-CDF-MAZ-CENTRAL.pdf|2026|Mazabuka Central|secondary_school_bursary|48|PHIRI NIZA MAZ/SEC/26/01/141 MWIINGA F 10 SCHOOL BENNIE FORM ST JOSEPHS SECONDARY|5|native
SUCCESSFUL-NAMES-OF-SECONDARY-SCHOOL-LEARNERS-UDER-SPONSORSHIP-FOR-CDF-2026-BURSARIES-MAZ-CENTRAL.pdf|2026|Mazabuka Central|secondary_school_bursary|48|MUSOKA CAFEB MAZABUKA CENTRAL LUBOMBO M 8 SCHOOL HANANG'OMBE MEEK CANISIUS SECONDARY|1|native
SECOND-BATCH-OF-SUCCESSFUL-NAMES-OF-SECONDARY-SCHOOL-LEARNERS-UNDER-SPONSORSHIP-FOR-2026-CDF-MAZ-CENTRAL.pdf|2026|Mazabuka Central|secondary_school_bursary|49|KAYULA CHEWE MAZ/SEC/26/01/142 MWIINGA F 1 SCHOOL BENNIE FORM ST JOSEPHS SECONDARY|5|native
SUCCESSFUL-NAMES-OF-SECONDARY-SCHOOL-LEARNERS-UDER-SPONSORSHIP-FOR-CDF-2026-BURSARIES-MAZ-CENTRAL.pdf|2026|Mazabuka Central|secondary_school_bursary|49|MULAWA MAZABUKA CENTRAL MAZ CENTRAL M 8 SCHOOL MUNENGA SECONDARY|1|native
SECOND-BATCH-OF-SUCCESSFUL-NAMES-OF-SECONDARY-SCHOOL-LEARNERS-UNDER-SPONSORSHIP-FOR-2026-CDF-MAZ-CENTRAL.pdf|2026|Mazabuka Central|secondary_school_bursary|50|MOOYA ROSE MAZ/SEC/26/01/143 MWIINGA F 1 SCHOOL MULEYA MIRACLE BENNIE FORM ST JOSEPHS SECONDARY|5|native
SUCCESSFUL-NAMES-OF-SECONDARY-SCHOOL-LEARNERS-UDER-SPONSORSHIP-FOR-CDF-2026-BURSARIES-MAZ-CENTRAL.pdf|2026|Mazabuka Central|secondary_school_bursary|50|INNOCENT KANGUMU MAZABUKA CENTRAL MAZ CENTRAL M 11 SCHOOL MUNSANGU SECONDARY|1|native
SECOND-BATCH-OF-SUCCESSFUL-NAMES-OF-SECONDARY-SCHOOL-LEARNERS-UNDER-SPONSORSHIP-FOR-2026-CDF-MAZ-CENTRAL.pdf|2026|Mazabuka Central|secondary_school_bursary|51|GRAYBILL MAZ/SEC/26/01/144 MWIINGA F 1 SCHOOL BENNIE FORM ST JOSEPHS SECONDARY|6|native
SUCCESSFUL-NAMES-OF-SECONDARY-SCHOOL-LEARNERS-UDER-SPONSORSHIP-FOR-CDF-2026-BURSARIES-MAZ-CENTRAL.pdf|2026|Mazabuka Central|secondary_school_bursary|51|BRENDA MATAKALA MAZABUKA CENTRAL MAZ CENTRAL F 10 SCHOOL NKONKOLA SECONDARY|2|native
SECOND-BATCH-OF-SUCCESSFUL-NAMES-OF-SECONDARY-SCHOOL-LEARNERS-UNDER-SPONSORSHIP-FOR-2026-CDF-MAZ-CENTRAL.pdf|2026|Mazabuka Central|secondary_school_bursary|52|ICYREZI INESS MAZ/SEC/26/01/145 MWIINGA F 1 SCHOOL KAPEMBWA MUKA BENNIE ST MARKS SECONDARY|6|native
SUCCESSFUL-NAMES-OF-SECONDARY-SCHOOL-LEARNERS-UDER-SPONSORSHIP-FOR-CDF-2026-BURSARIES-MAZ-CENTRAL.pdf|2026|Mazabuka Central|secondary_school_bursary|52|SHABITA LUYANDO MAZABUKA CENTRAL MAZ CENTRAL M 10 SCHOOL RUSANGU SECONDARY|2|native
SECOND-BATCH-OF-SUCCESSFUL-NAMES-OF-SECONDARY-SCHOOL-LEARNERS-UNDER-SPONSORSHIP-FOR-2026-CDF-MAZ-CENTRAL.pdf|2026|Mazabuka Central|secondary_school_bursary|53|MARSHALL MAZ/SEC/26/01/146 MWIINGA M 10 SCHOOL BLESSING JOSEPH BENNIE FORM ST. CANISIUS SECONDARY|6|native
SUCCESSFUL-NAMES-OF-SECONDARY-SCHOOL-LEARNERS-UDER-SPONSORSHIP-FOR-CDF-2026-BURSARIES-MAZ-CENTRAL.pdf|2026|Mazabuka Central|secondary_school_bursary|53|SIMWEEMBA MANFRED MAZABUKA CENTRAL MAZ CENTRAL M 8 SCHOOL ST. MULUMBA SPECIAL|2|native
SECOND-BATCH-OF-SUCCESSFUL-NAMES-OF-SECONDARY-SCHOOL-LEARNERS-UNDER-SPONSORSHIP-FOR-2026-CDF-MAZ-CENTRAL.pdf|2026|Mazabuka Central|secondary_school_bursary|54|CHABINGA MAZ/SEC/26/01/147 MWIINGA M 1 SCHOOL BENNIE FORM ST. CANISIUS SECONDARY|6|native
SUCCESSFUL-NAMES-OF-SECONDARY-SCHOOL-LEARNERS-UDER-SPONSORSHIP-FOR-CDF-2026-BURSARIES-MAZ-CENTRAL.pdf|2026|Mazabuka Central|secondary_school_bursary|54|MUMBA BETINA MAZABUKA CENTRAL MAZ CENTRAL F 10 SCHOOL CHITENDE SECONDARY|2|native
SECOND-BATCH-OF-SUCCESSFUL-NAMES-OF-SECONDARY-SCHOOL-LEARNERS-UNDER-SPONSORSHIP-FOR-2026-CDF-MAZ-CENTRAL.pdf|2026|Mazabuka Central|secondary_school_bursary|55|CHILUBA CHIKUNI MAZ/SEC/26/01/148 MWIINGA M 1 SCHOOL WAMUNDILA BENNIE FORM ST. MARK'S SECONDARY|6|native
SUCCESSFUL-NAMES-OF-SECONDARY-SCHOOL-LEARNERS-UDER-SPONSORSHIP-FOR-CDF-2026-BURSARIES-MAZ-CENTRAL.pdf|2026|Mazabuka Central|secondary_school_bursary|55|SIMWEENDA EUNICE MAZABUKA CENTRAL MUGOTO F 8 SCHOOL CHOMA SECONDARY|2|native
SECOND-BATCH-OF-SUCCESSFUL-NAMES-OF-SECONDARY-SCHOOL-LEARNERS-UNDER-SPONSORSHIP-FOR-2026-CDF-MAZ-CENTRAL.pdf|2026|Mazabuka Central|secondary_school_bursary|56|MOSES MAZ/SEC/26/01/149 MWIINGA M 1 SCHOOL BENNIE FORM ST. MARK'S SECONDARY|6|native
SUCCESSFUL-NAMES-OF-SECONDARY-SCHOOL-LEARNERS-UDER-SPONSORSHIP-FOR-CDF-2026-BURSARIES-MAZ-CENTRAL.pdf|2026|Mazabuka Central|secondary_school_bursary|56|NAMBULA OLLEAI MAZABUKA CENTRAL MUGOTO M 10 SCHOOL KALOMO SECONDARY|2|native
SECOND-BATCH-OF-SUCCESSFUL-NAMES-OF-SECONDARY-SCHOOL-LEARNERS-UNDER-SPONSORSHIP-FOR-2026-CDF-MAZ-CENTRAL.pdf|2026|Mazabuka Central|secondary_school_bursary|57|ZIMBA DANIEL MAZ/SEC/26/01/150 MWIINGA M 1 SCHOOL MWIINGA BENNIE MUNENGA SECONDARY|6|native
SUCCESSFUL-NAMES-OF-SECONDARY-SCHOOL-LEARNERS-UDER-SPONSORSHIP-FOR-CDF-2026-BURSARIES-MAZ-CENTRAL.pdf|2026|Mazabuka Central|secondary_school_bursary|57|CHEELO CONISTER MAZABUKA CENTRAL MUGOTO F 8 SCHOOL MUNSANGU SECONDARY|2|native
SECOND-BATCH-OF-SUCCESSFUL-NAMES-OF-SECONDARY-SCHOOL-LEARNERS-UNDER-SPONSORSHIP-FOR-2026-CDF-MAZ-CENTRAL.pdf|2026|Mazabuka Central|secondary_school_bursary|58|CHOOLWE MAZ/SEC/26/01/538 MWIINGA F 10 SCHOOL MUKELABAI BENNIE MUNENGA SECONDARY|6|native
SUCCESSFUL-NAMES-OF-SECONDARY-SCHOOL-LEARNERS-UDER-SPONSORSHIP-FOR-CDF-2026-BURSARIES-MAZ-CENTRAL.pdf|2026|Mazabuka Central|secondary_school_bursary|58|MOSES MWIINGA MAZABUKA CENTRAL MUGOTO M 8 SCHOOL MUNSANGU SECONDARY|2|native
SECOND-BATCH-OF-SUCCESSFUL-NAMES-OF-SECONDARY-SCHOOL-LEARNERS-UNDER-SPONSORSHIP-FOR-2026-CDF-MAZ-CENTRAL.pdf|2026|Mazabuka Central|secondary_school_bursary|59|ELIZABETH MAZ/SEC/26/01/539 MWIINGA F 10 SCHOOL WAMUNDILA BENNIE ST JOSEPHS SECONDARY|7|native
SUCCESSFUL-NAMES-OF-SECONDARY-SCHOOL-LEARNERS-UDER-SPONSORSHIP-FOR-CDF-2026-BURSARIES-MAZ-CENTRAL.pdf|2026|Mazabuka Central|secondary_school_bursary|59|SIACHIBOLA TULIEN MAZABUKA CENTRAL MUGOTO F 10 SCHOOL MUNSANGU SECONDARY|2|native
SECOND-BATCH-OF-SUCCESSFUL-NAMES-OF-SECONDARY-SCHOOL-LEARNERS-UNDER-SPONSORSHIP-FOR-2026-CDF-MAZ-CENTRAL.pdf|2026|Mazabuka Central|secondary_school_bursary|60|JOYCE MAZ/SEC/26/01/540 MWIINGA F 10 SCHOOL BENNIE FORM MUNENGA SECONDARY|7|native
SUCCESSFUL-NAMES-OF-SECONDARY-SCHOOL-LEARNERS-UDER-SPONSORSHIP-FOR-CDF-2026-BURSARIES-MAZ-CENTRAL.pdf|2026|Mazabuka Central|secondary_school_bursary|60|DORCUS KANJUYE MAZABUKA CENTRAL MUGOTO F 8 SCHOOL MUNSANGU SECONDARY|2|native
SECOND-BATCH-OF-SUCCESSFUL-NAMES-OF-SECONDARY-SCHOOL-LEARNERS-UNDER-SPONSORSHIP-FOR-2026-CDF-MAZ-CENTRAL.pdf|2026|Mazabuka Central|secondary_school_bursary|61|MUMBA ASHER MAZ/SEC/26/01/541 MWIINGA M 1 SCHOOL|7|native
SUCCESSFUL-NAMES-OF-SECONDARY-SCHOOL-LEARNERS-UDER-SPONSORSHIP-FOR-CDF-2026-BURSARIES-MAZ-CENTRAL.pdf|2026|Mazabuka Central|secondary_school_bursary|61|PRESCOVIA KANJUYE MAZABUKA CENTRAL MUGOTO F 8 SCHOOL MUNSANGU SECONDARY|2|native
SECOND-BATCH-OF-SUCCESSFUL-NAMES-OF-SECONDARY-SCHOOL-LEARNERS-UNDER-SPONSORSHIP-FOR-2026-CDF-MAZ-CENTRAL.pdf|2026|Mazabuka Central|secondary_school_bursary|62|JELUSA NORMAN MAZ/SEC/26/09/151 CHIZOBO M 10 MAKOYE SECONDARY SCHOOL NAMWIINGA FORM|7|native
SUCCESSFUL-NAMES-OF-SECONDARY-SCHOOL-LEARNERS-UDER-SPONSORSHIP-FOR-CDF-2026-BURSARIES-MAZ-CENTRAL.pdf|2026|Mazabuka Central|secondary_school_bursary|62|MELODY CHIVWENDE MAZABUKA CENTRAL MUGOTO F 10 SCHOOL MUNSANGU SECONDARY|2|native
SECOND-BATCH-OF-SUCCESSFUL-NAMES-OF-SECONDARY-SCHOOL-LEARNERS-UNDER-SPONSORSHIP-FOR-2026-CDF-MAZ-CENTRAL.pdf|2026|Mazabuka Central|secondary_school_bursary|63|SEKELETI MAZ/SEC/26/09/152 CHIZOBO F 1 MAKOYE SECONDARY SCHOOL HAMOONGA FORM|7|native
SUCCESSFUL-NAMES-OF-SECONDARY-SCHOOL-LEARNERS-UDER-SPONSORSHIP-FOR-CDF-2026-BURSARIES-MAZ-CENTRAL.pdf|2026|Mazabuka Central|secondary_school_bursary|63|HANGOMA JUSTINE MAZABUKA CENTRAL MUGOTO M 8 SCHOOL MUNSANGU SECONDARY|2|native
SECOND-BATCH-OF-SUCCESSFUL-NAMES-OF-SECONDARY-SCHOOL-LEARNERS-UNDER-SPONSORSHIP-FOR-2026-CDF-MAZ-CENTRAL.pdf|2026|Mazabuka Central|secondary_school_bursary|64|MUTINTA WINNIE MAZ/SEC/26/09/153 CHIZOBO F 1 MAKOYE SECONDARY SCHOOL CHILILEKA|7|native
SUCCESSFUL-NAMES-OF-SECONDARY-SCHOOL-LEARNERS-UDER-SPONSORSHIP-FOR-CDF-2026-BURSARIES-MAZ-CENTRAL.pdf|2026|Mazabuka Central|secondary_school_bursary|64|GODFREY MWEEMBA MAZABUKA CENTRAL MUGOTO M 10 SCHOOL HAMOOYA MICHEAL MUNSANGU SECONDARY|2|native
SECOND-BATCH-OF-SUCCESSFUL-NAMES-OF-SECONDARY-SCHOOL-LEARNERS-UNDER-SPONSORSHIP-FOR-2026-CDF-MAZ-CENTRAL.pdf|2026|Mazabuka Central|secondary_school_bursary|65|INGNITIOUS MAZ/SEC/26/09/154 CHIZOBO M 10 MONZE SECONDARY SCHOOL MUSHOTA|7|native
SUCCESSFUL-NAMES-OF-SECONDARY-SCHOOL-LEARNERS-UDER-SPONSORSHIP-FOR-CDF-2026-BURSARIES-MAZ-CENTRAL.pdf|2026|Mazabuka Central|secondary_school_bursary|65|CHOONYA MAZABUKA CENTRAL MUGOTO M 8 SCHOOL NANGA SECONDARY|2|native
SECOND-BATCH-OF-SUCCESSFUL-NAMES-OF-SECONDARY-SCHOOL-LEARNERS-UNDER-SPONSORSHIP-FOR-2026-CDF-MAZ-CENTRAL.pdf|2026|Mazabuka Central|secondary_school_bursary|66|NATASHA MAZ/SEC/26/09/155 CHIZOBO F 10 MONZE SECONDARY SCHOOL MUNENGA SECONDARY|7|native
SUCCESSFUL-NAMES-OF-SECONDARY-SCHOOL-LEARNERS-UDER-SPONSORSHIP-FOR-CDF-2026-BURSARIES-MAZ-CENTRAL.pdf|2026|Mazabuka Central|secondary_school_bursary|66|DAKA GRACE MAZABUKA CENTRAL MUGOTO F 10 SCHOOL|2|native
SECOND-BATCH-OF-SUCCESSFUL-NAMES-OF-SECONDARY-SCHOOL-LEARNERS-UNDER-SPONSORSHIP-FOR-2026-CDF-MAZ-CENTRAL.pdf|2026|Mazabuka Central|secondary_school_bursary|67|PHIRI CLIVE MAZ/SEC/26/09/156 CHIZOBO M 10 SCHOOL SOPO LAWRENCE MUNENGA SECONDARY|7|native
SUCCESSFUL-NAMES-OF-SECONDARY-SCHOOL-LEARNERS-UDER-SPONSORSHIP-FOR-CDF-2026-BURSARIES-MAZ-CENTRAL.pdf|2026|Mazabuka Central|secondary_school_bursary|67|HANKALU ELLY MAZABUKA CENTRAL MUGOTO F FORM 1 MUNSANGU SEC SCH|2|native
SECOND-BATCH-OF-SUCCESSFUL-NAMES-OF-SECONDARY-SCHOOL-LEARNERS-UNDER-SPONSORSHIP-FOR-2026-CDF-MAZ-CENTRAL.pdf|2026|Mazabuka Central|secondary_school_bursary|68|JUNIOR MAZ/SEC/26/09/157 CHIZOBO M 10 SCHOOL HACHILANGU FORM MUNENGA SECONDARY|8|native
SUCCESSFUL-NAMES-OF-SECONDARY-SCHOOL-LEARNERS-UDER-SPONSORSHIP-FOR-CDF-2026-BURSARIES-MAZ-CENTRAL.pdf|2026|Mazabuka Central|secondary_school_bursary|68|KASALI CLEMENT JR MAZABUKA CENTRAL MUGOTO M FORM 1 MUNSANGU SEC SCH|2|native
SECOND-BATCH-OF-SUCCESSFUL-NAMES-OF-SECONDARY-SCHOOL-LEARNERS-UNDER-SPONSORSHIP-FOR-2026-CDF-MAZ-CENTRAL.pdf|2026|Mazabuka Central|secondary_school_bursary|69|PURITY MAZ/SEC/26/09/158 CHIZOBO F 1 SCHOOL FORM MUNENGA SECONDARY|8|native
SUCCESSFUL-NAMES-OF-SECONDARY-SCHOOL-LEARNERS-UDER-SPONSORSHIP-FOR-CDF-2026-BURSARIES-MAZ-CENTRAL.pdf|2026|Mazabuka Central|secondary_school_bursary|69|HLUWO FRANCIS MAZABUKA CENTRAL MUGOTO M 10 MUNSANGU SEC SCH|2|native
SECOND-BATCH-OF-SUCCESSFUL-NAMES-OF-SECONDARY-SCHOOL-LEARNERS-UNDER-SPONSORSHIP-FOR-2026-CDF-MAZ-CENTRAL.pdf|2026|Mazabuka Central|secondary_school_bursary|70|MIYOBA HAGGAI MAZ/SEC/26/09/159 CHIZOBO M 1 SCHOOL FORM MUNENGA SECONDARY|8|native
SUCCESSFUL-NAMES-OF-SECONDARY-SCHOOL-LEARNERS-UDER-SPONSORSHIP-FOR-CDF-2026-BURSARIES-MAZ-CENTRAL.pdf|2026|Mazabuka Central|secondary_school_bursary|70|KANJUYE DORCUS MAZABUKA CENTRAL MUGOTO F FORM 1 MUNSANGU SEC SCH RUSANGU SECONDARY|2|native
SECOND-BATCH-OF-SUCCESSFUL-NAMES-OF-SECONDARY-SCHOOL-LEARNERS-UNDER-SPONSORSHIP-FOR-2026-CDF-MAZ-CENTRAL.pdf|2026|Mazabuka Central|secondary_school_bursary|71|CHUUBO DAVID MAZ/SEC/26/09/160 CHIZOBO M 1 SCHOOL MUNSANGU SECONDARY|8|native
SUCCESSFUL-NAMES-OF-SECONDARY-SCHOOL-LEARNERS-UDER-SPONSORSHIP-FOR-CDF-2026-BURSARIES-MAZ-CENTRAL.pdf|2026|Mazabuka Central|secondary_school_bursary|71|ALBERT LUNGU MAZABUKA CENTRAL MUGOTO M 8 SCHOOL JEMBO SECONDARY|2|native
SECOND-BATCH-OF-SUCCESSFUL-NAMES-OF-SECONDARY-SCHOOL-LEARNERS-UNDER-SPONSORSHIP-FOR-2026-CDF-MAZ-CENTRAL.pdf|2026|Mazabuka Central|secondary_school_bursary|72|MUDENDA ALICE MAZ/SEC/26/09/161 CHIZOBO F 10 SCHOOL CHIKALAMALI MUNSANGU SECONDARY|8|native
SUCCESSFUL-NAMES-OF-SECONDARY-SCHOOL-LEARNERS-UDER-SPONSORSHIP-FOR-CDF-2026-BURSARIES-MAZ-CENTRAL.pdf|2026|Mazabuka Central|secondary_school_bursary|72|KEEMBE MIYOBA MAZABUKA CENTRAL NAKAMBALA M 10 SCHOOL MAKOYE SECONDARY|2|native
SECOND-BATCH-OF-SUCCESSFUL-NAMES-OF-SECONDARY-SCHOOL-LEARNERS-UNDER-SPONSORSHIP-FOR-2026-CDF-MAZ-CENTRAL.pdf|2026|Mazabuka Central|secondary_school_bursary|73|NANCY MAZ/SEC/26/09/162 CHIZOBO F 10 SCHOOL MUNSANGU SECONDARY|8|native
SUCCESSFUL-NAMES-OF-SECONDARY-SCHOOL-LEARNERS-UDER-SPONSORSHIP-FOR-CDF-2026-BURSARIES-MAZ-CENTRAL.pdf|2026|Mazabuka Central|secondary_school_bursary|73|SINDEMBI EDITH MAZABUKA CENTRAL NAKAMBALA F 8 SCHOOL MUNENGA SECONDARY F|2|native
SECOND-BATCH-OF-SUCCESSFUL-NAMES-OF-SECONDARY-SCHOOL-LEARNERS-UNDER-SPONSORSHIP-FOR-2026-CDF-MAZ-CENTRAL.pdf|2026|Mazabuka Central|secondary_school_bursary|74|BEENE GRASON MAZ/SEC/26/09/163 CHIZOBO M 10 SCHOOL MUNSANGU SECONDARY|8|native
SUCCESSFUL-NAMES-OF-SECONDARY-SCHOOL-LEARNERS-UDER-SPONSORSHIP-FOR-CDF-2026-BURSARIES-MAZ-CENTRAL.pdf|2026|Mazabuka Central|secondary_school_bursary|74|SERAH CHIZYUKA MAZABUKA CENTRAL NAKAMBALA 8 SCHOOL MUNSANGU SECONDARY|2|native
SECOND-BATCH-OF-SUCCESSFUL-NAMES-OF-SECONDARY-SCHOOL-LEARNERS-UNDER-SPONSORSHIP-FOR-2026-CDF-MAZ-CENTRAL.pdf|2026|Mazabuka Central|secondary_school_bursary|75|NICOLAS CHEELO MAZ/SEC/26/09/164 CHIZOBO M 10 SCHOOL MUNSANGU SECONDARY|8|native
SUCCESSFUL-NAMES-OF-SECONDARY-SCHOOL-LEARNERS-UDER-SPONSORSHIP-FOR-CDF-2026-BURSARIES-MAZ-CENTRAL.pdf|2026|Mazabuka Central|secondary_school_bursary|75|IDAH MUSONDA MAZABUKA CENTRAL NAKAMBALA F 11 SCHOOL MUNSANGU SECONDARY|2|native
SECOND-BATCH-OF-SUCCESSFUL-NAMES-OF-SECONDARY-SCHOOL-LEARNERS-UNDER-SPONSORSHIP-FOR-2026-CDF-MAZ-CENTRAL.pdf|2026|Mazabuka Central|secondary_school_bursary|76|MWIINGA PRITTY MAZ/SEC/26/09/165 CHIZOBO F 10 SCHOOL HAMOONGA MUNSANGU SECONDARY|9|native
SUCCESSFUL-NAMES-OF-SECONDARY-SCHOOL-LEARNERS-UDER-SPONSORSHIP-FOR-CDF-2026-BURSARIES-MAZ-CENTRAL.pdf|2026|Mazabuka Central|secondary_school_bursary|76|MARY MUSONDA MAZABUKA CENTRAL NAKAMBALA F 11 SCHOOL NANGA SECONDARY F|2|native
SECOND-BATCH-OF-SUCCESSFUL-NAMES-OF-SECONDARY-SCHOOL-LEARNERS-UNDER-SPONSORSHIP-FOR-2026-CDF-MAZ-CENTRAL.pdf|2026|Mazabuka Central|secondary_school_bursary|77|LUCKY MAZ/SEC/26/09/166 CHIZOBO M 10 SCHOOL MUNSANGU SECONDARY|9|native
SUCCESSFUL-NAMES-OF-SECONDARY-SCHOOL-LEARNERS-UDER-SPONSORSHIP-FOR-CDF-2026-BURSARIES-MAZ-CENTRAL.pdf|2026|Mazabuka Central|secondary_school_bursary|77|HACHINTU HARRIET C. MAZABUKA CENTRAL NAKAMBALA 8 SCHOOL NKONKOLA SECONDARY|2|native
SECOND-BATCH-OF-SUCCESSFUL-NAMES-OF-SECONDARY-SCHOOL-LEARNERS-UNDER-SPONSORSHIP-FOR-2026-CDF-MAZ-CENTRAL.pdf|2026|Mazabuka Central|secondary_school_bursary|78|HABEENZU EVIAS MAZ/SEC/26/09/167 CHIZOBO M 10 SCHOOL MILAMBO MUNSANGU SECONDARY|9|native
SUCCESSFUL-NAMES-OF-SECONDARY-SCHOOL-LEARNERS-UDER-SPONSORSHIP-FOR-CDF-2026-BURSARIES-MAZ-CENTRAL.pdf|2026|Mazabuka Central|secondary_school_bursary|78|JONATHAN PHIRI MAZABUKA CENTRAL NAKAMBALA M 10 SCHOOL NKONKOLA SECONDARY|2|native
SECOND-BATCH-OF-SUCCESSFUL-NAMES-OF-SECONDARY-SCHOOL-LEARNERS-UNDER-SPONSORSHIP-FOR-2026-CDF-MAZ-CENTRAL.pdf|2026|Mazabuka Central|secondary_school_bursary|79|OBIDIENCE MAZ/SEC/26/09/168 CHIZOBO F 10 SCHOOL MUNSANGU SECONDARY|9|native
SUCCESSFUL-NAMES-OF-SECONDARY-SCHOOL-LEARNERS-UDER-SPONSORSHIP-FOR-CDF-2026-BURSARIES-MAZ-CENTRAL.pdf|2026|Mazabuka Central|secondary_school_bursary|79|BUPE ELVIS MAZABUKA CENTRAL NAKAMBALA M 11 SCHOOL CATHERINE RUSANGU SECONDARY F|2|native
SECOND-BATCH-OF-SUCCESSFUL-NAMES-OF-SECONDARY-SCHOOL-LEARNERS-UNDER-SPONSORSHIP-FOR-2026-CDF-MAZ-CENTRAL.pdf|2026|Mazabuka Central|secondary_school_bursary|80|MAILA ELIAS MAZ/SEC/26/09/169 CHIZOBO M 10 SCHOOL MUNSANGU SECONDARY|9|native
SUCCESSFUL-NAMES-OF-SECONDARY-SCHOOL-LEARNERS-UDER-SPONSORSHIP-FOR-CDF-2026-BURSARIES-MAZ-CENTRAL.pdf|2026|Mazabuka Central|secondary_school_bursary|80|MANYENYE MAZABUKA CENTRAL NAKAMBALA 8 SCHOOL SIKALONGA SECONDARY F|2|native
SECOND-BATCH-OF-SUCCESSFUL-NAMES-OF-SECONDARY-SCHOOL-LEARNERS-UNDER-SPONSORSHIP-FOR-2026-CDF-MAZ-CENTRAL.pdf|2026|Mazabuka Central|secondary_school_bursary|81|BASTER DAKA MAZ/SEC/26/09/170 CHIZOBO M 10 SCHOOL MAAMBO MUNSANGU SECONDARY|9|native
SUCCESSFUL-NAMES-OF-SECONDARY-SCHOOL-LEARNERS-UDER-SPONSORSHIP-FOR-CDF-2026-BURSARIES-MAZ-CENTRAL.pdf|2026|Mazabuka Central|secondary_school_bursary|81|MWEEMBA ROSE MAZABUKA CENTRAL NAKAMBALA 10 SCHOOL MAKOYE SECONDARY|3|native
SECOND-BATCH-OF-SUCCESSFUL-NAMES-OF-SECONDARY-SCHOOL-LEARNERS-UNDER-SPONSORSHIP-FOR-2026-CDF-MAZ-CENTRAL.pdf|2026|Mazabuka Central|secondary_school_bursary|82|BIZWELL MAZ/SEC/26/09/171 CHIZOBO M 10 SCHOOL MUNSANGU SECONDARY|9|native
SECOND-BATCH-OF-SUCCESSFUL-NAMES-OF-SECONDARY-SCHOOL-LEARNERS-UNDER-SPONSORSHIP-FOR-2026-CDF-MAZ-CENTRAL.pdf|2026|Mazabuka Central|secondary_school_bursary|83|MIZINGA TRIVIA MAZ/SEC/26/09/172 CHIZOBO F 10 SCHOOL MUNSANGU SECONDARY|9|native
SECOND-BATCH-OF-SUCCESSFUL-NAMES-OF-SECONDARY-SCHOOL-LEARNERS-UNDER-SPONSORSHIP-FOR-2026-CDF-MAZ-CENTRAL.pdf|2026|Mazabuka Central|secondary_school_bursary|84|MOONGA LEODAH MAZ/SEC/26/09/173 CHIZOBO F 10 SCHOOL CHIKALAMALI MUNSANGU SECONDARY|10|native
SUCCESSFUL-NAMES-OF-SECONDARY-SCHOOL-LEARNERS-UDER-SPONSORSHIP-FOR-CDF-2026-BURSARIES-MAZ-CENTRAL.pdf|2026|Mazabuka Central|secondary_school_bursary|84|PATRICIA KALUSA MAZABUKA CENTRAL NAKAMBALA F FORM 1 SCHOOL MICHELLE SIYOWI MONZE SECONDARY|3|native
SECOND-BATCH-OF-SUCCESSFUL-NAMES-OF-SECONDARY-SCHOOL-LEARNERS-UNDER-SPONSORSHIP-FOR-2026-CDF-MAZ-CENTRAL.pdf|2026|Mazabuka Central|secondary_school_bursary|85|SHELIN MAZ/SEC/26/09/174 CHIZOBO F 10 SCHOOL MUNSANGU SECONDARY|10|native
SUCCESSFUL-NAMES-OF-SECONDARY-SCHOOL-LEARNERS-UDER-SPONSORSHIP-FOR-CDF-2026-BURSARIES-MAZ-CENTRAL.pdf|2026|Mazabuka Central|secondary_school_bursary|85|MWEENE MAZABUKA CENTRAL NAKAMBALA F 10 SCHOOL ST MULUMBA SPECIAL F|3|native
SECOND-BATCH-OF-SUCCESSFUL-NAMES-OF-SECONDARY-SCHOOL-LEARNERS-UNDER-SPONSORSHIP-FOR-2026-CDF-MAZ-CENTRAL.pdf|2026|Mazabuka Central|secondary_school_bursary|86|CHIMOMBA RUTH MAZ/SEC/26/09/175 CHIZOBO F 10 SCHOOL MOONGA MUNSANGU SECONDARY|10|native
SUCCESSFUL-NAMES-OF-SECONDARY-SCHOOL-LEARNERS-UDER-SPONSORSHIP-FOR-CDF-2026-BURSARIES-MAZ-CENTRAL.pdf|2026|Mazabuka Central|secondary_school_bursary|86|HAMONO CHIPO MAZABUKA CENTRAL NAKAMBALA 1 SCHOOL MUNENGA SECONDARY|3|native
SECOND-BATCH-OF-SUCCESSFUL-NAMES-OF-SECONDARY-SCHOOL-LEARNERS-UNDER-SPONSORSHIP-FOR-2026-CDF-MAZ-CENTRAL.pdf|2026|Mazabuka Central|secondary_school_bursary|87|MALUMBO MAZ/SEC/26/09/176 CHIZOBO M 10 SCHOOL MUNSANGU SECONDARY|10|native
SUCCESSFUL-NAMES-OF-SECONDARY-SCHOOL-LEARNERS-UDER-SPONSORSHIP-FOR-CDF-2026-BURSARIES-MAZ-CENTRAL.pdf|2026|Mazabuka Central|secondary_school_bursary|87|ZULU SAMUEL MAZABUKA CENTRAL NEGA-NEGA M 10 SCHOOL MAKOYE SECONDARY|3|native
SECOND-BATCH-OF-SUCCESSFUL-NAMES-OF-SECONDARY-SCHOOL-LEARNERS-UNDER-SPONSORSHIP-FOR-2026-CDF-MAZ-CENTRAL.pdf|2026|Mazabuka Central|secondary_school_bursary|88|MALILWE MIKE MAZ/SEC/26/09/177 CHIZOBO M 10 SCHOOL FORM MUNSANGU SECONDARY|10|native
SUCCESSFUL-NAMES-OF-SECONDARY-SCHOOL-LEARNERS-UDER-SPONSORSHIP-FOR-CDF-2026-BURSARIES-MAZ-CENTRAL.pdf|2026|Mazabuka Central|secondary_school_bursary|88|SIAMPUKA CEPHAS MAZABUKA CENTRAL SIYOWI M 8 SCHOOL MAKOYE SECONDARY|3|native
SECOND-BATCH-OF-SUCCESSFUL-NAMES-OF-SECONDARY-SCHOOL-LEARNERS-UNDER-SPONSORSHIP-FOR-2026-CDF-MAZ-CENTRAL.pdf|2026|Mazabuka Central|secondary_school_bursary|89|MOONGA MILIMO MAZ/SEC/26/09/178 CHIZOBO F 1 SCHOOL HAMUSIKILI FORM MUNSANGU SECONDARY|10|native
SUCCESSFUL-NAMES-OF-SECONDARY-SCHOOL-LEARNERS-UDER-SPONSORSHIP-FOR-CDF-2026-BURSARIES-MAZ-CENTRAL.pdf|2026|Mazabuka Central|secondary_school_bursary|89|CHUUMBWE BEENE MAZABUKA CENTRAL SIYOWI F 8 SCHOOL MONZE SECONDARY|3|native
SECOND-BATCH-OF-SUCCESSFUL-NAMES-OF-SECONDARY-SCHOOL-LEARNERS-UNDER-SPONSORSHIP-FOR-2026-CDF-MAZ-CENTRAL.pdf|2026|Mazabuka Central|secondary_school_bursary|90|ASTRIDA MAZ/SEC/26/09/179 CHIZOBO F 1 SCHOOL FORM MUNSANGU SECONDARY|10|native
SUCCESSFUL-NAMES-OF-SECONDARY-SCHOOL-LEARNERS-UDER-SPONSORSHIP-FOR-CDF-2026-BURSARIES-MAZ-CENTRAL.pdf|2026|Mazabuka Central|secondary_school_bursary|90|SEPISO ESTHER MAZABUKA CENTRAL SIYOWI F 10 SCHOOL BANJI ANGELA MUNENGA SECONDARY|3|native
SECOND-BATCH-OF-SUCCESSFUL-NAMES-OF-SECONDARY-SCHOOL-LEARNERS-UNDER-SPONSORSHIP-FOR-2026-CDF-MAZ-CENTRAL.pdf|2026|Mazabuka Central|secondary_school_bursary|91|TITUS MICHELO MAZ/SEC/26/09/180 CHIZOBO M 1 SCHOOL FORM MUNSANGU SECONDARY|10|native
SUCCESSFUL-NAMES-OF-SECONDARY-SCHOOL-LEARNERS-UDER-SPONSORSHIP-FOR-CDF-2026-BURSARIES-MAZ-CENTRAL.pdf|2026|Mazabuka Central|secondary_school_bursary|91|CHINYAMA MAZABUKA CENTRAL SIYOWI F 10 SCHOOL NANGA SECONDARY|3|native
SECOND-BATCH-OF-SUCCESSFUL-NAMES-OF-SECONDARY-SCHOOL-LEARNERS-UNDER-SPONSORSHIP-FOR-2026-CDF-MAZ-CENTRAL.pdf|2026|Mazabuka Central|secondary_school_bursary|92|BANDA SAMUEL MAZ/SEC/26/09/181 CHIZOBO M 1 SCHOOL FORM MUNSANGU SECONDARY|11|native
SUCCESSFUL-NAMES-OF-SECONDARY-SCHOOL-LEARNERS-UDER-SPONSORSHIP-FOR-CDF-2026-BURSARIES-MAZ-CENTRAL.pdf|2026|Mazabuka Central|secondary_school_bursary|92|HANGOMA GLORIA MAZABUKA CENTRAL SIYOWI F 8 SCHOOL NKONKOLA SECONDARY|3|native
SECOND-BATCH-OF-SUCCESSFUL-NAMES-OF-SECONDARY-SCHOOL-LEARNERS-UNDER-SPONSORSHIP-FOR-2026-CDF-MAZ-CENTRAL.pdf|2026|Mazabuka Central|secondary_school_bursary|93|PHIRI JENNIPHER MAZ/SEC/26/09/182 CHIZOBO F 1 SCHOOL FORM MUNSANGU SECONDARY|11|native
SUCCESSFUL-NAMES-OF-SECONDARY-SCHOOL-LEARNERS-UDER-SPONSORSHIP-FOR-CDF-2026-BURSARIES-MAZ-CENTRAL.pdf|2026|Mazabuka Central|secondary_school_bursary|93|MOYO NAMAKANDO MAZABUKA CENTRAL SIYOWI F 8 SCHOOL|3|native
SECOND-BATCH-OF-SUCCESSFUL-NAMES-OF-SECONDARY-SCHOOL-LEARNERS-UNDER-SPONSORSHIP-FOR-2026-CDF-MAZ-CENTRAL.pdf|2026|Mazabuka Central|secondary_school_bursary|94|CHEELO LEWIS MAZ/SEC/26/09/183 CHIZOBO M 1 SCHOOL MULYA FORM MUNSANGU SECONDARY|11|native
SUCCESSFUL-NAMES-OF-SECONDARY-SCHOOL-LEARNERS-UDER-SPONSORSHIP-FOR-CDF-2026-BURSARIES-MAZ-CENTRAL.pdf|2026|Mazabuka Central|secondary_school_bursary|94|NAKUWEZA BARBRA MAZABUKA CENTRAL SIYOWI F 10 MUSANGU SEC SYANDEBWE ST. MARKS SECONDARY|3|native
SECOND-BATCH-OF-SUCCESSFUL-NAMES-OF-SECONDARY-SCHOOL-LEARNERS-UNDER-SPONSORSHIP-FOR-2026-CDF-MAZ-CENTRAL.pdf|2026|Mazabuka Central|secondary_school_bursary|95|WINFRIDAH MAZ/SEC/26/09/184 CHIZOBO F 1 SCHOOL NAMACHILA FORM MUNSANGU SECONDARY|11|native
SUCCESSFUL-NAMES-OF-SECONDARY-SCHOOL-LEARNERS-UDER-SPONSORSHIP-FOR-CDF-2026-BURSARIES-MAZ-CENTRAL.pdf|2026|Mazabuka Central|secondary_school_bursary|95|SYACHABOTA MAZABUKA CENTRAL SIYOWI M 10 SCHOOL Judith Mukwita Maambo (Mrs)|3|native
SECOND-BATCH-OF-SUCCESSFUL-NAMES-OF-SECONDARY-SCHOOL-LEARNERS-UNDER-SPONSORSHIP-FOR-2026-CDF-MAZ-CENTRAL.pdf|2026|Mazabuka Central|secondary_school_bursary|96|ASTRIDAH MAZ/SEC/26/09/185 CHIZOBO F 1 SCHOOL HATYOKA FORM MUNSANGU SECONDARY|11|native
SECOND-BATCH-OF-SUCCESSFUL-NAMES-OF-SECONDARY-SCHOOL-LEARNERS-UNDER-SPONSORSHIP-FOR-2026-CDF-MAZ-CENTRAL.pdf|2026|Mazabuka Central|secondary_school_bursary|97|PASSMORE MAZ/SEC/26/09/186 CHIZOBO M 1 SCHOOL MICHELO FORM MUNSANGU SECONDARY|11|native
SECOND-BATCH-OF-SUCCESSFUL-NAMES-OF-SECONDARY-SCHOOL-LEARNERS-UNDER-SPONSORSHIP-FOR-2026-CDF-MAZ-CENTRAL.pdf|2026|Mazabuka Central|secondary_school_bursary|98|COILLARD MAZ/SEC/26/09/187 CHIZOBO M 1 SCHOOL CHOONGO FORM MUNSANGU SECONDARY|11|native
SECOND-BATCH-OF-SUCCESSFUL-NAMES-OF-SECONDARY-SCHOOL-LEARNERS-UNDER-SPONSORSHIP-FOR-2026-CDF-MAZ-CENTRAL.pdf|2026|Mazabuka Central|secondary_school_bursary|99|ASHERVIN MAZ/SEC/26/09/188 CHIZOBO M 1 SCHOOL FORM MUNSANGU SECONDARY|11|native
SECOND-BATCH-OF-SUCCESSFUL-NAMES-OF-SECONDARY-SCHOOL-LEARNERS-UNDER-SPONSORSHIP-FOR-2026-CDF-MAZ-CENTRAL.pdf|2026|Mazabuka Central|secondary_school_bursary|100|MWIINGA JANETY MAZ/SEC/26/09/189 CHIZOBO F 1 SCHOOL MIZINGA FORM MUNSANGU SECONDARY|12|native
SECOND-BATCH-OF-SUCCESSFUL-NAMES-OF-SECONDARY-SCHOOL-LEARNERS-UNDER-SPONSORSHIP-FOR-2026-CDF-MAZ-CENTRAL.pdf|2026|Mazabuka Central|secondary_school_bursary|101|FANWELL MAZ/SEC/26/09/190 CHIZOBO M 1 SCHOOL FORM MUNSANGU SECONDARY|12|native
SECOND-BATCH-OF-SUCCESSFUL-NAMES-OF-SECONDARY-SCHOOL-LEARNERS-UNDER-SPONSORSHIP-FOR-2026-CDF-MAZ-CENTRAL.pdf|2026|Mazabuka Central|secondary_school_bursary|102|LOMBE JOHN MAZ/SEC/26/09/191 CHIZOBO M 1 SCHOOL HANTUKU FORM MUNSANGU SECONDARY|12|native
SECOND-BATCH-OF-SUCCESSFUL-NAMES-OF-SECONDARY-SCHOOL-LEARNERS-UNDER-SPONSORSHIP-FOR-2026-CDF-MAZ-CENTRAL.pdf|2026|Mazabuka Central|secondary_school_bursary|103|PHYLISS MAZ/SEC/26/09/192 CHIZOBO F 1 SCHOOL MALUMA FORM MUNSANGU SECONDARY|12|native
SECOND-BATCH-OF-SUCCESSFUL-NAMES-OF-SECONDARY-SCHOOL-LEARNERS-UNDER-SPONSORSHIP-FOR-2026-CDF-MAZ-CENTRAL.pdf|2026|Mazabuka Central|secondary_school_bursary|104|DERRICK MAZ/SEC/26/09/193 CHIZOBO M 1 SCHOOL MWEEMBA FORM MUNSANGU SECONDARY|12|native
SECOND-BATCH-OF-SUCCESSFUL-NAMES-OF-SECONDARY-SCHOOL-LEARNERS-UNDER-SPONSORSHIP-FOR-2026-CDF-MAZ-CENTRAL.pdf|2026|Mazabuka Central|secondary_school_bursary|105|PERSERVERANCE MAZ/SEC/26/09/194 CHIZOBO F 1 SCHOOL MATANDABALA FORM MUNSANGU SECONDARY|12|native
SECOND-BATCH-OF-SUCCESSFUL-NAMES-OF-SECONDARY-SCHOOL-LEARNERS-UNDER-SPONSORSHIP-FOR-2026-CDF-MAZ-CENTRAL.pdf|2026|Mazabuka Central|secondary_school_bursary|106|SEBASTIAN MAZ/SEC/26/09/195 CHIZOBO M 1 SCHOOL FORM MUNSANGU SECONDARY|12|native
SECOND-BATCH-OF-SUCCESSFUL-NAMES-OF-SECONDARY-SCHOOL-LEARNERS-UNDER-SPONSORSHIP-FOR-2026-CDF-MAZ-CENTRAL.pdf|2026|Mazabuka Central|secondary_school_bursary|107|HAMWIINGA ALEX MAZ/SEC/26/09/196 CHIZOBO M 1 SCHOOL CHIYAAMA|12|native
SECOND-BATCH-OF-SUCCESSFUL-NAMES-OF-SECONDARY-SCHOOL-LEARNERS-UNDER-SPONSORSHIP-FOR-2026-CDF-MAZ-CENTRAL.pdf|2026|Mazabuka Central|secondary_school_bursary|108|BEENZU MAZ/SEC/26/09/197 CHIZOBO F 10 NANGA SECONDARY SCHOOL|12|native
SECOND-BATCH-OF-SUCCESSFUL-NAMES-OF-SECONDARY-SCHOOL-LEARNERS-UNDER-SPONSORSHIP-FOR-2026-CDF-MAZ-CENTRAL.pdf|2026|Mazabuka Central|secondary_school_bursary|109|CHANDA PATRICK MAZ/SEC/26/09/198 CHIZOBO M 10 NANGA SECONDARY SCHOOL MWEEMBA|13|native
SECOND-BATCH-OF-SUCCESSFUL-NAMES-OF-SECONDARY-SCHOOL-LEARNERS-UNDER-SPONSORSHIP-FOR-2026-CDF-MAZ-CENTRAL.pdf|2026|Mazabuka Central|secondary_school_bursary|110|SYLVIA MAZ/SEC/26/09/199 CHIZOBO F 10 NANGA SECONDARY SCHOOL|13|native
SECOND-BATCH-OF-SUCCESSFUL-NAMES-OF-SECONDARY-SCHOOL-LEARNERS-UNDER-SPONSORSHIP-FOR-2026-CDF-MAZ-CENTRAL.pdf|2026|Mazabuka Central|secondary_school_bursary|111|NAMANJE MALVIN MAZ/SEC/26/09/200 CHIZOBO M 10 NANGA SECONDARY SCHOOL MWEEMBELA|13|native
SECOND-BATCH-OF-SUCCESSFUL-NAMES-OF-SECONDARY-SCHOOL-LEARNERS-UNDER-SPONSORSHIP-FOR-2026-CDF-MAZ-CENTRAL.pdf|2026|Mazabuka Central|secondary_school_bursary|112|BRIN MAZ/SEC/26/09/201 CHIZOBO M 10 NANGA SECONDARY SCHOOL MOONGA|13|native
SECOND-BATCH-OF-SUCCESSFUL-NAMES-OF-SECONDARY-SCHOOL-LEARNERS-UNDER-SPONSORSHIP-FOR-2026-CDF-MAZ-CENTRAL.pdf|2026|Mazabuka Central|secondary_school_bursary|113|BLESSING MAZ/SEC/26/09/202 CHIZOBO F 10 NANGA SECONDARY SCHOOL SHAMPONGO|13|native
SECOND-BATCH-OF-SUCCESSFUL-NAMES-OF-SECONDARY-SCHOOL-LEARNERS-UNDER-SPONSORSHIP-FOR-2026-CDF-MAZ-CENTRAL.pdf|2026|Mazabuka Central|secondary_school_bursary|114|GRACE MAZ/SEC/26/09/203 CHIZOBO F 10 NANGA SECONDARY SCHOOL CHINYAMA|13|native
SECOND-BATCH-OF-SUCCESSFUL-NAMES-OF-SECONDARY-SCHOOL-LEARNERS-UNDER-SPONSORSHIP-FOR-2026-CDF-MAZ-CENTRAL.pdf|2026|Mazabuka Central|secondary_school_bursary|115|ISABEL MAZ/SEC/26/09/204 CHIZOBO F 10 NANGA SECONDARY SCHOOL HAKANTU|13|native
SECOND-BATCH-OF-SUCCESSFUL-NAMES-OF-SECONDARY-SCHOOL-LEARNERS-UNDER-SPONSORSHIP-FOR-2026-CDF-MAZ-CENTRAL.pdf|2026|Mazabuka Central|secondary_school_bursary|116|CHIPENGO MAZ/SEC/26/09/205 CHIZOBO M 10 NANGA SECONDARY SCHOOL HAMWIINGA|13|native
SECOND-BATCH-OF-SUCCESSFUL-NAMES-OF-SECONDARY-SCHOOL-LEARNERS-UNDER-SPONSORSHIP-FOR-2026-CDF-MAZ-CENTRAL.pdf|2026|Mazabuka Central|secondary_school_bursary|117|GETRUDE MAZ/SEC/26/09/206 CHIZOBO F 10 NANGA SECONDARY SCHOOL FORM|13|native
SECOND-BATCH-OF-SUCCESSFUL-NAMES-OF-SECONDARY-SCHOOL-LEARNERS-UNDER-SPONSORSHIP-FOR-2026-CDF-MAZ-CENTRAL.pdf|2026|Mazabuka Central|secondary_school_bursary|118|MIYANDA GRANT MAZ/SEC/26/09/207 CHIZOBO M 1 NANGA SECONDARY SCHOOL FORM|13|native
SECOND-BATCH-OF-SUCCESSFUL-NAMES-OF-SECONDARY-SCHOOL-LEARNERS-UNDER-SPONSORSHIP-FOR-2026-CDF-MAZ-CENTRAL.pdf|2026|Mazabuka Central|secondary_school_bursary|119|HAJUJU MAILA MAZ/SEC/26/09/208 CHIZOBO F 1 NANGA SECONDARY SCHOOL FORM|14|native
SECOND-BATCH-OF-SUCCESSFUL-NAMES-OF-SECONDARY-SCHOOL-LEARNERS-UNDER-SPONSORSHIP-FOR-2026-CDF-MAZ-CENTRAL.pdf|2026|Mazabuka Central|secondary_school_bursary|120|LONZOLA JOSEPH MAZ/SEC/26/09/209 CHIZOBO M 1 NANGA SECONDARY SCHOOL NKONKOLA SECONDARY|14|native
SECOND-BATCH-OF-SUCCESSFUL-NAMES-OF-SECONDARY-SCHOOL-LEARNERS-UNDER-SPONSORSHIP-FOR-2026-CDF-MAZ-CENTRAL.pdf|2026|Mazabuka Central|secondary_school_bursary|121|MUIMUI DANNY MAZ/SEC/26/09/210 CHIZOBO M 10 SCHOOL KAPALANGWE FORM NKONKOLA SECONDARY|14|native
SECOND-BATCH-OF-SUCCESSFUL-NAMES-OF-SECONDARY-SCHOOL-LEARNERS-UNDER-SPONSORSHIP-FOR-2026-CDF-MAZ-CENTRAL.pdf|2026|Mazabuka Central|secondary_school_bursary|122|SIDOH MAZ/SEC/26/09/211 CHIZOBO M 1 SCHOOL|14|native
SECOND-BATCH-OF-SUCCESSFUL-NAMES-OF-SECONDARY-SCHOOL-LEARNERS-UNDER-SPONSORSHIP-FOR-2026-CDF-MAZ-CENTRAL.pdf|2026|Mazabuka Central|secondary_school_bursary|123|SIMWIINGA FAITH MAZ/SEC/26/09/212 CHIZOBO F 10 PEMBA SECONDARY SCHOOL SIABULONGO SIKALONGO SECONDARY|14|native
SECOND-BATCH-OF-SUCCESSFUL-NAMES-OF-SECONDARY-SCHOOL-LEARNERS-UNDER-SPONSORSHIP-FOR-2026-CDF-MAZ-CENTRAL.pdf|2026|Mazabuka Central|secondary_school_bursary|124|SAM MAZ/SEC/26/09/213 CHIZOBO M 10 SCHOOL FORM ST JOSEPHS SECONDARY|14|native
SECOND-BATCH-OF-SUCCESSFUL-NAMES-OF-SECONDARY-SCHOOL-LEARNERS-UNDER-SPONSORSHIP-FOR-2026-CDF-MAZ-CENTRAL.pdf|2026|Mazabuka Central|secondary_school_bursary|125|MIYOBA HARRIET MAZ/SEC/26/09/214 CHIZOBO F 1 SCHOOL MWEETE FORM ST JOSEPHS SECONDARY|14|native
SECOND-BATCH-OF-SUCCESSFUL-NAMES-OF-SECONDARY-SCHOOL-LEARNERS-UNDER-SPONSORSHIP-FOR-2026-CDF-MAZ-CENTRAL.pdf|2026|Mazabuka Central|secondary_school_bursary|126|KATRINA MAZ/SEC/26/09/215 CHIZOBO F 1 SCHOOL MWANSA CHIKANKATA SECONDARY|14|native
SECOND-BATCH-OF-SUCCESSFUL-NAMES-OF-SECONDARY-SCHOOL-LEARNERS-UNDER-SPONSORSHIP-FOR-2026-CDF-MAZ-CENTRAL.pdf|2026|Mazabuka Central|secondary_school_bursary|127|WALUSUNGU MAZ/SEC/26/06/216 KAONGA M 12 SCHOOL HABEENZU FORM DAVID KAUNDA NATIONAL SEC-|14|native
SECOND-BATCH-OF-SUCCESSFUL-NAMES-OF-SECONDARY-SCHOOL-LEARNERS-UNDER-SPONSORSHIP-FOR-2026-CDF-MAZ-CENTRAL.pdf|2026|Mazabuka Central|secondary_school_bursary|128|HATEMBO MAZ/SEC/26/06/217 KAONGA M 1 SCH FORM|15|native
SECOND-BATCH-OF-SUCCESSFUL-NAMES-OF-SECONDARY-SCHOOL-LEARNERS-UNDER-SPONSORSHIP-FOR-2026-CDF-MAZ-CENTRAL.pdf|2026|Mazabuka Central|secondary_school_bursary|129|MUKALI SIMON MAZ/SEC/26/06/218 KAONGA M 2 KAUMBA SECONDARY SCHOOL|15|native
SECOND-BATCH-OF-SUCCESSFUL-NAMES-OF-SECONDARY-SCHOOL-LEARNERS-UNDER-SPONSORSHIP-FOR-2026-CDF-MAZ-CENTRAL.pdf|2026|Mazabuka Central|secondary_school_bursary|130|MOSES MWALE MAZ/SEC/26/06/219 KAONGA M 10 MAAMBA SECONDARY SCHOOL MACHA GIRLS SECONDARY|15|native
SECOND-BATCH-OF-SUCCESSFUL-NAMES-OF-SECONDARY-SCHOOL-LEARNERS-UNDER-SPONSORSHIP-FOR-2026-CDF-MAZ-CENTRAL.pdf|2026|Mazabuka Central|secondary_school_bursary|131|LUSE CHANDA MAZ/SEC/26/06/220 KAONGA F 10 SCHOOL FORM|15|native
SECOND-BATCH-OF-SUCCESSFUL-NAMES-OF-SECONDARY-SCHOOL-LEARNERS-UNDER-SPONSORSHIP-FOR-2026-CDF-MAZ-CENTRAL.pdf|2026|Mazabuka Central|secondary_school_bursary|132|MAKOYE MALUBA MAZ/SEC/26/06/221 KAONGA M 1 MAKOYE SECONDARY SCHOOL FORM|15|native
SECOND-BATCH-OF-SUCCESSFUL-NAMES-OF-SECONDARY-SCHOOL-LEARNERS-UNDER-SPONSORSHIP-FOR-2026-CDF-MAZ-CENTRAL.pdf|2026|Mazabuka Central|secondary_school_bursary|133|PHIRI VINCENT MAZ/SEC/26/06/222 KAONGA M 2 MAKOYE SECONDARY SCHOOL CHABINGA FORM MUNENGA SECONDARY|15|native
SECOND-BATCH-OF-SUCCESSFUL-NAMES-OF-SECONDARY-SCHOOL-LEARNERS-UNDER-SPONSORSHIP-FOR-2026-CDF-MAZ-CENTRAL.pdf|2026|Mazabuka Central|secondary_school_bursary|134|PRINCE ZETUKA MAZ/SEC/26/06/223 KAONGA M 1 SCHOOL FORM MUNSANGU SECONDARY|15|native
SECOND-BATCH-OF-SUCCESSFUL-NAMES-OF-SECONDARY-SCHOOL-LEARNERS-UNDER-SPONSORSHIP-FOR-2026-CDF-MAZ-CENTRAL.pdf|2026|Mazabuka Central|secondary_school_bursary|135|BLESSED PUPWE MAZ/SEC/26/06/224 KAONGA M 1 SCHOOL FORM MUNYUMBWE SECONDARY|15|native
SECOND-BATCH-OF-SUCCESSFUL-NAMES-OF-SECONDARY-SCHOOL-LEARNERS-UNDER-SPONSORSHIP-FOR-2026-CDF-MAZ-CENTRAL.pdf|2026|Mazabuka Central|secondary_school_bursary|136|SIPHO MWALA MAZ/SEC/26/06/225 KAONGA M 1 SCHOOL VESTOL NGANDU|15|native
SECOND-BATCH-OF-SUCCESSFUL-NAMES-OF-SECONDARY-SCHOOL-LEARNERS-UNDER-SPONSORSHIP-FOR-2026-CDF-MAZ-CENTRAL.pdf|2026|Mazabuka Central|secondary_school_bursary|137|MALAMBO MAZ/SEC/26/06/226 KAONGA F 10 NANGA SECONDARY SCHOOL CANDY FORM NIKO GIRLS TECHNICAL|16|native
SECOND-BATCH-OF-SUCCESSFUL-NAMES-OF-SECONDARY-SCHOOL-LEARNERS-UNDER-SPONSORSHIP-FOR-2026-CDF-MAZ-CENTRAL.pdf|2026|Mazabuka Central|secondary_school_bursary|138|KALIYOLIYO MAZ/SEC/26/06/227 KAONGA F 1 SCHOOL NJASE GIRLS SECONDARY|16|native
SECOND-BATCH-OF-SUCCESSFUL-NAMES-OF-SECONDARY-SCHOOL-LEARNERS-UNDER-SPONSORSHIP-FOR-2026-CDF-MAZ-CENTRAL.pdf|2026|Mazabuka Central|secondary_school_bursary|139|NATASHA PHIRI MAZ/SEC/26/06/228 KAONGA F 10 SCHOOL PALESA LUSUNGU NJASE GIRLS SECONDARY|16|native
SECOND-BATCH-OF-SUCCESSFUL-NAMES-OF-SECONDARY-SCHOOL-LEARNERS-UNDER-SPONSORSHIP-FOR-2026-CDF-MAZ-CENTRAL.pdf|2026|Mazabuka Central|secondary_school_bursary|140|GONDWE MAZ/SEC/26/06/229 KAONGA F 10 SCHOOL MUSONDA SALIFYANJI NJASE GIRLS SECONDARY|16|native
SECOND-BATCH-OF-SUCCESSFUL-NAMES-OF-SECONDARY-SCHOOL-LEARNERS-UNDER-SPONSORSHIP-FOR-2026-CDF-MAZ-CENTRAL.pdf|2026|Mazabuka Central|secondary_school_bursary|141|CHELSEA MAZ/SEC/26/06/230 KAONGA F 10 SCHOOL NGANDU CHILDE FORM NJASE GIRLS SECONDARY|16|native
SECOND-BATCH-OF-SUCCESSFUL-NAMES-OF-SECONDARY-SCHOOL-LEARNERS-UNDER-SPONSORSHIP-FOR-2026-CDF-MAZ-CENTRAL.pdf|2026|Mazabuka Central|secondary_school_bursary|142|PUMULO MAZ/SEC/26/06/231 KAONGA F 1 SCHOOL CHRISTINE NKONKOLA SECONDARY|16|native
SECOND-BATCH-OF-SUCCESSFUL-NAMES-OF-SECONDARY-SCHOOL-LEARNERS-UNDER-SPONSORSHIP-FOR-2026-CDF-MAZ-CENTRAL.pdf|2026|Mazabuka Central|secondary_school_bursary|143|NYAMBE MAZ/SEC/26/06/232 KAONGA F 10 SCHOOL CATHY RUSANGU SECONDARY|16|native
SECOND-BATCH-OF-SUCCESSFUL-NAMES-OF-SECONDARY-SCHOOL-LEARNERS-UNDER-SPONSORSHIP-FOR-2026-CDF-MAZ-CENTRAL.pdf|2026|Mazabuka Central|secondary_school_bursary|144|MWEETWA MAZ/SEC/26/06/233 KAONGA F 11 SCHOOL FORM RUSANGU SECONDARY|16|native
SECOND-BATCH-OF-SUCCESSFUL-NAMES-OF-SECONDARY-SCHOOL-LEARNERS-UNDER-SPONSORSHIP-FOR-2026-CDF-MAZ-CENTRAL.pdf|2026|Mazabuka Central|secondary_school_bursary|145|MWALE TAWALA MAZ/SEC/26/06/234 KAONGA M 1 SCHOOL MEGAN FORM RUSANGU SECONDARY|16|native
SECOND-BATCH-OF-SUCCESSFUL-NAMES-OF-SECONDARY-SCHOOL-LEARNERS-UNDER-SPONSORSHIP-FOR-2026-CDF-MAZ-CENTRAL.pdf|2026|Mazabuka Central|secondary_school_bursary|146|MWEETWA MAZ/SEC/26/06/235 KAONGA F 2 SCHOOL TEMBO FORM RUSANGU SECONDARY|17|native
SECOND-BATCH-OF-SUCCESSFUL-NAMES-OF-SECONDARY-SCHOOL-LEARNERS-UNDER-SPONSORSHIP-FOR-2026-CDF-MAZ-CENTRAL.pdf|2026|Mazabuka Central|secondary_school_bursary|147|BLESSINGS MAZ/SEC/26/06/236 KAONGA F 1 SCHOOL TUMELO MASEKO ST JOSEPHS SECONDARY|17|native
SECOND-BATCH-OF-SUCCESSFUL-NAMES-OF-SECONDARY-SCHOOL-LEARNERS-UNDER-SPONSORSHIP-FOR-2026-CDF-MAZ-CENTRAL.pdf|2026|Mazabuka Central|secondary_school_bursary|148|FAITH MAZ/SEC/26/06/237 KAONGA F 10 SCHOOL MUNALULA ST JOSEPHS SECONDARY|17|native
SECOND-BATCH-OF-SUCCESSFUL-NAMES-OF-SECONDARY-SCHOOL-LEARNERS-UNDER-SPONSORSHIP-FOR-2026-CDF-MAZ-CENTRAL.pdf|2026|Mazabuka Central|secondary_school_bursary|149|MERCY MAZ/SEC/26/06/238 KAONGA F 10 SCHOOL ZETUKA PRINCE ST JOSEPHS SECONDARY|17|native
SECOND-BATCH-OF-SUCCESSFUL-NAMES-OF-SECONDARY-SCHOOL-LEARNERS-UNDER-SPONSORSHIP-FOR-2026-CDF-MAZ-CENTRAL.pdf|2026|Mazabuka Central|secondary_school_bursary|150|CHABINGA MAZ/SEC/26/06/239 KAONGA F 10 SCHOOL FORM ST JOSEPHS SECONDARY|17|native
SECOND-BATCH-OF-SUCCESSFUL-NAMES-OF-SECONDARY-SCHOOL-LEARNERS-UNDER-SPONSORSHIP-FOR-2026-CDF-MAZ-CENTRAL.pdf|2026|Mazabuka Central|secondary_school_bursary|151|FAITH KANYANGA MAZ/SEC/26/06/240 KAONGA F 1 SCHOOL ST. CANISIOUS SECONDARY|17|native
SECOND-BATCH-OF-SUCCESSFUL-NAMES-OF-SECONDARY-SCHOOL-LEARNERS-UNDER-SPONSORSHIP-FOR-2026-CDF-MAZ-CENTRAL.pdf|2026|Mazabuka Central|secondary_school_bursary|152|FAVOUR MWIINGA MAZ/SEC/26/06/241 KAONGA 10 SCHOOL TWAZUNDA FORM ST. CANISIOUS SECONDARY|17|native
SECOND-BATCH-OF-SUCCESSFUL-NAMES-OF-SECONDARY-SCHOOL-LEARNERS-UNDER-SPONSORSHIP-FOR-2026-CDF-MAZ-CENTRAL.pdf|2026|Mazabuka Central|secondary_school_bursary|153|KALUBA MAZ/SEC/26/06/242 KAONGA M 1 SCHOOL MATANDALIZWE FORM ST. CANISIUS SECONDARY|18|native
SECOND-BATCH-OF-SUCCESSFUL-NAMES-OF-SECONDARY-SCHOOL-LEARNERS-UNDER-SPONSORSHIP-FOR-2026-CDF-MAZ-CENTRAL.pdf|2026|Mazabuka Central|secondary_school_bursary|154|MAPALO MAZ/SEC/26/06/243 KAONGA M 1 SCHOOL MWAPE HILDAH FORM TOBIT GIRLS SECONDARY|18|native
SECOND-BATCH-OF-SUCCESSFUL-NAMES-OF-SECONDARY-SCHOOL-LEARNERS-UNDER-SPONSORSHIP-FOR-2026-CDF-MAZ-CENTRAL.pdf|2026|Mazabuka Central|secondary_school_bursary|155|MWAPE MAZ/SEC/26/06/244 KAONGA F 1 SCHOOL MULEMENA|18|native
SECOND-BATCH-OF-SUCCESSFUL-NAMES-OF-SECONDARY-SCHOOL-LEARNERS-UNDER-SPONSORSHIP-FOR-2026-CDF-MAZ-CENTRAL.pdf|2026|Mazabuka Central|secondary_school_bursary|156|PRECIOUS MAZ/SEC/26/06/245 KAONGA F 10 ZIMBA SECONDARY SCHOOL EMMANUEL CHIKANKATA SECONDARY|18|native
SECOND-BATCH-OF-SUCCESSFUL-NAMES-OF-SECONDARY-SCHOOL-LEARNERS-UNDER-SPONSORSHIP-FOR-2026-CDF-MAZ-CENTRAL.pdf|2026|Mazabuka Central|secondary_school_bursary|157|HANGOMA MAZ/SEC/26/07/246 LUBOMBO M 12 SCHOOL PRECIOUS FORM CHIKANKATA SECONDARY|18|native
SECOND-BATCH-OF-SUCCESSFUL-NAMES-OF-SECONDARY-SCHOOL-LEARNERS-UNDER-SPONSORSHIP-FOR-2026-CDF-MAZ-CENTRAL.pdf|2026|Mazabuka Central|secondary_school_bursary|158|MWAKA NATALA MAZ/SEC/26/07/247 LUBOMBO F 1 SCHOOL FORM CHIKANKATA SECONDARY|18|native
SECOND-BATCH-OF-SUCCESSFUL-NAMES-OF-SECONDARY-SCHOOL-LEARNERS-UNDER-SPONSORSHIP-FOR-2026-CDF-MAZ-CENTRAL.pdf|2026|Mazabuka Central|secondary_school_bursary|159|GIFT NAMATAMA MAZ/SEC/26/07/248 LUBOMBO F 1 SCHOOL FORM CHIKANKATA SECONDARY|18|native
SECOND-BATCH-OF-SUCCESSFUL-NAMES-OF-SECONDARY-SCHOOL-LEARNERS-UNDER-SPONSORSHIP-FOR-2026-CDF-MAZ-CENTRAL.pdf|2026|Mazabuka Central|secondary_school_bursary|160|MWANZA TAONGA MAZ/SEC/26/07/249 LUBOMBO F 1 SCHOOL LUCKSON FORM CHIKANKATA SECONDARY|18|native
SECOND-BATCH-OF-SUCCESSFUL-NAMES-OF-SECONDARY-SCHOOL-LEARNERS-UNDER-SPONSORSHIP-FOR-2026-CDF-MAZ-CENTRAL.pdf|2026|Mazabuka Central|secondary_school_bursary|161|MWIINGA MAZ/SEC/26/07/250 LUBOMBO M 1 SCHOOL VESTRINE FORM CHIKANKATA SECONDARY|19|native
SECOND-BATCH-OF-SUCCESSFUL-NAMES-OF-SECONDARY-SCHOOL-LEARNERS-UNDER-SPONSORSHIP-FOR-2026-CDF-MAZ-CENTRAL.pdf|2026|Mazabuka Central|secondary_school_bursary|162|MUKELABAI MAZ/SEC/26/07/251 LUBOMBO F 1 SCHOOL FORM CHIKANKATA SECONDARY|19|native
SECOND-BATCH-OF-SUCCESSFUL-NAMES-OF-SECONDARY-SCHOOL-LEARNERS-UNDER-SPONSORSHIP-FOR-2026-CDF-MAZ-CENTRAL.pdf|2026|Mazabuka Central|secondary_school_bursary|163|OLETI HALEMA MAZ/SEC/26/07/252 LUBOMBO M 1 SCHOOL MAMANANGA FORM|19|native
SECOND-BATCH-OF-SUCCESSFUL-NAMES-OF-SECONDARY-SCHOOL-LEARNERS-UNDER-SPONSORSHIP-FOR-2026-CDF-MAZ-CENTRAL.pdf|2026|Mazabuka Central|secondary_school_bursary|164|EMMANUEL MAZ/SEC/26/07/253 LUBOMBO M 1 CHIPEPO SECONDARY SCHOOL CHRNTRIDAH FORM JONATHAN SIM-CHIKANTA|19|native
SECOND-BATCH-OF-SUCCESSFUL-NAMES-OF-SECONDARY-SCHOOL-LEARNERS-UNDER-SPONSORSHIP-FOR-2026-CDF-MAZ-CENTRAL.pdf|2026|Mazabuka Central|secondary_school_bursary|165|SAMBO MAZ/SEC/26/07/254 LUBOMBO F 1 SECONDARY SCHOOL TOMMY FORM|19|native
SECOND-BATCH-OF-SUCCESSFUL-NAMES-OF-SECONDARY-SCHOOL-LEARNERS-UNDER-SPONSORSHIP-FOR-2026-CDF-MAZ-CENTRAL.pdf|2026|Mazabuka Central|secondary_school_bursary|166|SHANKWEMBO MAZ/SEC/26/07/255 LUBOMBO M 1 KALOMO SECONDARY SCHOOL FORM|19|native
SECOND-BATCH-OF-SUCCESSFUL-NAMES-OF-SECONDARY-SCHOOL-LEARNERS-UNDER-SPONSORSHIP-FOR-2026-CDF-MAZ-CENTRAL.pdf|2026|Mazabuka Central|secondary_school_bursary|167|NELISA BANDA MAZ/SEC/26/07/256 LUBOMBO F 1 KAUMBA SECONDARY SCHOOL LUBONA MACHA GIRLS SECONDARY|19|native
SECOND-BATCH-OF-SUCCESSFUL-NAMES-OF-SECONDARY-SCHOOL-LEARNERS-UNDER-SPONSORSHIP-FOR-2026-CDF-MAZ-CENTRAL.pdf|2026|Mazabuka Central|secondary_school_bursary|168|CHIBOMBA MAZ/SEC/26/07/257 LUBOMBO F 10 SCHOOL FORM MACHA GIRLS SECONDARY|19|native
SECOND-BATCH-OF-SUCCESSFUL-NAMES-OF-SECONDARY-SCHOOL-LEARNERS-UNDER-SPONSORSHIP-FOR-2026-CDF-MAZ-CENTRAL.pdf|2026|Mazabuka Central|secondary_school_bursary|169|MOONA HOPE MAZ/SEC/26/07/258 LUBOMBO F 1 SCHOOL STUMBEKO FORM MACHA GIRLS SECONDARY|20|native
SECOND-BATCH-OF-SUCCESSFUL-NAMES-OF-SECONDARY-SCHOOL-LEARNERS-UNDER-SPONSORSHIP-FOR-2026-CDF-MAZ-CENTRAL.pdf|2026|Mazabuka Central|secondary_school_bursary|170|GRACE SAKANGA MAZ/SEC/26/07/259 LUBOMBO F 2 SCHOOL|20|native
SECOND-BATCH-OF-SUCCESSFUL-NAMES-OF-SECONDARY-SCHOOL-LEARNERS-UNDER-SPONSORSHIP-FOR-2026-CDF-MAZ-CENTRAL.pdf|2026|Mazabuka Central|secondary_school_bursary|171|MARY MULOMBA MAZ/SEC/26/07/260 LUBOMBO F 10 MAKOYE SECONDARY SCHOOL FORM|20|native
SECOND-BATCH-OF-SUCCESSFUL-NAMES-OF-SECONDARY-SCHOOL-LEARNERS-UNDER-SPONSORSHIP-FOR-2026-CDF-MAZ-CENTRAL.pdf|2026|Mazabuka Central|secondary_school_bursary|172|CHILALA NGANDU MAZ/SEC/26/07/261 LUBOMBO F 1 MAKOYE SECONDARY SCHOOL FORM|20|native
SECOND-BATCH-OF-SUCCESSFUL-NAMES-OF-SECONDARY-SCHOOL-LEARNERS-UNDER-SPONSORSHIP-FOR-2026-CDF-MAZ-CENTRAL.pdf|2026|Mazabuka Central|secondary_school_bursary|173|MWEENE CHIPO MAZ/SEC/26/07/262 LUBOMBO F 1 MAKOYE SECONDARY SCHOOL NAMWAZE|20|native
SECOND-BATCH-OF-SUCCESSFUL-NAMES-OF-SECONDARY-SCHOOL-LEARNERS-UNDER-SPONSORSHIP-FOR-2026-CDF-MAZ-CENTRAL.pdf|2026|Mazabuka Central|secondary_school_bursary|174|CALISTER MAZ/SEC/26/07/263 LUBOMBO F 10 MONZE SECONDARY SCHOOL HAMEENDA|20|native
SECOND-BATCH-OF-SUCCESSFUL-NAMES-OF-SECONDARY-SCHOOL-LEARNERS-UNDER-SPONSORSHIP-FOR-2026-CDF-MAZ-CENTRAL.pdf|2026|Mazabuka Central|secondary_school_bursary|175|CHRISTED MAZ/SEC/26/07/264 LUBOMBO F 10 MONZE SECONDARY SCHOOL CHINKULI|20|native
SECOND-BATCH-OF-SUCCESSFUL-NAMES-OF-SECONDARY-SCHOOL-LEARNERS-UNDER-SPONSORSHIP-FOR-2026-CDF-MAZ-CENTRAL.pdf|2026|Mazabuka Central|secondary_school_bursary|176|OBVIOUS MAZ/SEC/26/07/265 LUBOMBO F 10 MONZE SECONDARY SCHOOL FELISTRAS|20|native
SECOND-BATCH-OF-SUCCESSFUL-NAMES-OF-SECONDARY-SCHOOL-LEARNERS-UNDER-SPONSORSHIP-FOR-2026-CDF-MAZ-CENTRAL.pdf|2026|Mazabuka Central|secondary_school_bursary|177|HAMBO MAZ/SEC/26/07/266 LUBOMBO F 10 MONZE SECONDARY SCHOOL|20|native
SECOND-BATCH-OF-SUCCESSFUL-NAMES-OF-SECONDARY-SCHOOL-LEARNERS-UNDER-SPONSORSHIP-FOR-2026-CDF-MAZ-CENTRAL.pdf|2026|Mazabuka Central|secondary_school_bursary|178|MERCY CHEEMBA MAZ/SEC/26/07/267 LUBOMBO F 10 MONZE SECONDARY SCHOOL LAYNESS|20|native
SECOND-BATCH-OF-SUCCESSFUL-NAMES-OF-SECONDARY-SCHOOL-LEARNERS-UNDER-SPONSORSHIP-FOR-2026-CDF-MAZ-CENTRAL.pdf|2026|Mazabuka Central|secondary_school_bursary|179|MWEEMBA MAZ/SEC/26/07/268 LUBOMBO F 10 MONZE SECONDARY SCHOOL FORM|21|native
SECOND-BATCH-OF-SUCCESSFUL-NAMES-OF-SECONDARY-SCHOOL-LEARNERS-UNDER-SPONSORSHIP-FOR-2026-CDF-MAZ-CENTRAL.pdf|2026|Mazabuka Central|secondary_school_bursary|180|NAMUYOTA CASIE MAZ/SEC/26/07/269 LUBOMBO F 1 MONZE SECONDARY SCHOOL SIAMOONGA FORM|21|native
SECOND-BATCH-OF-SUCCESSFUL-NAMES-OF-SECONDARY-SCHOOL-LEARNERS-UNDER-SPONSORSHIP-FOR-2026-CDF-MAZ-CENTRAL.pdf|2026|Mazabuka Central|secondary_school_bursary|181|LASTWELL MAZ/SEC/26/07/270 LUBOMBO F 1 MONZE SECONDARY SCHOOL FORM|21|native
SECOND-BATCH-OF-SUCCESSFUL-NAMES-OF-SECONDARY-SCHOOL-LEARNERS-UNDER-SPONSORSHIP-FOR-2026-CDF-MAZ-CENTRAL.pdf|2026|Mazabuka Central|secondary_school_bursary|182|CLEVER MBOZI MAZ/SEC/26/07/271 LUBOMBO M 1 MONZE SECONDARY SCHOOL KASEBA JENNIPHER FORM MUBANGA BOARDING|21|native
SECOND-BATCH-OF-SUCCESSFUL-NAMES-OF-SECONDARY-SCHOOL-LEARNERS-UNDER-SPONSORSHIP-FOR-2026-CDF-MAZ-CENTRAL.pdf|2026|Mazabuka Central|secondary_school_bursary|183|NAMWEEMBA MAZ/SEC/26/07/272 LUBOMBO F 1 SECONDARY SCHOOL LOVENESS MWEEMBA FORM MUNENGA SECONDARY|21|native
SECOND-BATCH-OF-SUCCESSFUL-NAMES-OF-SECONDARY-SCHOOL-LEARNERS-UNDER-SPONSORSHIP-FOR-2026-CDF-MAZ-CENTRAL.pdf|2026|Mazabuka Central|secondary_school_bursary|184|LUYANDO MAZ/SEC/26/07/273 LUBOMBO F 1 SCHOOL LILLIAN FORM MUNENGA SECONDARY|21|native
SECOND-BATCH-OF-SUCCESSFUL-NAMES-OF-SECONDARY-SCHOOL-LEARNERS-UNDER-SPONSORSHIP-FOR-2026-CDF-MAZ-CENTRAL.pdf|2026|Mazabuka Central|secondary_school_bursary|185|HABEENZU MAZ/SEC/26/07/274 LUBOMBO F 1 SCHOOL MUNSANGU SECONDARY|21|native
SECOND-BATCH-OF-SUCCESSFUL-NAMES-OF-SECONDARY-SCHOOL-LEARNERS-UNDER-SPONSORSHIP-FOR-2026-CDF-MAZ-CENTRAL.pdf|2026|Mazabuka Central|secondary_school_bursary|186|JOSEPH SOKO MAZ/SEC/26/07/275 LUBOMBO M 10 SCHOOL BUYER MUNSANGU SECONDARY|21|native
SECOND-BATCH-OF-SUCCESSFUL-NAMES-OF-SECONDARY-SCHOOL-LEARNERS-UNDER-SPONSORSHIP-FOR-2026-CDF-MAZ-CENTRAL.pdf|2026|Mazabuka Central|secondary_school_bursary|187|CHILELEKO MAZ/SEC/26/07/276 LUBOMBO M 10 SCHOOL MWEENE MUNSANGU SECONDARY|21|native
SECOND-BATCH-OF-SUCCESSFUL-NAMES-OF-SECONDARY-SCHOOL-LEARNERS-UNDER-SPONSORSHIP-FOR-2026-CDF-MAZ-CENTRAL.pdf|2026|Mazabuka Central|secondary_school_bursary|188|MCLEANS MAZ/SEC/26/07/277 LUBOMBO M 10 SCHOOL MUNSANGU SECONDARY|22|native
SECOND-BATCH-OF-SUCCESSFUL-NAMES-OF-SECONDARY-SCHOOL-LEARNERS-UNDER-SPONSORSHIP-FOR-2026-CDF-MAZ-CENTRAL.pdf|2026|Mazabuka Central|secondary_school_bursary|189|MIYOBA WENDY MAZ/SEC/26/07/278 LUBOMBO F 10 SCHOOL FORM MUNSANGU SECONDARY|22|native
SECOND-BATCH-OF-SUCCESSFUL-NAMES-OF-SECONDARY-SCHOOL-LEARNERS-UNDER-SPONSORSHIP-FOR-2026-CDF-MAZ-CENTRAL.pdf|2026|Mazabuka Central|secondary_school_bursary|190|TEMBO DELITSO MAZ/SEC/26/07/279 LUBOMBO F 1 SCHOOL MULEYA MUNYUMBWE SECONDARY|22|native
SECOND-BATCH-OF-SUCCESSFUL-NAMES-OF-SECONDARY-SCHOOL-LEARNERS-UNDER-SPONSORSHIP-FOR-2026-CDF-MAZ-CENTRAL.pdf|2026|Mazabuka Central|secondary_school_bursary|191|PATRICIA MAZ/SEC/26/07/280 LUBOMBO F 10 SCHOOL SIMUYOTA FORM MUNYUMBWE SECONDARY|22|native
SECOND-BATCH-OF-SUCCESSFUL-NAMES-OF-SECONDARY-SCHOOL-LEARNERS-UNDER-SPONSORSHIP-FOR-2026-CDF-MAZ-CENTRAL.pdf|2026|Mazabuka Central|secondary_school_bursary|192|LEMMY MAZ/SEC/26/07/281 LUBOMBO M 1 SCHOOL|22|native
SECOND-BATCH-OF-SUCCESSFUL-NAMES-OF-SECONDARY-SCHOOL-LEARNERS-UNDER-SPONSORSHIP-FOR-2026-CDF-MAZ-CENTRAL.pdf|2026|Mazabuka Central|secondary_school_bursary|193|LONTIA KAKOMA MAZ/SEC/26/07/282 LUBOMBO F 10 NANGA SECONDARY SCHOOL PATRICK|22|native
SECOND-BATCH-OF-SUCCESSFUL-NAMES-OF-SECONDARY-SCHOOL-LEARNERS-UNDER-SPONSORSHIP-FOR-2026-CDF-MAZ-CENTRAL.pdf|2026|Mazabuka Central|secondary_school_bursary|194|KAMANGA MAZ/SEC/26/07/283 LUBOMBO F 10 NANGA SECONDARY SCHOOL KALALUKA|22|native
SECOND-BATCH-OF-SUCCESSFUL-NAMES-OF-SECONDARY-SCHOOL-LEARNERS-UNDER-SPONSORSHIP-FOR-2026-CDF-MAZ-CENTRAL.pdf|2026|Mazabuka Central|secondary_school_bursary|195|NALUKUI MAZ/SEC/26/07/284 LUBOMBO F 10 NANGA SECONDARY SCHOOL|22|native
SECOND-BATCH-OF-SUCCESSFUL-NAMES-OF-SECONDARY-SCHOOL-LEARNERS-UNDER-SPONSORSHIP-FOR-2026-CDF-MAZ-CENTRAL.pdf|2026|Mazabuka Central|secondary_school_bursary|196|FINESS HAMANE MAZ/SEC/26/07/285 LUBOMBO F 10 NANGA SECONDARY SCHOOL MARTHA|22|native
SECOND-BATCH-OF-SUCCESSFUL-NAMES-OF-SECONDARY-SCHOOL-LEARNERS-UNDER-SPONSORSHIP-FOR-2026-CDF-MAZ-CENTRAL.pdf|2026|Mazabuka Central|secondary_school_bursary|197|KASWAYA MAZ/SEC/26/07/286 LUBOMBO F 10 NANGA SECONDARY SCHOOL|23|native
SECOND-BATCH-OF-SUCCESSFUL-NAMES-OF-SECONDARY-SCHOOL-LEARNERS-UNDER-SPONSORSHIP-FOR-2026-CDF-MAZ-CENTRAL.pdf|2026|Mazabuka Central|secondary_school_bursary|198|DORIS MAKWEBO MAZ/SEC/26/07/287 LUBOMBO F 10 NANGA SECONDARY SCHOOL PASKALE|23|native
SECOND-BATCH-OF-SUCCESSFUL-NAMES-OF-SECONDARY-SCHOOL-LEARNERS-UNDER-SPONSORSHIP-FOR-2026-CDF-MAZ-CENTRAL.pdf|2026|Mazabuka Central|secondary_school_bursary|199|FRANCINAH MAZ/SEC/26/07/288 LUBOMBO F 10 NANGA SECONDARY SCHOOL|23|native
SECOND-BATCH-OF-SUCCESSFUL-NAMES-OF-SECONDARY-SCHOOL-LEARNERS-UNDER-SPONSORSHIP-FOR-2026-CDF-MAZ-CENTRAL.pdf|2026|Mazabuka Central|secondary_school_bursary|200|RETICIA NKAUSU MAZ/SEC/26/07/289 LUBOMBO F 10 NANGA SECONDARY SCHOOL|23|native
SECOND-BATCH-OF-SUCCESSFUL-NAMES-OF-SECONDARY-SCHOOL-LEARNERS-UNDER-SPONSORSHIP-FOR-2026-CDF-MAZ-CENTRAL.pdf|2026|Mazabuka Central|secondary_school_bursary|201|MOONGA MAXIMO MAZ/SEC/26/07/290 LUBOMBO M 10 NANGA SECONDARY SCHOOL|23|native
SECOND-BATCH-OF-SUCCESSFUL-NAMES-OF-SECONDARY-SCHOOL-LEARNERS-UNDER-SPONSORSHIP-FOR-2026-CDF-MAZ-CENTRAL.pdf|2026|Mazabuka Central|secondary_school_bursary|202|CHIIMA STELLA MAZ/SEC/26/07/291 LUBOMBO F 10 NANGA SECONDARY SCHOOL|23|native
SECOND-BATCH-OF-SUCCESSFUL-NAMES-OF-SECONDARY-SCHOOL-LEARNERS-UNDER-SPONSORSHIP-FOR-2026-CDF-MAZ-CENTRAL.pdf|2026|Mazabuka Central|secondary_school_bursary|203|MOONGA EDNAH MAZ/SEC/26/07/292 LUBOMBO F 11 NANGA SECONDARY SCHOOL|23|native
SECOND-BATCH-OF-SUCCESSFUL-NAMES-OF-SECONDARY-SCHOOL-LEARNERS-UNDER-SPONSORSHIP-FOR-2026-CDF-MAZ-CENTRAL.pdf|2026|Mazabuka Central|secondary_school_bursary|204|PATSON HAMANE MAZ/SEC/26/07/293 LUBOMBO M 11 NANGA SECONDARY SCHOOL FORM|23|native
SECOND-BATCH-OF-SUCCESSFUL-NAMES-OF-SECONDARY-SCHOOL-LEARNERS-UNDER-SPONSORSHIP-FOR-2026-CDF-MAZ-CENTRAL.pdf|2026|Mazabuka Central|secondary_school_bursary|205|RUTH NYAMBE MAZ/SEC/26/07/294 LUBOMBO F 1 NANGA SECONDARY SCHOOL ANETY FORM|23|native
SECOND-BATCH-OF-SUCCESSFUL-NAMES-OF-SECONDARY-SCHOOL-LEARNERS-UNDER-SPONSORSHIP-FOR-2026-CDF-MAZ-CENTRAL.pdf|2026|Mazabuka Central|secondary_school_bursary|206|MANYASHA MAZ/SEC/26/07/295 LUBOMBO F 1 NANGA SECONDARY SCHOOL FORM|23|native
SECOND-BATCH-OF-SUCCESSFUL-NAMES-OF-SECONDARY-SCHOOL-LEARNERS-UNDER-SPONSORSHIP-FOR-2026-CDF-MAZ-CENTRAL.pdf|2026|Mazabuka Central|secondary_school_bursary|207|KATEBE OBERTY MAZ/SEC/26/07/296 LUBOMBO M 1 NANGA SECONDARY SCHOOL FORM|24|native
SECOND-BATCH-OF-SUCCESSFUL-NAMES-OF-SECONDARY-SCHOOL-LEARNERS-UNDER-SPONSORSHIP-FOR-2026-CDF-MAZ-CENTRAL.pdf|2026|Mazabuka Central|secondary_school_bursary|208|MWANZA CHIPO MAZ/SEC/26/07/297 LUBOMBO F 1 NANGA SECONDARY SCHOOL JAPHET JUNIOR FORM|24|native
SECOND-BATCH-OF-SUCCESSFUL-NAMES-OF-SECONDARY-SCHOOL-LEARNERS-UNDER-SPONSORSHIP-FOR-2026-CDF-MAZ-CENTRAL.pdf|2026|Mazabuka Central|secondary_school_bursary|209|SIAMANENGA MAZ/SEC/26/07/298 LUBOMBO M 1 NANGA SECONDARY SCHOOL FORM|24|native
SECOND-BATCH-OF-SUCCESSFUL-NAMES-OF-SECONDARY-SCHOOL-LEARNERS-UNDER-SPONSORSHIP-FOR-2026-CDF-MAZ-CENTRAL.pdf|2026|Mazabuka Central|secondary_school_bursary|210|MOONO LEMISON MAZ/SEC/26/07/299 LUBOMBO M 1 NANGA SECONDARY SCHOOL FORM|24|native
SECOND-BATCH-OF-SUCCESSFUL-NAMES-OF-SECONDARY-SCHOOL-LEARNERS-UNDER-SPONSORSHIP-FOR-2026-CDF-MAZ-CENTRAL.pdf|2026|Mazabuka Central|secondary_school_bursary|211|LOUIS HABEENZU MAZ/SEC/26/07/300 LUBOMBO M 1 NANGA SECONDARY SCHOOL MWEEMBA FORM|24|native
SECOND-BATCH-OF-SUCCESSFUL-NAMES-OF-SECONDARY-SCHOOL-LEARNERS-UNDER-SPONSORSHIP-FOR-2026-CDF-MAZ-CENTRAL.pdf|2026|Mazabuka Central|secondary_school_bursary|212|SAROME MAZ/SEC/26/07/301 LUBOMBO F 1 NANGA SECONDARY SCHOOL ELIZABETH FORM|24|native
SECOND-BATCH-OF-SUCCESSFUL-NAMES-OF-SECONDARY-SCHOOL-LEARNERS-UNDER-SPONSORSHIP-FOR-2026-CDF-MAZ-CENTRAL.pdf|2026|Mazabuka Central|secondary_school_bursary|213|MALAMBO MAZ/SEC/26/07/302 LUBOMBO F 1 NANGA SECONDARY SCHOOL FORM|24|native
SECOND-BATCH-OF-SUCCESSFUL-NAMES-OF-SECONDARY-SCHOOL-LEARNERS-UNDER-SPONSORSHIP-FOR-2026-CDF-MAZ-CENTRAL.pdf|2026|Mazabuka Central|secondary_school_bursary|214|JACOB CHIMEKO MAZ/SEC/26/07/303 LUBOMBO M 1 NANGA SECONDARY SCHOOL FORM|24|native
SECOND-BATCH-OF-SUCCESSFUL-NAMES-OF-SECONDARY-SCHOOL-LEARNERS-UNDER-SPONSORSHIP-FOR-2026-CDF-MAZ-CENTRAL.pdf|2026|Mazabuka Central|secondary_school_bursary|215|LISA SIMUUSO MAZ/SEC/26/07/304 LUBOMBO F 1 NANGA SECONDARY SCHOOL CHRISTINE FORM|24|native
SECOND-BATCH-OF-SUCCESSFUL-NAMES-OF-SECONDARY-SCHOOL-LEARNERS-UNDER-SPONSORSHIP-FOR-2026-CDF-MAZ-CENTRAL.pdf|2026|Mazabuka Central|secondary_school_bursary|216|MOONGA MAZ/SEC/26/07/305 LUBOMBO F 1 NANGA SECONDARY SCHOOL FORM|24|native
SECOND-BATCH-OF-SUCCESSFUL-NAMES-OF-SECONDARY-SCHOOL-LEARNERS-UNDER-SPONSORSHIP-FOR-2026-CDF-MAZ-CENTRAL.pdf|2026|Mazabuka Central|secondary_school_bursary|217|NGANDU OSBORN MAZ/SEC/26/07/306 LUBOMBO M 1 NANGA SECONDARY SCHOOL COZY LUMUNO FORM|25|native
SECOND-BATCH-OF-SUCCESSFUL-NAMES-OF-SECONDARY-SCHOOL-LEARNERS-UNDER-SPONSORSHIP-FOR-2026-CDF-MAZ-CENTRAL.pdf|2026|Mazabuka Central|secondary_school_bursary|218|SIMBAYI MAZ/SEC/26/07/307 LUBOMBO F 1 NANGA SECONDARY SCHOOL CHIBALA FORM|25|native
SECOND-BATCH-OF-SUCCESSFUL-NAMES-OF-SECONDARY-SCHOOL-LEARNERS-UNDER-SPONSORSHIP-FOR-2026-CDF-MAZ-CENTRAL.pdf|2026|Mazabuka Central|secondary_school_bursary|219|PERPETUAL MAZ/SEC/26/07/308 LUBOMBO F 1 NANGA SECONDARY SCHOOL MWEETE FORM|25|native
SECOND-BATCH-OF-SUCCESSFUL-NAMES-OF-SECONDARY-SCHOOL-LEARNERS-UNDER-SPONSORSHIP-FOR-2026-CDF-MAZ-CENTRAL.pdf|2026|Mazabuka Central|secondary_school_bursary|220|LUBOMBA GRACE MAZ/SEC/26/07/309 LUBOMBO F 1 NANGA SECONDARY SCHOOL ABIGAIL FORM|25|native
SECOND-BATCH-OF-SUCCESSFUL-NAMES-OF-SECONDARY-SCHOOL-LEARNERS-UNDER-SPONSORSHIP-FOR-2026-CDF-MAZ-CENTRAL.pdf|2026|Mazabuka Central|secondary_school_bursary|221|NANGAMBA MAZ/SEC/26/07/310 LUBOMBO F 1 NANGA SECONDARY SCHOOL FORM|25|native
SECOND-BATCH-OF-SUCCESSFUL-NAMES-OF-SECONDARY-SCHOOL-LEARNERS-UNDER-SPONSORSHIP-FOR-2026-CDF-MAZ-CENTRAL.pdf|2026|Mazabuka Central|secondary_school_bursary|222|NKAUSU LWIITO MAZ/SEC/26/07/311 LUBOMBO M 1 NANGA SECONDARY SCHOOL CHIPEPE GRACE NIKO GIRLS TECHNICAL|25|native
SECOND-BATCH-OF-SUCCESSFUL-NAMES-OF-SECONDARY-SCHOOL-LEARNERS-UNDER-SPONSORSHIP-FOR-2026-CDF-MAZ-CENTRAL.pdf|2026|Mazabuka Central|secondary_school_bursary|223|WALUSUNGU MAZ/SEC/26/07/312 LUBOMBO F 10 SCHOOL NKONKOLA SECONDARY|25|native
SECOND-BATCH-OF-SUCCESSFUL-NAMES-OF-SECONDARY-SCHOOL-LEARNERS-UNDER-SPONSORSHIP-FOR-2026-CDF-MAZ-CENTRAL.pdf|2026|Mazabuka Central|secondary_school_bursary|224|MACHENA FEBBY MAZ/SEC/26/07/313 LUBOMBO F 10 SCHOOL SIKALONGO SECONDARY|25|native
SECOND-BATCH-OF-SUCCESSFUL-NAMES-OF-SECONDARY-SCHOOL-LEARNERS-UNDER-SPONSORSHIP-FOR-2026-CDF-MAZ-CENTRAL.pdf|2026|Mazabuka Central|secondary_school_bursary|225|FAITH MUKUPILA MAZ/SEC/26/07/314 LUBOMBO F 10 SCHOOL VIOLET SIKALONGO SECONDARY|25|native
SECOND-BATCH-OF-SUCCESSFUL-NAMES-OF-SECONDARY-SCHOOL-LEARNERS-UNDER-SPONSORSHIP-FOR-2026-CDF-MAZ-CENTRAL.pdf|2026|Mazabuka Central|secondary_school_bursary|226|SHAKAMBWE MAZ/SEC/26/07/315 LUBOMBO F 10 SCHOOL SIKALONGO SECONDARY|26|native
SECOND-BATCH-OF-SUCCESSFUL-NAMES-OF-SECONDARY-SCHOOL-LEARNERS-UNDER-SPONSORSHIP-FOR-2026-CDF-MAZ-CENTRAL.pdf|2026|Mazabuka Central|secondary_school_bursary|227|ETHEL MULALA MAZ/SEC/26/07/316 LUBOMBO F 10 SCHOOL SIKALONGO SECONDARY|26|native
SECOND-BATCH-OF-SUCCESSFUL-NAMES-OF-SECONDARY-SCHOOL-LEARNERS-UNDER-SPONSORSHIP-FOR-2026-CDF-MAZ-CENTRAL.pdf|2026|Mazabuka Central|secondary_school_bursary|228|HOPE CHIMBALA MAZ/SEC/26/07/317 LUBOMBO F 10 SCHOOL FORM ST JOSEPHS SECONDARY|26|native
SECOND-BATCH-OF-SUCCESSFUL-NAMES-OF-SECONDARY-SCHOOL-LEARNERS-UNDER-SPONSORSHIP-FOR-2026-CDF-MAZ-CENTRAL.pdf|2026|Mazabuka Central|secondary_school_bursary|229|DIMBA MIRRIAM MAZ/SEC/26/07/318 LUBOMBO M 1 SCHOOL ST. MARK'S SECONDARY|26|native
SECOND-BATCH-OF-SUCCESSFUL-NAMES-OF-SECONDARY-SCHOOL-LEARNERS-UNDER-SPONSORSHIP-FOR-2026-CDF-MAZ-CENTRAL.pdf|2026|Mazabuka Central|secondary_school_bursary|230|STERN CHINKULI MAZ/SEC/26/07/319 LUBOMBO M 10 SCHOOL|26|native
SECOND-BATCH-OF-SUCCESSFUL-NAMES-OF-SECONDARY-SCHOOL-LEARNERS-UNDER-SPONSORSHIP-FOR-2026-CDF-MAZ-CENTRAL.pdf|2026|Mazabuka Central|secondary_school_bursary|231|TWAAMBO OBBY MAZ/SEC/26/07/320 LUBOMBO M 10 ZIMBA SECONDARY SCHOOL FORCE|26|native
SECOND-BATCH-OF-SUCCESSFUL-NAMES-OF-SECONDARY-SCHOOL-LEARNERS-UNDER-SPONSORSHIP-FOR-2026-CDF-MAZ-CENTRAL.pdf|2026|Mazabuka Central|secondary_school_bursary|232|NAMWANZE MAZ/SEC/26/07/321 LUBOMBO M 10 ZIMBA SECONDARY SCHOOL|26|native
SECOND-BATCH-OF-SUCCESSFUL-NAMES-OF-SECONDARY-SCHOOL-LEARNERS-UNDER-SPONSORSHIP-FOR-2026-CDF-MAZ-CENTRAL.pdf|2026|Mazabuka Central|secondary_school_bursary|233|DERRICK MUMBA MAZ/SEC/26/07/322 LUBOMBO F 10 ZIMBA SECONDARY SCHOOL REJOYCE|26|native
SECOND-BATCH-OF-SUCCESSFUL-NAMES-OF-SECONDARY-SCHOOL-LEARNERS-UNDER-SPONSORSHIP-FOR-2026-CDF-MAZ-CENTRAL.pdf|2026|Mazabuka Central|secondary_school_bursary|234|MUNGALA MAZ/SEC/26/04/323 MAZ CENTRAL F 11 CHOMA SECONDARY SCHOOL BLESSINGS|26|native
SECOND-BATCH-OF-SUCCESSFUL-NAMES-OF-SECONDARY-SCHOOL-LEARNERS-UNDER-SPONSORSHIP-FOR-2026-CDF-MAZ-CENTRAL.pdf|2026|Mazabuka Central|secondary_school_bursary|235|MADUBEKO MAZ/SEC/26/04/324 MAZ CENTRAL F 11 KAUMBA SECONDARY SCHOOL NACHILONGO FORM MACHA GIRLS SECONDARY|27|native
SECOND-BATCH-OF-SUCCESSFUL-NAMES-OF-SECONDARY-SCHOOL-LEARNERS-UNDER-SPONSORSHIP-FOR-2026-CDF-MAZ-CENTRAL.pdf|2026|Mazabuka Central|secondary_school_bursary|236|SUWILANJI MAZ/SEC/26/04/325 MAZ CENTRAL F 2 SCHOOL FORM|27|native
SECOND-BATCH-OF-SUCCESSFUL-NAMES-OF-SECONDARY-SCHOOL-LEARNERS-UNDER-SPONSORSHIP-FOR-2026-CDF-MAZ-CENTRAL.pdf|2026|Mazabuka Central|secondary_school_bursary|237|CASTROL JAMBO MAZ/SEC/26/04/326 MAZ CENTRAL M 2 MAKOYE SECONDARY SCHOOL FORM|27|native
SECOND-BATCH-OF-SUCCESSFUL-NAMES-OF-SECONDARY-SCHOOL-LEARNERS-UNDER-SPONSORSHIP-FOR-2026-CDF-MAZ-CENTRAL.pdf|2026|Mazabuka Central|secondary_school_bursary|238|ERICK SIMUUNKA MAZ/SEC/26/04/327 MAZ CENTRAL M 2 MONZE SECONDARY SCHOOL SYAVWANYANGA NJASE GIRLS SECONDARY|27|native
SECOND-BATCH-OF-SUCCESSFUL-NAMES-OF-SECONDARY-SCHOOL-LEARNERS-UNDER-SPONSORSHIP-FOR-2026-CDF-MAZ-CENTRAL.pdf|2026|Mazabuka Central|secondary_school_bursary|239|KANTU MAZ/SEC/26/04/328 MAZ CENTRAL F 11 SCHOOL FORM|27|native
SECOND-BATCH-OF-SUCCESSFUL-NAMES-OF-SECONDARY-SCHOOL-LEARNERS-UNDER-SPONSORSHIP-FOR-2026-CDF-MAZ-CENTRAL.pdf|2026|Mazabuka Central|secondary_school_bursary|240|TRACY LUNGU MAZ/SEC/26/04/329 MAZ CENTRAL F 2 ST JOSEPHS SECONDARY MAZABUKA FORM CHASUNTA STEM SECONDARY|27|native
SECOND-BATCH-OF-SUCCESSFUL-NAMES-OF-SECONDARY-SCHOOL-LEARNERS-UNDER-SPONSORSHIP-FOR-2026-CDF-MAZ-CENTRAL.pdf|2026|Mazabuka Central|secondary_school_bursary|241|MUNGALA JEFF MAZ/SEC/26/04/330 CENTRAL M 1 SCHOOL SCHOOL MATAPA BLESSING MAZABUKA FORM CHASUNTA STEM SECONDARY|27|native
SECOND-BATCH-OF-SUCCESSFUL-NAMES-OF-SECONDARY-SCHOOL-LEARNERS-UNDER-SPONSORSHIP-FOR-2026-CDF-MAZ-CENTRAL.pdf|2026|Mazabuka Central|secondary_school_bursary|242|CHINYAMA MAZ/SEC/26/04/331 CENTRAL F 1 SCHOOL SCHOOL MUNGALA MAZABUKA FORM CHASUNTA STEM SECONDARY|27|native
SECOND-BATCH-OF-SUCCESSFUL-NAMES-OF-SECONDARY-SCHOOL-LEARNERS-UNDER-SPONSORSHIP-FOR-2026-CDF-MAZ-CENTRAL.pdf|2026|Mazabuka Central|secondary_school_bursary|243|PRINCE MAZ/SEC/26/04/332 CENTRAL M 2 SCHOOL SCHOOL BETHEL MAZABUKA CHIKANKATA SECONDARY|28|native
SECOND-BATCH-OF-SUCCESSFUL-NAMES-OF-SECONDARY-SCHOOL-LEARNERS-UNDER-SPONSORSHIP-FOR-2026-CDF-MAZ-CENTRAL.pdf|2026|Mazabuka Central|secondary_school_bursary|244|SINDOWE MAZ/SEC/26/04/333 CENTRAL F 10 SCHOOL MAZABUKA CHIKANKATA SECONDARY|28|native
SECOND-BATCH-OF-SUCCESSFUL-NAMES-OF-SECONDARY-SCHOOL-LEARNERS-UNDER-SPONSORSHIP-FOR-2026-CDF-MAZ-CENTRAL.pdf|2026|Mazabuka Central|secondary_school_bursary|245|NDULWA MIKE MAZ/SEC/26/04/334 CENTRAL M 10 SCHOOL BOTHMA MAZABUKA CHIKANKATA SECONDARY|28|native
SECOND-BATCH-OF-SUCCESSFUL-NAMES-OF-SECONDARY-SCHOOL-LEARNERS-UNDER-SPONSORSHIP-FOR-2026-CDF-MAZ-CENTRAL.pdf|2026|Mazabuka Central|secondary_school_bursary|246|CHRISTOPHER MAZ/SEC/26/04/335 CENTRAL M 10 SCHOOL MAZABUKA FORM CHIKANKATA SECONDARY|28|native
SECOND-BATCH-OF-SUCCESSFUL-NAMES-OF-SECONDARY-SCHOOL-LEARNERS-UNDER-SPONSORSHIP-FOR-2026-CDF-MAZ-CENTRAL.pdf|2026|Mazabuka Central|secondary_school_bursary|247|CHIBELA JUDITH MAZ/SEC/26/04/336 CENTRAL F 1 SCHOOL MUSHIMBA MAZABUKA FORM|28|native
SECOND-BATCH-OF-SUCCESSFUL-NAMES-OF-SECONDARY-SCHOOL-LEARNERS-UNDER-SPONSORSHIP-FOR-2026-CDF-MAZ-CENTRAL.pdf|2026|Mazabuka Central|secondary_school_bursary|248|COVENANT MAZ/SEC/26/04/337 CENTRAL M 1 KAUMBA SECONDARY SCHOOL MWEEMBE MAZABUKA|28|native
SECOND-BATCH-OF-SUCCESSFUL-NAMES-OF-SECONDARY-SCHOOL-LEARNERS-UNDER-SPONSORSHIP-FOR-2026-CDF-MAZ-CENTRAL.pdf|2026|Mazabuka Central|secondary_school_bursary|249|LUSHOMO MAZ/SEC/26/04/338 CENTRAL F 10 MAKOYE SECONDARY SCHOOL MAZABUKA|28|native
SECOND-BATCH-OF-SUCCESSFUL-NAMES-OF-SECONDARY-SCHOOL-LEARNERS-UNDER-SPONSORSHIP-FOR-2026-CDF-MAZ-CENTRAL.pdf|2026|Mazabuka Central|secondary_school_bursary|250|LEAF CHIPUTA MAZ/SEC/26/04/339 CENTRAL M 10 MAKOYE SECONDARY SCHOOL MAYBIN MAZABUKA FORM|28|native
SECOND-BATCH-OF-SUCCESSFUL-NAMES-OF-SECONDARY-SCHOOL-LEARNERS-UNDER-SPONSORSHIP-FOR-2026-CDF-MAZ-CENTRAL.pdf|2026|Mazabuka Central|secondary_school_bursary|251|MUNAMWENDA MAZ/SEC/26/04/340 CENTRAL F 1 MAKOYE SECONDARY SCHOOL MAZABUKA FORM|28|native
SECOND-BATCH-OF-SUCCESSFUL-NAMES-OF-SECONDARY-SCHOOL-LEARNERS-UNDER-SPONSORSHIP-FOR-2026-CDF-MAZ-CENTRAL.pdf|2026|Mazabuka Central|secondary_school_bursary|252|MWEELE LAMECK MAZ/SEC/26/04/341 CENTRAL M 1 MAKOYE SECONDARY SCHOOL MOONGA MAZABUKA FORM|29|native
SECOND-BATCH-OF-SUCCESSFUL-NAMES-OF-SECONDARY-SCHOOL-LEARNERS-UNDER-SPONSORSHIP-FOR-2026-CDF-MAZ-CENTRAL.pdf|2026|Mazabuka Central|secondary_school_bursary|253|CHILELEKO MAZ/SEC/26/04/342 CENTRAL F 2 MAKOYE SECONDARY SCHOOL MACHULU MAZABUKA MUBANGA BOARDING|29|native
SECOND-BATCH-OF-SUCCESSFUL-NAMES-OF-SECONDARY-SCHOOL-LEARNERS-UNDER-SPONSORSHIP-FOR-2026-CDF-MAZ-CENTRAL.pdf|2026|Mazabuka Central|secondary_school_bursary|254|FRANCINAH MAZ/SEC/26/04/343 CENTRAL F 10 SECONDARY SCHOOL PETIENCE MAZABUKA MUNENGA SECONDARY|29|native
SECOND-BATCH-OF-SUCCESSFUL-NAMES-OF-SECONDARY-SCHOOL-LEARNERS-UNDER-SPONSORSHIP-FOR-2026-CDF-MAZ-CENTRAL.pdf|2026|Mazabuka Central|secondary_school_bursary|255|MWEEMBA MAZ/SEC/26/04/344 CENTRAL F 10 SCHOOL DEBORAH EUPHRASIA MAZABUKA MUNENGA SECONDARY|29|native
SECOND-BATCH-OF-SUCCESSFUL-NAMES-OF-SECONDARY-SCHOOL-LEARNERS-UNDER-SPONSORSHIP-FOR-2026-CDF-MAZ-CENTRAL.pdf|2026|Mazabuka Central|secondary_school_bursary|256|HAMWEENDA MAZ/SEC/26/04/345 CENTRAL F 10 SCHOOL MWIINGA CHOOLWE MAZABUKA FORM MUNENGA SECONDARY|29|native
SECOND-BATCH-OF-SUCCESSFUL-NAMES-OF-SECONDARY-SCHOOL-LEARNERS-UNDER-SPONSORSHIP-FOR-2026-CDF-MAZ-CENTRAL.pdf|2026|Mazabuka Central|secondary_school_bursary|257|ROBERT MAZ/SEC/26/04/346 CENTRAL M 1 SCHOOL BBALASA MAZABUKA MUNSANGU SECONDARY|29|native
SECOND-BATCH-OF-SUCCESSFUL-NAMES-OF-SECONDARY-SCHOOL-LEARNERS-UNDER-SPONSORSHIP-FOR-2026-CDF-MAZ-CENTRAL.pdf|2026|Mazabuka Central|secondary_school_bursary|258|MUTEMBO MAZ/SEC/26/04/347 CENTRAL M 10 SCHOOL MUBAMBE MAZABUKA MUNSANGU SECONDARY|29|native
SECOND-BATCH-OF-SUCCESSFUL-NAMES-OF-SECONDARY-SCHOOL-LEARNERS-UNDER-SPONSORSHIP-FOR-2026-CDF-MAZ-CENTRAL.pdf|2026|Mazabuka Central|secondary_school_bursary|259|STEVE MAZ/SEC/26/04/348 CENTRAL M 10 SCHOOL MUNGAILA MAZABUKA MUNSANGU SECONDARY|29|native
SECOND-BATCH-OF-SUCCESSFUL-NAMES-OF-SECONDARY-SCHOOL-LEARNERS-UNDER-SPONSORSHIP-FOR-2026-CDF-MAZ-CENTRAL.pdf|2026|Mazabuka Central|secondary_school_bursary|260|RABECCA MAZ/SEC/26/04/349 CENTRAL F 10 SCHOOL MWENDAI MAZABUKA MUNSANGU SECONDARY|30|native
SECOND-BATCH-OF-SUCCESSFUL-NAMES-OF-SECONDARY-SCHOOL-LEARNERS-UNDER-SPONSORSHIP-FOR-2026-CDF-MAZ-CENTRAL.pdf|2026|Mazabuka Central|secondary_school_bursary|261|PATRICK MAZ/SEC/26/04/350 CENTRAL M 10 SCHOOL HAMUNANJI MAZABUKA FORM MUNSANGU SECONDARY|30|native
SECOND-BATCH-OF-SUCCESSFUL-NAMES-OF-SECONDARY-SCHOOL-LEARNERS-UNDER-SPONSORSHIP-FOR-2026-CDF-MAZ-CENTRAL.pdf|2026|Mazabuka Central|secondary_school_bursary|262|CANDY MAZ/SEC/26/04/351 CENTRAL M 1 SCHOOL MAZABUKA NAMWALA SECONDARY|30|native
SECOND-BATCH-OF-SUCCESSFUL-NAMES-OF-SECONDARY-SCHOOL-LEARNERS-UNDER-SPONSORSHIP-FOR-2026-CDF-MAZ-CENTRAL.pdf|2026|Mazabuka Central|secondary_school_bursary|263|CHOOMA NANDI MAZ/SEC/26/04/352 CENTRAL F 10 SCHOOL CHISANGANO MAZABUKA FORM|30|native
SECOND-BATCH-OF-SUCCESSFUL-NAMES-OF-SECONDARY-SCHOOL-LEARNERS-UNDER-SPONSORSHIP-FOR-2026-CDF-MAZ-CENTRAL.pdf|2026|Mazabuka Central|secondary_school_bursary|264|TWAAMBO MAZ/SEC/26/04/353 CENTRAL f 1 NANGA SECONDARY SCHOOL KABANGO MAZABUKA FORM NJASE GIRLS SECONDARY|30|native
SECOND-BATCH-OF-SUCCESSFUL-NAMES-OF-SECONDARY-SCHOOL-LEARNERS-UNDER-SPONSORSHIP-FOR-2026-CDF-MAZ-CENTRAL.pdf|2026|Mazabuka Central|secondary_school_bursary|265|NATLIE MAZ/SEC/26/04/354 CENTRAL 1 SCHOOL SIMUNENGE MAZABUKA FORM NJASE GIRLS SECONDARY|30|native
SECOND-BATCH-OF-SUCCESSFUL-NAMES-OF-SECONDARY-SCHOOL-LEARNERS-UNDER-SPONSORSHIP-FOR-2026-CDF-MAZ-CENTRAL.pdf|2026|Mazabuka Central|secondary_school_bursary|266|NORIA MAZ/SEC/26/04/355 CENTRAL F 1 SCHOOL MILAMBO MAZABUKA FORM NJASE GIRLS SECONDARY|30|native
SECOND-BATCH-OF-SUCCESSFUL-NAMES-OF-SECONDARY-SCHOOL-LEARNERS-UNDER-SPONSORSHIP-FOR-2026-CDF-MAZ-CENTRAL.pdf|2026|Mazabuka Central|secondary_school_bursary|267|WOMBA MAZ/SEC/26/04/356 CENTRAL F 1 SCHOOL MAZABUKA NKONKOLA SECONDARY|30|native
SECOND-BATCH-OF-SUCCESSFUL-NAMES-OF-SECONDARY-SCHOOL-LEARNERS-UNDER-SPONSORSHIP-FOR-2026-CDF-MAZ-CENTRAL.pdf|2026|Mazabuka Central|secondary_school_bursary|268|CHITYABA NAOMI MAZ/SEC/26/04/357 CENTRAL F 10 SCHOOL MAZABUKA FORM NKONKOLA SECONDARY|31|native
SECOND-BATCH-OF-SUCCESSFUL-NAMES-OF-SECONDARY-SCHOOL-LEARNERS-UNDER-SPONSORSHIP-FOR-2026-CDF-MAZ-CENTRAL.pdf|2026|Mazabuka Central|secondary_school_bursary|269|MOONGA MAGGIE MAZ/SEC/26/04/358 CENTRAL F 1 SCHOOL MANJE MAZABUKA RUSANGU SECONDARY|31|native
SECOND-BATCH-OF-SUCCESSFUL-NAMES-OF-SECONDARY-SCHOOL-LEARNERS-UNDER-SPONSORSHIP-FOR-2026-CDF-MAZ-CENTRAL.pdf|2026|Mazabuka Central|secondary_school_bursary|270|EMMANUEL MAZ/SEC/26/04/359 CENTRAL M 10 SCHOOL MUNSANJE MAZABUKA FORM RUSANGU SECONDARY|31|native
SECOND-BATCH-OF-SUCCESSFUL-NAMES-OF-SECONDARY-SCHOOL-LEARNERS-UNDER-SPONSORSHIP-FOR-2026-CDF-MAZ-CENTRAL.pdf|2026|Mazabuka Central|secondary_school_bursary|271|TAFRAY MAZ/SEC/26/04/360 CENTRAL M 1 SCHOOL MUBITA MAIBO MAZABUKA|31|native
SECOND-BATCH-OF-SUCCESSFUL-NAMES-OF-SECONDARY-SCHOOL-LEARNERS-UNDER-SPONSORSHIP-FOR-2026-CDF-MAZ-CENTRAL.pdf|2026|Mazabuka Central|secondary_school_bursary|272|JC MAZ/SEC/26/04/361 CENTRAL M 11 SERENJE BOYS MAZABUKA FORM SIKALONGO SECONDARY|31|native
SECOND-BATCH-OF-SUCCESSFUL-NAMES-OF-SECONDARY-SCHOOL-LEARNERS-UNDER-SPONSORSHIP-FOR-2026-CDF-MAZ-CENTRAL.pdf|2026|Mazabuka Central|secondary_school_bursary|273|PHIRI EUNICE MAZ/SEC/26/04/362 CENTRAL F 1 SCHOOL HAMAKALA MAZABUKA ST JOSEPHS SECONDARY|31|native
SECOND-BATCH-OF-SUCCESSFUL-NAMES-OF-SECONDARY-SCHOOL-LEARNERS-UNDER-SPONSORSHIP-FOR-2026-CDF-MAZ-CENTRAL.pdf|2026|Mazabuka Central|secondary_school_bursary|274|LWIINDI ABLESS MAZ/SEC/26/04/363 CENTRAL F 10 SCHOOL NJOBVU MAZABUKA FORM ST JOSEPHS SECONDARY|31|native
SECOND-BATCH-OF-SUCCESSFUL-NAMES-OF-SECONDARY-SCHOOL-LEARNERS-UNDER-SPONSORSHIP-FOR-2026-CDF-MAZ-CENTRAL.pdf|2026|Mazabuka Central|secondary_school_bursary|275|KONDWANI MAZ/SEC/26/04/364 CENTRAL F 1 SCHOOL MASIYE MAZABUKA FORM ST JOSEPHS SECONDARY|31|native
SECOND-BATCH-OF-SUCCESSFUL-NAMES-OF-SECONDARY-SCHOOL-LEARNERS-UNDER-SPONSORSHIP-FOR-2026-CDF-MAZ-CENTRAL.pdf|2026|Mazabuka Central|secondary_school_bursary|276|EMELDAH MAZ/SEC/26/04/365 CENTRAL F 1 SCHOOL MAZABUKA FORM ST JOSEPHS SECONDARY|32|native
SECOND-BATCH-OF-SUCCESSFUL-NAMES-OF-SECONDARY-SCHOOL-LEARNERS-UNDER-SPONSORSHIP-FOR-2026-CDF-MAZ-CENTRAL.pdf|2026|Mazabuka Central|secondary_school_bursary|277|MAUMBI EMELLY MAZ/SEC/26/04/366 CENTRAL F 1 SCHOOL SIAMAGANI MAZABUKA FORM ST. CANISIUS SECONDARY|32|native
SECOND-BATCH-OF-SUCCESSFUL-NAMES-OF-SECONDARY-SCHOOL-LEARNERS-UNDER-SPONSORSHIP-FOR-2026-CDF-MAZ-CENTRAL.pdf|2026|Mazabuka Central|secondary_school_bursary|278|BRIGHT MAZ/SEC/26/04/367 CENTRAL M 1 SCHOOL MAZABUKA FORM ST. MARK'S SECONDARY|32|native
SECOND-BATCH-OF-SUCCESSFUL-NAMES-OF-SECONDARY-SCHOOL-LEARNERS-UNDER-SPONSORSHIP-FOR-2026-CDF-MAZ-CENTRAL.pdf|2026|Mazabuka Central|secondary_school_bursary|279|ENOCK SAITI MAZ/SEC/26/04/368 CENTRAL M 1 SCHOOL MAZABUKA FORM MUNENGA SECONDARY|32|native
SECOND-BATCH-OF-SUCCESSFUL-NAMES-OF-SECONDARY-SCHOOL-LEARNERS-UNDER-SPONSORSHIP-FOR-2026-CDF-MAZ-CENTRAL.pdf|2026|Mazabuka Central|secondary_school_bursary|280|MWALE NIVIA MAZ/SEC/26/04/542 CENTRAL F 2 SCHOOL MAZABUKA FORM MUNYUMBWE SECONDARY|32|native
SECOND-BATCH-OF-SUCCESSFUL-NAMES-OF-SECONDARY-SCHOOL-LEARNERS-UNDER-SPONSORSHIP-FOR-2026-CDF-MAZ-CENTRAL.pdf|2026|Mazabuka Central|secondary_school_bursary|281|JERE NANDIPA MAZ/SEC/26/04/543 CENTRAL F 1 SCHOOL MAZABUKA FORM MACHA GIRLS SECONDARY|32|native
SECOND-BATCH-OF-SUCCESSFUL-NAMES-OF-SECONDARY-SCHOOL-LEARNERS-UNDER-SPONSORSHIP-FOR-2026-CDF-MAZ-CENTRAL.pdf|2026|Mazabuka Central|secondary_school_bursary|282|SINDOWE WANGU CENTRAL F 1 SCHOOL CHIKOKO|32|native
SECOND-BATCH-OF-SUCCESSFUL-NAMES-OF-SECONDARY-SCHOOL-LEARNERS-UNDER-SPONSORSHIP-FOR-2026-CDF-MAZ-CENTRAL.pdf|2026|Mazabuka Central|secondary_school_bursary|283|OBSERVER MAZ/SEC/26/08/369 MUGOTO M 10 CHIKANI SECONDARY SCHOOL|32|native
SECOND-BATCH-OF-SUCCESSFUL-NAMES-OF-SECONDARY-SCHOOL-LEARNERS-UNDER-SPONSORSHIP-FOR-2026-CDF-MAZ-CENTRAL.pdf|2026|Mazabuka Central|secondary_school_bursary|284|NJAME INERT MAZ/SEC/26/08/370 MUGOTO F 10 CHIKANI SECONDARY SCHOOL MWEENE FORM|33|native
SECOND-BATCH-OF-SUCCESSFUL-NAMES-OF-SECONDARY-SCHOOL-LEARNERS-UNDER-SPONSORSHIP-FOR-2026-CDF-MAZ-CENTRAL.pdf|2026|Mazabuka Central|secondary_school_bursary|285|CHOOLWE MAZ/SEC/26/08/371 MUGOTO F 1 CHIKANI SECONDARY SCHOOL CHIKANKATA SECONDARY|33|native
SECOND-BATCH-OF-SUCCESSFUL-NAMES-OF-SECONDARY-SCHOOL-LEARNERS-UNDER-SPONSORSHIP-FOR-2026-CDF-MAZ-CENTRAL.pdf|2026|Mazabuka Central|secondary_school_bursary|286|CHISONGA CHIPO MAZ/SEC/26/08/372 MUGOTO F 10 SCHOOL MWIINGA CHIKANKATA SECONDARY|33|native
SECOND-BATCH-OF-SUCCESSFUL-NAMES-OF-SECONDARY-SCHOOL-LEARNERS-UNDER-SPONSORSHIP-FOR-2026-CDF-MAZ-CENTRAL.pdf|2026|Mazabuka Central|secondary_school_bursary|287|MALUMBO MAZ/SEC/26/08/373 MUGOTO M 10 SCHOOL FORM CHIKANKATA SECONDARY|33|native
SECOND-BATCH-OF-SUCCESSFUL-NAMES-OF-SECONDARY-SCHOOL-LEARNERS-UNDER-SPONSORSHIP-FOR-2026-CDF-MAZ-CENTRAL.pdf|2026|Mazabuka Central|secondary_school_bursary|288|MIYANDA ACTIVE MAZ/SEC/26/08/374 MUGOTO M 1 SCHOOL MOONGA FORM|33|native
SECOND-BATCH-OF-SUCCESSFUL-NAMES-OF-SECONDARY-SCHOOL-LEARNERS-UNDER-SPONSORSHIP-FOR-2026-CDF-MAZ-CENTRAL.pdf|2026|Mazabuka Central|secondary_school_bursary|289|SHEMMY MAZ/SEC/26/08/375 MUGOTO M 2 CHIPEPO SECONDARY SCHOOL F|33|native
SECOND-BATCH-OF-SUCCESSFUL-NAMES-OF-SECONDARY-SCHOOL-LEARNERS-UNDER-SPONSORSHIP-FOR-2026-CDF-MAZ-CENTRAL.pdf|2026|Mazabuka Central|secondary_school_bursary|290|MWIING BRENDA MAZ/SEC/26/08/376 MUGOTO 10 JEMBO SECONDARY SCHOOL F MALAMBO|33|native
SECOND-BATCH-OF-SUCCESSFUL-NAMES-OF-SECONDARY-SCHOOL-LEARNERS-UNDER-SPONSORSHIP-FOR-2026-CDF-MAZ-CENTRAL.pdf|2026|Mazabuka Central|secondary_school_bursary|291|BEAUTY MAZ/SEC/26/08/377 MUGOTO 10 JEMBO SECONDARY SCHOOL HACHIBALA|33|native
SECOND-BATCH-OF-SUCCESSFUL-NAMES-OF-SECONDARY-SCHOOL-LEARNERS-UNDER-SPONSORSHIP-FOR-2026-CDF-MAZ-CENTRAL.pdf|2026|Mazabuka Central|secondary_school_bursary|292|BLESS MAZ/SEC/26/08/378 MUGOTO M 10 KALOMO SECONDARY SCHOOL HACHOOLWE|33|native
SECOND-BATCH-OF-SUCCESSFUL-NAMES-OF-SECONDARY-SCHOOL-LEARNERS-UNDER-SPONSORSHIP-FOR-2026-CDF-MAZ-CENTRAL.pdf|2026|Mazabuka Central|secondary_school_bursary|293|BECKY MAZ/SEC/26/08/379 MUGOTO F 10 KALOMO SECONDARY SCHOOL HACHINTU|34|native
SECOND-BATCH-OF-SUCCESSFUL-NAMES-OF-SECONDARY-SCHOOL-LEARNERS-UNDER-SPONSORSHIP-FOR-2026-CDF-MAZ-CENTRAL.pdf|2026|Mazabuka Central|secondary_school_bursary|294|BUBALA MAZ/SEC/26/08/380 MUGOTO F 10 KALOMO SECONDARY SCHOOL|34|native
SECOND-BATCH-OF-SUCCESSFUL-NAMES-OF-SECONDARY-SCHOOL-LEARNERS-UNDER-SPONSORSHIP-FOR-2026-CDF-MAZ-CENTRAL.pdf|2026|Mazabuka Central|secondary_school_bursary|295|MUMBWA MOST MAZ/SEC/26/08/381 MUGOTO M 10 MUNENGA SECONDARY MWEENE|34|native
SECOND-BATCH-OF-SUCCESSFUL-NAMES-OF-SECONDARY-SCHOOL-LEARNERS-UNDER-SPONSORSHIP-FOR-2026-CDF-MAZ-CENTRAL.pdf|2026|Mazabuka Central|secondary_school_bursary|296|MUUNGA MAZ/SEC/26/08/382 MUGOTO M 10 MUNENGA SECONDARY MWIINGA|34|native
SECOND-BATCH-OF-SUCCESSFUL-NAMES-OF-SECONDARY-SCHOOL-LEARNERS-UNDER-SPONSORSHIP-FOR-2026-CDF-MAZ-CENTRAL.pdf|2026|Mazabuka Central|secondary_school_bursary|297|MACLOUDY MAZ/SEC/26/08/383 MUGOTO M 10 MUNENGA SECONDARY TEZELELE MUNSANGU SECONDARY|34|native
SECOND-BATCH-OF-SUCCESSFUL-NAMES-OF-SECONDARY-SCHOOL-LEARNERS-UNDER-SPONSORSHIP-FOR-2026-CDF-MAZ-CENTRAL.pdf|2026|Mazabuka Central|secondary_school_bursary|298|LAWRENCE MAZ/SEC/26/08/384 MUGOTO M 10 SCHOOL F HAMAINDA MUNSANGU SECONDARY|34|native
SECOND-BATCH-OF-SUCCESSFUL-NAMES-OF-SECONDARY-SCHOOL-LEARNERS-UNDER-SPONSORSHIP-FOR-2026-CDF-MAZ-CENTRAL.pdf|2026|Mazabuka Central|secondary_school_bursary|299|BRENDA MAZ/SEC/26/08/385 MUGOTO 10 SCHOOL CHEELO MUNSANGU SECONDARY|34|native
SECOND-BATCH-OF-SUCCESSFUL-NAMES-OF-SECONDARY-SCHOOL-LEARNERS-UNDER-SPONSORSHIP-FOR-2026-CDF-MAZ-CENTRAL.pdf|2026|Mazabuka Central|secondary_school_bursary|300|CHARLES MAZ/SEC/26/08/386 MUGOTO M 10 SCHOOL MUNSANGU SECONDARY|34|native
SECOND-BATCH-OF-SUCCESSFUL-NAMES-OF-SECONDARY-SCHOOL-LEARNERS-UNDER-SPONSORSHIP-FOR-2026-CDF-MAZ-CENTRAL.pdf|2026|Mazabuka Central|secondary_school_bursary|301|CHULUKA JOHN MAZ/SEC/26/08/387 MUGOTO M 10 SCHOOL MUNSANGU SECONDARY|34|native
SECOND-BATCH-OF-SUCCESSFUL-NAMES-OF-SECONDARY-SCHOOL-LEARNERS-UNDER-SPONSORSHIP-FOR-2026-CDF-MAZ-CENTRAL.pdf|2026|Mazabuka Central|secondary_school_bursary|302|CHIIKO SANDRA MAZ/SEC/26/08/388 MUGOTO F 10 SCHOOL TEZELELE JONAH FORM MUNSANGU SECONDARY|35|native
SECOND-BATCH-OF-SUCCESSFUL-NAMES-OF-SECONDARY-SCHOOL-LEARNERS-UNDER-SPONSORSHIP-FOR-2026-CDF-MAZ-CENTRAL.pdf|2026|Mazabuka Central|secondary_school_bursary|303|JUNIOR MAZ/SEC/26/08/389 MUGOTO M 1 SCHOOL F FORM MUNSANGU SECONDARY|35|native
SECOND-BATCH-OF-SUCCESSFUL-NAMES-OF-SECONDARY-SCHOOL-LEARNERS-UNDER-SPONSORSHIP-FOR-2026-CDF-MAZ-CENTRAL.pdf|2026|Mazabuka Central|secondary_school_bursary|304|TETEETE ESTHER MAZ/SEC/26/08/390 MUGOTO 1 SCHOOL F HAMAINDA FORM MUNSANGU SECONDARY|35|native
SECOND-BATCH-OF-SUCCESSFUL-NAMES-OF-SECONDARY-SCHOOL-LEARNERS-UNDER-SPONSORSHIP-FOR-2026-CDF-MAZ-CENTRAL.pdf|2026|Mazabuka Central|secondary_school_bursary|305|JENNIFER MAZ/SEC/26/08/391 MUGOTO 1 SCHOOL CHINGANDU FORM MUNSANGU SECONDARY|35|native
SECOND-BATCH-OF-SUCCESSFUL-NAMES-OF-SECONDARY-SCHOOL-LEARNERS-UNDER-SPONSORSHIP-FOR-2026-CDF-MAZ-CENTRAL.pdf|2026|Mazabuka Central|secondary_school_bursary|306|MISHEL MAZ/SEC/26/08/392 MUGOTO F 1 SCHOOL FORM MUNSANGU SECONDARY|35|native
SECOND-BATCH-OF-SUCCESSFUL-NAMES-OF-SECONDARY-SCHOOL-LEARNERS-UNDER-SPONSORSHIP-FOR-2026-CDF-MAZ-CENTRAL.pdf|2026|Mazabuka Central|secondary_school_bursary|307|DAKA OSCAR MAZ/SEC/26/08/393 MUGOTO M 1 SCHOOL MALAMBO FORM MUNSANGU SECONDARY|35|native
SECOND-BATCH-OF-SUCCESSFUL-NAMES-OF-SECONDARY-SCHOOL-LEARNERS-UNDER-SPONSORSHIP-FOR-2026-CDF-MAZ-CENTRAL.pdf|2026|Mazabuka Central|secondary_school_bursary|308|MAXWELL MAZ/SEC/26/08/394 MUGOTO M 1 SCHOOL FORM MUNSANGU SECONDARY|35|native
SECOND-BATCH-OF-SUCCESSFUL-NAMES-OF-SECONDARY-SCHOOL-LEARNERS-UNDER-SPONSORSHIP-FOR-2026-CDF-MAZ-CENTRAL.pdf|2026|Mazabuka Central|secondary_school_bursary|309|KOONDE ARON MAZ/SEC/26/08/395 MUGOTO M 1 SCHOOL HABASIMBI FORM MUNSANGU SECONDARY|35|native
SECOND-BATCH-OF-SUCCESSFUL-NAMES-OF-SECONDARY-SCHOOL-LEARNERS-UNDER-SPONSORSHIP-FOR-2026-CDF-MAZ-CENTRAL.pdf|2026|Mazabuka Central|secondary_school_bursary|310|ALUMBWE MAZ/SEC/26/08/396 MUGOTO M 1 SCHOOL HACHIFWA FORM MUNSANGU SECONDARY|36|native
SECOND-BATCH-OF-SUCCESSFUL-NAMES-OF-SECONDARY-SCHOOL-LEARNERS-UNDER-SPONSORSHIP-FOR-2026-CDF-MAZ-CENTRAL.pdf|2026|Mazabuka Central|secondary_school_bursary|311|CHASTE MAZ/SEC/26/08/397 MUGOTO F 2 SCHOOL FORM MUNSANGU SECONDARY|36|native
SECOND-BATCH-OF-SUCCESSFUL-NAMES-OF-SECONDARY-SCHOOL-LEARNERS-UNDER-SPONSORSHIP-FOR-2026-CDF-MAZ-CENTRAL.pdf|2026|Mazabuka Central|secondary_school_bursary|312|MALAMBO INESS MAZ/SEC/26/08/398 MUGOTO M 2 SCHOOL FORM|36|native
SECOND-BATCH-OF-SUCCESSFUL-NAMES-OF-SECONDARY-SCHOOL-LEARNERS-UNDER-SPONSORSHIP-FOR-2026-CDF-MAZ-CENTRAL.pdf|2026|Mazabuka Central|secondary_school_bursary|313|HAKANA EPHRAIM MAZ/SEC/26/08/399 MUGOTO M 1 MUNYUMBWE SECONDARY FORM|36|native
SECOND-BATCH-OF-SUCCESSFUL-NAMES-OF-SECONDARY-SCHOOL-LEARNERS-UNDER-SPONSORSHIP-FOR-2026-CDF-MAZ-CENTRAL.pdf|2026|Mazabuka Central|secondary_school_bursary|314|NGANDU NATHAN MAZ/SEC/26/08/400 MUGOTO M 1 NANGA SECONDARY SCHOOL MEWEENE FORM PEMBEELE SECONDARY|36|native
SECOND-BATCH-OF-SUCCESSFUL-NAMES-OF-SECONDARY-SCHOOL-LEARNERS-UNDER-SPONSORSHIP-FOR-2026-CDF-MAZ-CENTRAL.pdf|2026|Mazabuka Central|secondary_school_bursary|315|GERALD MAZ/SEC/26/08/401 MUGOTO M 1 SCHOOL FORM ST CANISIUS SECONDARY|36|native
SECOND-BATCH-OF-SUCCESSFUL-NAMES-OF-SECONDARY-SCHOOL-LEARNERS-UNDER-SPONSORSHIP-FOR-2026-CDF-MAZ-CENTRAL.pdf|2026|Mazabuka Central|secondary_school_bursary|316|ANDREW LWIINDI MAZ/SEC/26/08/402 MUGOTO M 1 SCHOOL MATAGA FORM ST MARKS SECONDARY|36|native
SECOND-BATCH-OF-SUCCESSFUL-NAMES-OF-SECONDARY-SCHOOL-LEARNERS-UNDER-SPONSORSHIP-FOR-2026-CDF-MAZ-CENTRAL.pdf|2026|Mazabuka Central|secondary_school_bursary|317|FORTUNE MAZ/SEC/26/08/403 MUGOTO M 1 SCHOOL CHOOLELA FORM ST MARKS SECONDARY|36|native
SECOND-BATCH-OF-SUCCESSFUL-NAMES-OF-SECONDARY-SCHOOL-LEARNERS-UNDER-SPONSORSHIP-FOR-2026-CDF-MAZ-CENTRAL.pdf|2026|Mazabuka Central|secondary_school_bursary|318|PRESTON MAZ/SEC/26/08/404 MUGOTO M 1 SCHOOL|36|native
SECOND-BATCH-OF-SUCCESSFUL-NAMES-OF-SECONDARY-SCHOOL-LEARNERS-UNDER-SPONSORSHIP-FOR-2026-CDF-MAZ-CENTRAL.pdf|2026|Mazabuka Central|secondary_school_bursary|319|SIBUUMBU LOVIN MAZ/SEC/26/08/405 MUGOTO F 1 ST MULUMBA PRIMARY SCHOOL LUTANGALO MARTIN FORM CHIKANKATA SECONDARY|37|native
SECOND-BATCH-OF-SUCCESSFUL-NAMES-OF-SECONDARY-SCHOOL-LEARNERS-UNDER-SPONSORSHIP-FOR-2026-CDF-MAZ-CENTRAL.pdf|2026|Mazabuka Central|secondary_school_bursary|320|MWEEMBA MAZ/SEC/26/03/406 NAKAMBALA M 1 SCHOOL LISWANISO FORM CHIKANKATA SECONDARY|37|native
SECOND-BATCH-OF-SUCCESSFUL-NAMES-OF-SECONDARY-SCHOOL-LEARNERS-UNDER-SPONSORSHIP-FOR-2026-CDF-MAZ-CENTRAL.pdf|2026|Mazabuka Central|secondary_school_bursary|321|MWENDA MAZ/SEC/26/03/407 NAKAMBALA M 1 SCHOOL|37|native
SECOND-BATCH-OF-SUCCESSFUL-NAMES-OF-SECONDARY-SCHOOL-LEARNERS-UNDER-SPONSORSHIP-FOR-2026-CDF-MAZ-CENTRAL.pdf|2026|Mazabuka Central|secondary_school_bursary|322|WILLIAM CHANDA MAZ/SEC/26/03/408 NAKAMBALA M 10 JEMBO SECONDARY SCHOOL MAXWELL|37|native
SECOND-BATCH-OF-SUCCESSFUL-NAMES-OF-SECONDARY-SCHOOL-LEARNERS-UNDER-SPONSORSHIP-FOR-2026-CDF-MAZ-CENTRAL.pdf|2026|Mazabuka Central|secondary_school_bursary|323|KABASO MAZ/SEC/26/03/409 NAKAMBALA M 10 JEMBO SECONDARY SCHOOL|37|native
SECOND-BATCH-OF-SUCCESSFUL-NAMES-OF-SECONDARY-SCHOOL-LEARNERS-UNDER-SPONSORSHIP-FOR-2026-CDF-MAZ-CENTRAL.pdf|2026|Mazabuka Central|secondary_school_bursary|324|SMAUEL MWILA MAZ/SEC/26/03/410 NAKAMBALA M 10 JEMBO SECONDARY SCHOOL PATSON CHIPULU|37|native
SECOND-BATCH-OF-SUCCESSFUL-NAMES-OF-SECONDARY-SCHOOL-LEARNERS-UNDER-SPONSORSHIP-FOR-2026-CDF-MAZ-CENTRAL.pdf|2026|Mazabuka Central|secondary_school_bursary|325|KAPYA MAZ/SEC/26/03/411 NAKAMBALA M 10 JEMBO SECONDARY SCHOOL MUNSANDA MWENDALUBI MACHA GIRLS SECONDARY|37|native
SECOND-BATCH-OF-SUCCESSFUL-NAMES-OF-SECONDARY-SCHOOL-LEARNERS-UNDER-SPONSORSHIP-FOR-2026-CDF-MAZ-CENTRAL.pdf|2026|Mazabuka Central|secondary_school_bursary|326|MAAKA MAZ/SEC/26/03/412 NAKAMBALA F 10 SCHOOL MATANDALIZWE FORM MACHA GIRLS SECONDARY|37|native
SECOND-BATCH-OF-SUCCESSFUL-NAMES-OF-SECONDARY-SCHOOL-LEARNERS-UNDER-SPONSORSHIP-FOR-2026-CDF-MAZ-CENTRAL.pdf|2026|Mazabuka Central|secondary_school_bursary|327|THOKO AUDREY MAZ/SEC/26/03/413 NAKAMBALA F 1 SCHOOL F LINETY|37|native
SECOND-BATCH-OF-SUCCESSFUL-NAMES-OF-SECONDARY-SCHOOL-LEARNERS-UNDER-SPONSORSHIP-FOR-2026-CDF-MAZ-CENTRAL.pdf|2026|Mazabuka Central|secondary_school_bursary|328|SIMOOMBA MAZ/SEC/26/03/414 NAKAMBALA 10 MAKOYE SECONDARY SCHOOL HAMAINDA|38|native
SECOND-BATCH-OF-SUCCESSFUL-NAMES-OF-SECONDARY-SCHOOL-LEARNERS-UNDER-SPONSORSHIP-FOR-2026-CDF-MAZ-CENTRAL.pdf|2026|Mazabuka Central|secondary_school_bursary|329|INNOCENT MAZ/SEC/26/03/415 NAKAMBALA M 10 MAKOYE SECONDARY SCHOOL CHARLES MALUNDU FORM|38|native
SECOND-BATCH-OF-SUCCESSFUL-NAMES-OF-SECONDARY-SCHOOL-LEARNERS-UNDER-SPONSORSHIP-FOR-2026-CDF-MAZ-CENTRAL.pdf|2026|Mazabuka Central|secondary_school_bursary|330|NKANDELA MAZ/SEC/26/03/416 NAKAMBALA F 1 MAKOYE SECONDARY SCHOOL|38|native
SECOND-BATCH-OF-SUCCESSFUL-NAMES-OF-SECONDARY-SCHOOL-LEARNERS-UNDER-SPONSORSHIP-FOR-2026-CDF-MAZ-CENTRAL.pdf|2026|Mazabuka Central|secondary_school_bursary|331|RACHEAL KAHILU MAZ/SEC/26/03/417 NAKAMBALA F 10 MONZE SECONDARY SCHOOL CHRISTINE|38|native
SECOND-BATCH-OF-SUCCESSFUL-NAMES-OF-SECONDARY-SCHOOL-LEARNERS-UNDER-SPONSORSHIP-FOR-2026-CDF-MAZ-CENTRAL.pdf|2026|Mazabuka Central|secondary_school_bursary|332|BWALYA MAZ/SEC/26/03/418 NAKAMBALA F 10 MONZE SECONDARY SCHOOL NGANDU FORM|38|native
SECOND-BATCH-OF-SUCCESSFUL-NAMES-OF-SECONDARY-SCHOOL-LEARNERS-UNDER-SPONSORSHIP-FOR-2026-CDF-MAZ-CENTRAL.pdf|2026|Mazabuka Central|secondary_school_bursary|333|TUNGAYI MAZ/SEC/26/03/419 NAKAMBALA M 1 MONZE SECONDARY SCHOOL F MUNENGA SECONDARY|38|native
SECOND-BATCH-OF-SUCCESSFUL-NAMES-OF-SECONDARY-SCHOOL-LEARNERS-UNDER-SPONSORSHIP-FOR-2026-CDF-MAZ-CENTRAL.pdf|2026|Mazabuka Central|secondary_school_bursary|334|ESTHER MWINGA MAZ/SEC/26/03/420 NAKAMBALA 10 SCHOOL MUNENGA SECONDARY|38|native
SECOND-BATCH-OF-SUCCESSFUL-NAMES-OF-SECONDARY-SCHOOL-LEARNERS-UNDER-SPONSORSHIP-FOR-2026-CDF-MAZ-CENTRAL.pdf|2026|Mazabuka Central|secondary_school_bursary|335|PETER MWEWA MAZ/SEC/26/03/421 NAKAMBALA M 10 SCHOOL BEST MULENGA MUNENGA SECONDARY|38|native
SECOND-BATCH-OF-SUCCESSFUL-NAMES-OF-SECONDARY-SCHOOL-LEARNERS-UNDER-SPONSORSHIP-FOR-2026-CDF-MAZ-CENTRAL.pdf|2026|Mazabuka Central|secondary_school_bursary|336|MWESHI MAZ/SEC/26/03/422 NAKAMBALA M 10 SCHOOL MUNENGA SECONDARY|38|native
SECOND-BATCH-OF-SUCCESSFUL-NAMES-OF-SECONDARY-SCHOOL-LEARNERS-UNDER-SPONSORSHIP-FOR-2026-CDF-MAZ-CENTRAL.pdf|2026|Mazabuka Central|secondary_school_bursary|337|PATRICK KABUYU MAZ/SEC/26/03/423 NAKAMBALA M 10 SCHOOL SIAYANGA GODFREY MUNENGA SECONDARY|39|native
SECOND-BATCH-OF-SUCCESSFUL-NAMES-OF-SECONDARY-SCHOOL-LEARNERS-UNDER-SPONSORSHIP-FOR-2026-CDF-MAZ-CENTRAL.pdf|2026|Mazabuka Central|secondary_school_bursary|338|INAMBAO MAZ/SEC/26/03/424 NAKAMBALA M 10 SCHOOL MARVELOUS MUNENGA SECONDARY|39|native
SECOND-BATCH-OF-SUCCESSFUL-NAMES-OF-SECONDARY-SCHOOL-LEARNERS-UNDER-SPONSORSHIP-FOR-2026-CDF-MAZ-CENTRAL.pdf|2026|Mazabuka Central|secondary_school_bursary|339|CHILEKWA MAZ/SEC/26/03/425 NAKAMBALA M 10 SCHOOL CHARLES MUNENGA SECONDARY|39|native
SECOND-BATCH-OF-SUCCESSFUL-NAMES-OF-SECONDARY-SCHOOL-LEARNERS-UNDER-SPONSORSHIP-FOR-2026-CDF-MAZ-CENTRAL.pdf|2026|Mazabuka Central|secondary_school_bursary|340|MALAIKA MAZ/SEC/26/03/426 NAKAMBALA M 10 SCHOOL MUNENGA SECONDARY|39|native
SECOND-BATCH-OF-SUCCESSFUL-NAMES-OF-SECONDARY-SCHOOL-LEARNERS-UNDER-SPONSORSHIP-FOR-2026-CDF-MAZ-CENTRAL.pdf|2026|Mazabuka Central|secondary_school_bursary|341|CHRISPIN MBUYU MAZ/SEC/26/03/427 NAKAMBALA M 10 SCHOOL CHARLES CHINONGE MUNENGA SECONDARY|39|native
SECOND-BATCH-OF-SUCCESSFUL-NAMES-OF-SECONDARY-SCHOOL-LEARNERS-UNDER-SPONSORSHIP-FOR-2026-CDF-MAZ-CENTRAL.pdf|2026|Mazabuka Central|secondary_school_bursary|342|NJAMBA MAZ/SEC/26/03/428 NAKAMBALA M 10 SCHOOL MODECCAI MUNENGA SECONDARY|39|native
SECOND-BATCH-OF-SUCCESSFUL-NAMES-OF-SECONDARY-SCHOOL-LEARNERS-UNDER-SPONSORSHIP-FOR-2026-CDF-MAZ-CENTRAL.pdf|2026|Mazabuka Central|secondary_school_bursary|343|NGANDU MAZ/SEC/26/03/429 NAKAMBALA M 10 SCHOOL RABBAN MUNENGA SECONDARY|39|native
SECOND-BATCH-OF-SUCCESSFUL-NAMES-OF-SECONDARY-SCHOOL-LEARNERS-UNDER-SPONSORSHIP-FOR-2026-CDF-MAZ-CENTRAL.pdf|2026|Mazabuka Central|secondary_school_bursary|344|MULENGA KAUBA MAZ/SEC/26/03/430 NAKAMBALA M 10 SCHOOL TIMOTHY MUNENGA SECONDARY|39|native
SECOND-BATCH-OF-SUCCESSFUL-NAMES-OF-SECONDARY-SCHOOL-LEARNERS-UNDER-SPONSORSHIP-FOR-2026-CDF-MAZ-CENTRAL.pdf|2026|Mazabuka Central|secondary_school_bursary|345|MWANSA MAZ/SEC/26/03/431 NAKAMBALA M 10 SCHOOL OSCAR UYOYA MUNENGA SECONDARY|40|native
SECOND-BATCH-OF-SUCCESSFUL-NAMES-OF-SECONDARY-SCHOOL-LEARNERS-UNDER-SPONSORSHIP-FOR-2026-CDF-MAZ-CENTRAL.pdf|2026|Mazabuka Central|secondary_school_bursary|346|MAKOBA MAZ/SEC/26/03/432 NAKAMBALA M 10 SCHOOL M BLESSED FORM MUNENGA SECONDARY|40|native
SECOND-BATCH-OF-SUCCESSFUL-NAMES-OF-SECONDARY-SCHOOL-LEARNERS-UNDER-SPONSORSHIP-FOR-2026-CDF-MAZ-CENTRAL.pdf|2026|Mazabuka Central|secondary_school_bursary|347|HAMWEENE MAZ/SEC/26/03/433 NAKAMBALA 1 SCHOOL F BARBRA MUNSANGU SECONDARY|40|native
SECOND-BATCH-OF-SUCCESSFUL-NAMES-OF-SECONDARY-SCHOOL-LEARNERS-UNDER-SPONSORSHIP-FOR-2026-CDF-MAZ-CENTRAL.pdf|2026|Mazabuka Central|secondary_school_bursary|348|CHIMUKA MAZ/SEC/26/03/434 NAKAMBALA 10 SCHOOL MUNSANGU SECONDARY|40|native
SECOND-BATCH-OF-SUCCESSFUL-NAMES-OF-SECONDARY-SCHOOL-LEARNERS-UNDER-SPONSORSHIP-FOR-2026-CDF-MAZ-CENTRAL.pdf|2026|Mazabuka Central|secondary_school_bursary|349|LILLY CHILALA MAZ/SEC/26/03/435 NAKAMBALA F 10 SCHOOL FINESS FORM MUNSANGU SECONDARY|40|native
SECOND-BATCH-OF-SUCCESSFUL-NAMES-OF-SECONDARY-SCHOOL-LEARNERS-UNDER-SPONSORSHIP-FOR-2026-CDF-MAZ-CENTRAL.pdf|2026|Mazabuka Central|secondary_school_bursary|350|MUNANZUBWE MAZ/SEC/26/03/436 NAKAMBALA M 1 SCHOOL FORM MUNSANGU SECONDARY|40|native
SECOND-BATCH-OF-SUCCESSFUL-NAMES-OF-SECONDARY-SCHOOL-LEARNERS-UNDER-SPONSORSHIP-FOR-2026-CDF-MAZ-CENTRAL.pdf|2026|Mazabuka Central|secondary_school_bursary|351|LAMECK MUMBA MAZ/SEC/26/03/437 NAKAMBALA M 2 SCHOOL FORM MUNSANGU SECONDARY|40|native
SECOND-BATCH-OF-SUCCESSFUL-NAMES-OF-SECONDARY-SCHOOL-LEARNERS-UNDER-SPONSORSHIP-FOR-2026-CDF-MAZ-CENTRAL.pdf|2026|Mazabuka Central|secondary_school_bursary|352|BENSON CHIBESA MAZ/SEC/26/03/438 NAKAMBALA M 2 SCHOOL MAGRET|40|native
SECOND-BATCH-OF-SUCCESSFUL-NAMES-OF-SECONDARY-SCHOOL-LEARNERS-UNDER-SPONSORSHIP-FOR-2026-CDF-MAZ-CENTRAL.pdf|2026|Mazabuka Central|secondary_school_bursary|353|KABONGA MAZ/SEC/26/03/439 NAKAMBALA F 11 NANGA SECONDARY SCHOOL|40|native
SECOND-BATCH-OF-SUCCESSFUL-NAMES-OF-SECONDARY-SCHOOL-LEARNERS-UNDER-SPONSORSHIP-FOR-2026-CDF-MAZ-CENTRAL.pdf|2026|Mazabuka Central|secondary_school_bursary|354|JOY PHIRI MAZ/SEC/26/03/440 NAKAMBALA F 11 NANGA SECONDARY SCHOOL LUBOMBA FORM|41|native
SECOND-BATCH-OF-SUCCESSFUL-NAMES-OF-SECONDARY-SCHOOL-LEARNERS-UNDER-SPONSORSHIP-FOR-2026-CDF-MAZ-CENTRAL.pdf|2026|Mazabuka Central|secondary_school_bursary|355|HACHINTU MAZ/SEC/26/03/441 NAKAMBALA F 1 NANGA SECONDARY SCHOOL LWEENDO FORM NKONKOLA SECONDARY|41|native
SECOND-BATCH-OF-SUCCESSFUL-NAMES-OF-SECONDARY-SCHOOL-LEARNERS-UNDER-SPONSORSHIP-FOR-2026-CDF-MAZ-CENTRAL.pdf|2026|Mazabuka Central|secondary_school_bursary|356|GEORGE MAZ/SEC/26/03/442 NAKAMBALA M 2 SCHOOL KAPETA FORM|41|native
SECOND-BATCH-OF-SUCCESSFUL-NAMES-OF-SECONDARY-SCHOOL-LEARNERS-UNDER-SPONSORSHIP-FOR-2026-CDF-MAZ-CENTRAL.pdf|2026|Mazabuka Central|secondary_school_bursary|357|ELIZABETH MAZ/SEC/26/03/443 NAKAMBALA F 1 PEMBA SECONDARY SCHOOL RUSANGU SECONDARY|41|native
SECOND-BATCH-OF-SUCCESSFUL-NAMES-OF-SECONDARY-SCHOOL-LEARNERS-UNDER-SPONSORSHIP-FOR-2026-CDF-MAZ-CENTRAL.pdf|2026|Mazabuka Central|secondary_school_bursary|358|SAMUEL SIANZAZI MAZ/SEC/26/03/444 NAKAMBALA M 10 SCHOOL M FORM RUSANGU SECONDARY|41|native
SECOND-BATCH-OF-SUCCESSFUL-NAMES-OF-SECONDARY-SCHOOL-LEARNERS-UNDER-SPONSORSHIP-FOR-2026-CDF-MAZ-CENTRAL.pdf|2026|Mazabuka Central|secondary_school_bursary|359|MALUBA MOONGA MAZ/SEC/26/03/445 NAKAMBALA 1 SCHOOL FORM RUSANGU SECONDARY|41|native
SECOND-BATCH-OF-SUCCESSFUL-NAMES-OF-SECONDARY-SCHOOL-LEARNERS-UNDER-SPONSORSHIP-FOR-2026-CDF-MAZ-CENTRAL.pdf|2026|Mazabuka Central|secondary_school_bursary|360|LOT S. LOONGO MAZ/SEC/26/03/446 NAKAMBALA M 1 SCHOOL BLESSING FORM RUSANGU SECONDARY|41|native
SECOND-BATCH-OF-SUCCESSFUL-NAMES-OF-SECONDARY-SCHOOL-LEARNERS-UNDER-SPONSORSHIP-FOR-2026-CDF-MAZ-CENTRAL.pdf|2026|Mazabuka Central|secondary_school_bursary|361|NSONDO MAZ/SEC/26/03/447 NAKAMBALA F 1 SCHOOL CHABOTA MOOYA FORM RUSANGU SECONDARY|41|native
SECOND-BATCH-OF-SUCCESSFUL-NAMES-OF-SECONDARY-SCHOOL-LEARNERS-UNDER-SPONSORSHIP-FOR-2026-CDF-MAZ-CENTRAL.pdf|2026|Mazabuka Central|secondary_school_bursary|362|MWEETWA MAZ/SEC/26/03/448 NAKAMBALA F 2 SCHOOL KANENE FORM SIAVONGA SECONDARY|41|native
SECOND-BATCH-OF-SUCCESSFUL-NAMES-OF-SECONDARY-SCHOOL-LEARNERS-UNDER-SPONSORSHIP-FOR-2026-CDF-MAZ-CENTRAL.pdf|2026|Mazabuka Central|secondary_school_bursary|363|LUTANGALO MAZ/SEC/26/03/449 NAKAMBALA M 1 SCHOOL MWAULUKA FORM SIAVONGA SECONDARY|42|native
SECOND-BATCH-OF-SUCCESSFUL-NAMES-OF-SECONDARY-SCHOOL-LEARNERS-UNDER-SPONSORSHIP-FOR-2026-CDF-MAZ-CENTRAL.pdf|2026|Mazabuka Central|secondary_school_bursary|364|PRISCA MAZ/SEC/26/03/450 NAKAMBALA F 2 SCHOOL BRIAN CHIBUYE FORM ST CANISIUS SECONDARY|42|native
SECOND-BATCH-OF-SUCCESSFUL-NAMES-OF-SECONDARY-SCHOOL-LEARNERS-UNDER-SPONSORSHIP-FOR-2026-CDF-MAZ-CENTRAL.pdf|2026|Mazabuka Central|secondary_school_bursary|365|SAMPA MAZ/SEC/26/03/451 NAKAMBALA M 1 SCHOOL NYSSA FORM ST JOSEPHS SECONDARY|42|native
SECOND-BATCH-OF-SUCCESSFUL-NAMES-OF-SECONDARY-SCHOOL-LEARNERS-UNDER-SPONSORSHIP-FOR-2026-CDF-MAZ-CENTRAL.pdf|2026|Mazabuka Central|secondary_school_bursary|366|MULUNGWE MAZ/SEC/26/03/452 NAKAMBALA F 1 SCHOOL FORM|42|native
SECOND-BATCH-OF-SUCCESSFUL-NAMES-OF-SECONDARY-SCHOOL-LEARNERS-UNDER-SPONSORSHIP-FOR-2026-CDF-MAZ-CENTRAL.pdf|2026|Mazabuka Central|secondary_school_bursary|367|MOONGA KELVIN MAZ/SEC/26/05/453 NEGA NEGA M 1 JEMBO SECONDARY SCHOOL TEMBO|42|native
SECOND-BATCH-OF-SUCCESSFUL-NAMES-OF-SECONDARY-SCHOOL-LEARNERS-UNDER-SPONSORSHIP-FOR-2026-CDF-MAZ-CENTRAL.pdf|2026|Mazabuka Central|secondary_school_bursary|368|HARRISON MAZ/SEC/26/05/454 NEGA NEGA M 10 KAUMBA SECONDARY SCHOOL M MWANZA FORM|42|native
SECOND-BATCH-OF-SUCCESSFUL-NAMES-OF-SECONDARY-SCHOOL-LEARNERS-UNDER-SPONSORSHIP-FOR-2026-CDF-MAZ-CENTRAL.pdf|2026|Mazabuka Central|secondary_school_bursary|369|MICHEAL MAZ/SEC/26/05/455 NEGA NEGA 1 MAKOYE SECONDARY SCHOOL BUUMBA FORM|42|native
SECOND-BATCH-OF-SUCCESSFUL-NAMES-OF-SECONDARY-SCHOOL-LEARNERS-UNDER-SPONSORSHIP-FOR-2026-CDF-MAZ-CENTRAL.pdf|2026|Mazabuka Central|secondary_school_bursary|370|CHILELEKO MAZ/SEC/26/05/456 NEGA NEGA M 1 MAKOYE SECONDARY SCHOOL M FORM|42|native
SECOND-BATCH-OF-SUCCESSFUL-NAMES-OF-SECONDARY-SCHOOL-LEARNERS-UNDER-SPONSORSHIP-FOR-2026-CDF-MAZ-CENTRAL.pdf|2026|Mazabuka Central|secondary_school_bursary|371|LUUNDU HOPE MAZ/SEC/26/05/457 NEGA NEGA 1 MONZE SECONDARY SCHOOL|42|native
SECOND-BATCH-OF-SUCCESSFUL-NAMES-OF-SECONDARY-SCHOOL-LEARNERS-UNDER-SPONSORSHIP-FOR-2026-CDF-MAZ-CENTRAL.pdf|2026|Mazabuka Central|secondary_school_bursary|372|NJEKWA ELLEN MAZ/SEC/26/05/458 NEGA NEGA F 11 MUNENGA SECONDARY FORM|43|native
SECOND-BATCH-OF-SUCCESSFUL-NAMES-OF-SECONDARY-SCHOOL-LEARNERS-UNDER-SPONSORSHIP-FOR-2026-CDF-MAZ-CENTRAL.pdf|2026|Mazabuka Central|secondary_school_bursary|373|TONGA TEMWANI MAZ/SEC/26/05/459 NEGA NEGA F 1 MUNENGA SECONDARY MUNENE VINES|43|native
SECOND-BATCH-OF-SUCCESSFUL-NAMES-OF-SECONDARY-SCHOOL-LEARNERS-UNDER-SPONSORSHIP-FOR-2026-CDF-MAZ-CENTRAL.pdf|2026|Mazabuka Central|secondary_school_bursary|374|MUTINTA MAZ/SEC/26/05/460 NEGA NEGA F 10 NANGA SECONDARY SCHOOL|43|native
SECOND-BATCH-OF-SUCCESSFUL-NAMES-OF-SECONDARY-SCHOOL-LEARNERS-UNDER-SPONSORSHIP-FOR-2026-CDF-MAZ-CENTRAL.pdf|2026|Mazabuka Central|secondary_school_bursary|375|KEEENA BRENDA MAZ/SEC/26/05/461 NEGA NEGA F 10 NANGA SECONDARY SCHOOL NYAMBE|43|native
SECOND-BATCH-OF-SUCCESSFUL-NAMES-OF-SECONDARY-SCHOOL-LEARNERS-UNDER-SPONSORSHIP-FOR-2026-CDF-MAZ-CENTRAL.pdf|2026|Mazabuka Central|secondary_school_bursary|376|KALALUKA MAZ/SEC/26/05/462 NEGA NEGA M 10 NANGA SECONDARY SCHOOL|43|native
SECOND-BATCH-OF-SUCCESSFUL-NAMES-OF-SECONDARY-SCHOOL-LEARNERS-UNDER-SPONSORSHIP-FOR-2026-CDF-MAZ-CENTRAL.pdf|2026|Mazabuka Central|secondary_school_bursary|377|ZULU ELIZABETH MAZ/SEC/26/05/463 NEGA NEGA F 5 NANGA SECONDARY SCHOOL FORM|43|native
SECOND-BATCH-OF-SUCCESSFUL-NAMES-OF-SECONDARY-SCHOOL-LEARNERS-UNDER-SPONSORSHIP-FOR-2026-CDF-MAZ-CENTRAL.pdf|2026|Mazabuka Central|secondary_school_bursary|378|MWEENE JOSAM MAZ/SEC/26/05/464 NEGA NEGA M 1 NANGA SECONDARY SCHOOL FORM|43|native
SECOND-BATCH-OF-SUCCESSFUL-NAMES-OF-SECONDARY-SCHOOL-LEARNERS-UNDER-SPONSORSHIP-FOR-2026-CDF-MAZ-CENTRAL.pdf|2026|Mazabuka Central|secondary_school_bursary|379|MAUBI GIFT MAZ/SEC/26/05/465 NEGA NEGA M 2 NANGA SECONDARY SCHOOL FORM|43|native
SECOND-BATCH-OF-SUCCESSFUL-NAMES-OF-SECONDARY-SCHOOL-LEARNERS-UNDER-SPONSORSHIP-FOR-2026-CDF-MAZ-CENTRAL.pdf|2026|Mazabuka Central|secondary_school_bursary|380|MAUBI TRACY MAZ/SEC/26/05/466 NEGA NEGA F 2 NANGA SECONDARY SCHOOL KASEBA|43|native
SECOND-BATCH-OF-SUCCESSFUL-NAMES-OF-SECONDARY-SCHOOL-LEARNERS-UNDER-SPONSORSHIP-FOR-2026-CDF-MAZ-CENTRAL.pdf|2026|Mazabuka Central|secondary_school_bursary|381|BEATRICE MAZ/SEC/26/05/467 NEGA NEGA F 1 NANGA SPECIAL SCHOOL MALABO|43|native
SECOND-BATCH-OF-SUCCESSFUL-NAMES-OF-SECONDARY-SCHOOL-LEARNERS-UNDER-SPONSORSHIP-FOR-2026-CDF-MAZ-CENTRAL.pdf|2026|Mazabuka Central|secondary_school_bursary|382|CHEEBELWA MAZ/SEC/26/05/468 NEGA NEGA F 1 NANGA SPECIAL SCHOOL|43|native
SECOND-BATCH-OF-SUCCESSFUL-NAMES-OF-SECONDARY-SCHOOL-LEARNERS-UNDER-SPONSORSHIP-FOR-2026-CDF-MAZ-CENTRAL.pdf|2026|Mazabuka Central|secondary_school_bursary|383|MWEETWA ROSE MAZ/SEC/26/05/469 NEGA NEGA F 1 NANGA SPECIAL SCHOOL|44|native
SECOND-BATCH-OF-SUCCESSFUL-NAMES-OF-SECONDARY-SCHOOL-LEARNERS-UNDER-SPONSORSHIP-FOR-2026-CDF-MAZ-CENTRAL.pdf|2026|Mazabuka Central|secondary_school_bursary|384|MWEENE MARTIN MAZ/SEC/26/05/470 NEGA NEGA M 1 NANGA SPECIAL SCHOOL|44|native
SECOND-BATCH-OF-SUCCESSFUL-NAMES-OF-SECONDARY-SCHOOL-LEARNERS-UNDER-SPONSORSHIP-FOR-2026-CDF-MAZ-CENTRAL.pdf|2026|Mazabuka Central|secondary_school_bursary|385|SIMWEEMBA RICK MAZ/SEC/26/05/471 NEGA NEGA M 1 NANGA SPECIAL SCHOOL CHUULU|44|native
SECOND-BATCH-OF-SUCCESSFUL-NAMES-OF-SECONDARY-SCHOOL-LEARNERS-UNDER-SPONSORSHIP-FOR-2026-CDF-MAZ-CENTRAL.pdf|2026|Mazabuka Central|secondary_school_bursary|386|MAMBWE MAZ/SEC/26/05/472 NEGA NEGA M 2 NANGA SPECIAL SCHOOL ZILUNDU|44|native
SECOND-BATCH-OF-SUCCESSFUL-NAMES-OF-SECONDARY-SCHOOL-LEARNERS-UNDER-SPONSORSHIP-FOR-2026-CDF-MAZ-CENTRAL.pdf|2026|Mazabuka Central|secondary_school_bursary|387|EMMANUEL MAZ/SEC/26/05/473 NEGA NEGA M 3 NANGA SPECIAL SCHOOL CHITAMBALA|44|native
SECOND-BATCH-OF-SUCCESSFUL-NAMES-OF-SECONDARY-SCHOOL-LEARNERS-UNDER-SPONSORSHIP-FOR-2026-CDF-MAZ-CENTRAL.pdf|2026|Mazabuka Central|secondary_school_bursary|388|DERICK MAZ/SEC/26/05/474 NEGA NEGA M 4 NANGA SPECIAL SCHOOL|44|native
SECOND-BATCH-OF-SUCCESSFUL-NAMES-OF-SECONDARY-SCHOOL-LEARNERS-UNDER-SPONSORSHIP-FOR-2026-CDF-MAZ-CENTRAL.pdf|2026|Mazabuka Central|secondary_school_bursary|389|TEMBO GIFT MAZ/SEC/26/05/475 NEGA NEGA M 4 NANGA SPECIAL SCHOOL|44|native
SECOND-BATCH-OF-SUCCESSFUL-NAMES-OF-SECONDARY-SCHOOL-LEARNERS-UNDER-SPONSORSHIP-FOR-2026-CDF-MAZ-CENTRAL.pdf|2026|Mazabuka Central|secondary_school_bursary|390|PHIRI ROBSON MAZ/SEC/26/05/476 NEGA NEGA M 4 NANGA SPECIAL SCHOOL|44|native
SECOND-BATCH-OF-SUCCESSFUL-NAMES-OF-SECONDARY-SCHOOL-LEARNERS-UNDER-SPONSORSHIP-FOR-2026-CDF-MAZ-CENTRAL.pdf|2026|Mazabuka Central|secondary_school_bursary|391|MWIINGA ROSTER MAZ/SEC/26/05/477 NEGA NEGA F 4 NANGA SPECIAL SCHOOL MWIINGA|44|native
SECOND-BATCH-OF-SUCCESSFUL-NAMES-OF-SECONDARY-SCHOOL-LEARNERS-UNDER-SPONSORSHIP-FOR-2026-CDF-MAZ-CENTRAL.pdf|2026|Mazabuka Central|secondary_school_bursary|392|MEMORY MAZ/SEC/26/05/478 NEGA NEGA M 4 NANGA SPECIAL SCHOOL HAKALEMBE|44|native
SECOND-BATCH-OF-SUCCESSFUL-NAMES-OF-SECONDARY-SCHOOL-LEARNERS-UNDER-SPONSORSHIP-FOR-2026-CDF-MAZ-CENTRAL.pdf|2026|Mazabuka Central|secondary_school_bursary|393|BONA MAZ/SEC/26/05/479 NEGA NEGA M 6 NANGA SPECIAL SCHOOL MWIINGA|44|native
SECOND-BATCH-OF-SUCCESSFUL-NAMES-OF-SECONDARY-SCHOOL-LEARNERS-UNDER-SPONSORSHIP-FOR-2026-CDF-MAZ-CENTRAL.pdf|2026|Mazabuka Central|secondary_school_bursary|394|KATRINA MAZ/SEC/26/05/480 NEGA NEGA F 7 NANGA SPECIAL SCHOOL|44|native
SECOND-BATCH-OF-SUCCESSFUL-NAMES-OF-SECONDARY-SCHOOL-LEARNERS-UNDER-SPONSORSHIP-FOR-2026-CDF-MAZ-CENTRAL.pdf|2026|Mazabuka Central|secondary_school_bursary|395|MWEEMBA GIFT MAZ/SEC/26/05/481 NEGA NEGA M 7 NANGA SPECIAL SCHOOL MWIINGA FORM|44|native
SECOND-BATCH-OF-SUCCESSFUL-NAMES-OF-SECONDARY-SCHOOL-LEARNERS-UNDER-SPONSORSHIP-FOR-2026-CDF-MAZ-CENTRAL.pdf|2026|Mazabuka Central|secondary_school_bursary|396|CHILELEKO MAZ/SEC/26/05/482 NEGA NEGA F 1 PEMPA SECONDARY SCHOOL F SYABIIBI FORM RUSANGU SECONDARY|44|native
SECOND-BATCH-OF-SUCCESSFUL-NAMES-OF-SECONDARY-SCHOOL-LEARNERS-UNDER-SPONSORSHIP-FOR-2026-CDF-MAZ-CENTRAL.pdf|2026|Mazabuka Central|secondary_school_bursary|397|RABBECA MAZ/SEC/26/05/483 NEGA NEGA 1 SCHOOL TWALUMBA FORM ST JOSEPHS SECONDARY|45|native
SECOND-BATCH-OF-SUCCESSFUL-NAMES-OF-SECONDARY-SCHOOL-LEARNERS-UNDER-SPONSORSHIP-FOR-2026-CDF-MAZ-CENTRAL.pdf|2026|Mazabuka Central|secondary_school_bursary|398|MOONGA NEGA NEGA F 1 SCHOOL MULINANDA FORM CHASUNTA STEM SECONDARY|45|native
SECOND-BATCH-OF-SUCCESSFUL-NAMES-OF-SECONDARY-SCHOOL-LEARNERS-UNDER-SPONSORSHIP-FOR-2026-CDF-MAZ-CENTRAL.pdf|2026|Mazabuka Central|secondary_school_bursary|399|NAMBAYA MAZ/SEC/26/05/484 NEGA-NEGA F 1 SCHOOL SCHOOL MUNSANJE MUNSANGU SECONDARY|45|native
SECOND-BATCH-OF-SUCCESSFUL-NAMES-OF-SECONDARY-SCHOOL-LEARNERS-UNDER-SPONSORSHIP-FOR-2026-CDF-MAZ-CENTRAL.pdf|2026|Mazabuka Central|secondary_school_bursary|400|CLIFORD MAZ/SEC/26/05/485 NEGA-NEGA M 10 SCHOOL NAMAKAU|45|native
SECOND-BATCH-OF-SUCCESSFUL-NAMES-OF-SECONDARY-SCHOOL-LEARNERS-UNDER-SPONSORSHIP-FOR-2026-CDF-MAZ-CENTRAL.pdf|2026|Mazabuka Central|secondary_school_bursary|401|KALALUKA MAZ/SEC/26/05/486 NEGA-NEGA F 10 NANGA SECONDARY SCHOOL FORM|45|native
SECOND-BATCH-OF-SUCCESSFUL-NAMES-OF-SECONDARY-SCHOOL-LEARNERS-UNDER-SPONSORSHIP-FOR-2026-CDF-MAZ-CENTRAL.pdf|2026|Mazabuka Central|secondary_school_bursary|402|HANAMBE NAOMI MAZ/SEC/26/05/487 NEGA-NEGA F 1 NANGA SECONDARY SCHOOL MIYANDA FORM|45|native
SECOND-BATCH-OF-SUCCESSFUL-NAMES-OF-SECONDARY-SCHOOL-LEARNERS-UNDER-SPONSORSHIP-FOR-2026-CDF-MAZ-CENTRAL.pdf|2026|Mazabuka Central|secondary_school_bursary|403|MICHELO MAZ/SEC/26/05/488 NEGA-NEGA F 1 NANGA SECONDARY SCHOOL MUTEMBO FORM|45|native
SECOND-BATCH-OF-SUCCESSFUL-NAMES-OF-SECONDARY-SCHOOL-LEARNERS-UNDER-SPONSORSHIP-FOR-2026-CDF-MAZ-CENTRAL.pdf|2026|Mazabuka Central|secondary_school_bursary|404|MAJELE MAZ/SEC/26/05/489 NEGA-NEGA M 1 NANGA SECONDARY SCHOOL MUSIYE FORM|45|native
SECOND-BATCH-OF-SUCCESSFUL-NAMES-OF-SECONDARY-SCHOOL-LEARNERS-UNDER-SPONSORSHIP-FOR-2026-CDF-MAZ-CENTRAL.pdf|2026|Mazabuka Central|secondary_school_bursary|405|PATIENCE MAZ/SEC/26/05/490 NEGA-NEGA F 1 NANGA SECONDARY SCHOOL BRIDGET FORM|45|native
SECOND-BATCH-OF-SUCCESSFUL-NAMES-OF-SECONDARY-SCHOOL-LEARNERS-UNDER-SPONSORSHIP-FOR-2026-CDF-MAZ-CENTRAL.pdf|2026|Mazabuka Central|secondary_school_bursary|406|MUSIYEBO MAZ/SEC/26/05/491 NEGA-NEGA F 1 NANGA SECONDARY SCHOOL PRECIOUS FORM|46|native
SECOND-BATCH-OF-SUCCESSFUL-NAMES-OF-SECONDARY-SCHOOL-LEARNERS-UNDER-SPONSORSHIP-FOR-2026-CDF-MAZ-CENTRAL.pdf|2026|Mazabuka Central|secondary_school_bursary|407|HAMPONGO MAZ/SEC/26/05/492 NEGA-NEGA F 2 NANGA SECONDARY SCHOOL|46|native
SECOND-BATCH-OF-SUCCESSFUL-NAMES-OF-SECONDARY-SCHOOL-LEARNERS-UNDER-SPONSORSHIP-FOR-2026-CDF-MAZ-CENTRAL.pdf|2026|Mazabuka Central|secondary_school_bursary|408|MWALE ALUSHA MAZ/SEC/26/05/493 NEGA-NEGA M 6 NANGA SPECIAL SCHOOL FORM NKONKOLA SECONDARY|46|native
SECOND-BATCH-OF-SUCCESSFUL-NAMES-OF-SECONDARY-SCHOOL-LEARNERS-UNDER-SPONSORSHIP-FOR-2026-CDF-MAZ-CENTRAL.pdf|2026|Mazabuka Central|secondary_school_bursary|409|BEAUTY MAKALA MAZ/SEC/26/05/494 NEGA-NEGA F 1 SCHOOL CHIZUNGA ST. JOSEPHS SECONDARY|46|native
SECOND-BATCH-OF-SUCCESSFUL-NAMES-OF-SECONDARY-SCHOOL-LEARNERS-UNDER-SPONSORSHIP-FOR-2026-CDF-MAZ-CENTRAL.pdf|2026|Mazabuka Central|secondary_school_bursary|410|EPHRAIM MAZ/SEC/26/05/495 NEGA-NEGA M 10 SCHOOL LUSIE FORM ST. JOSEPHS SECONDARY|46|native
SECOND-BATCH-OF-SUCCESSFUL-NAMES-OF-SECONDARY-SCHOOL-LEARNERS-UNDER-SPONSORSHIP-FOR-2026-CDF-MAZ-CENTRAL.pdf|2026|Mazabuka Central|secondary_school_bursary|411|HAKASENKE MAZ/SEC/26/05/496 NEGA-NEGA F 1 SCHOOL CHABOTA LUKUNDO FORM ST. MARKS SECONDARY|46|native
SECOND-BATCH-OF-SUCCESSFUL-NAMES-OF-SECONDARY-SCHOOL-LEARNERS-UNDER-SPONSORSHIP-FOR-2026-CDF-MAZ-CENTRAL.pdf|2026|Mazabuka Central|secondary_school_bursary|412|CHAKOLA MAZ/SEC/26/05/497 NEGA-NEGA M 1 SCHOOL CHIVENDE FORM CHIKANKATA SECONDARY|46|native
SECOND-BATCH-OF-SUCCESSFUL-NAMES-OF-SECONDARY-SCHOOL-LEARNERS-UNDER-SPONSORSHIP-FOR-2026-CDF-MAZ-CENTRAL.pdf|2026|Mazabuka Central|secondary_school_bursary|413|TENSON MAZ/SEC/26/02/498 SIYOWI M 1 SCHOOL|46|native
SECOND-BATCH-OF-SUCCESSFUL-NAMES-OF-SECONDARY-SCHOOL-LEARNERS-UNDER-SPONSORSHIP-FOR-2026-CDF-MAZ-CENTRAL.pdf|2026|Mazabuka Central|secondary_school_bursary|414|KAUBA ALEX MAZ/SEC/26/02/499 SIYOWI M 10 JEMBO SECONDARY SCHOOL KASENGA GIRLS SECONDAY|46|native
SECOND-BATCH-OF-SUCCESSFUL-NAMES-OF-SECONDARY-SCHOOL-LEARNERS-UNDER-SPONSORSHIP-FOR-2026-CDF-MAZ-CENTRAL.pdf|2026|Mazabuka Central|secondary_school_bursary|415|KOMANA SOHATI MAZ/SEC/26/02/500 SIYOWI F 10 SCHOOL|47|native
SECOND-BATCH-OF-SUCCESSFUL-NAMES-OF-SECONDARY-SCHOOL-LEARNERS-UNDER-SPONSORSHIP-FOR-2026-CDF-MAZ-CENTRAL.pdf|2026|Mazabuka Central|secondary_school_bursary|416|BANDA GIFT MAZ/SEC/26/02/501 SIYOWI M 10 MAKOYE SECONDARY SCHOOL SIMATAMA FORM|47|native
SECOND-BATCH-OF-SUCCESSFUL-NAMES-OF-SECONDARY-SCHOOL-LEARNERS-UNDER-SPONSORSHIP-FOR-2026-CDF-MAZ-CENTRAL.pdf|2026|Mazabuka Central|secondary_school_bursary|417|DOROTHY MAZ/SEC/26/02/502 SIYOWI F 1 MAKOYE SECONDARY SCHOOL MUSANJE|47|native
SECOND-BATCH-OF-SUCCESSFUL-NAMES-OF-SECONDARY-SCHOOL-LEARNERS-UNDER-SPONSORSHIP-FOR-2026-CDF-MAZ-CENTRAL.pdf|2026|Mazabuka Central|secondary_school_bursary|418|EMMANUEL MAZ/SEC/26/02/503 SIYOWI M 10 MONZE SECONDARY SCHOOL NAMULONGA|47|native
SECOND-BATCH-OF-SUCCESSFUL-NAMES-OF-SECONDARY-SCHOOL-LEARNERS-UNDER-SPONSORSHIP-FOR-2026-CDF-MAZ-CENTRAL.pdf|2026|Mazabuka Central|secondary_school_bursary|419|TIMOTHY MAZ/SEC/26/02/504 SIYOWI M 10 MONZE SECONDARY SCHOOL|47|native
SECOND-BATCH-OF-SUCCESSFUL-NAMES-OF-SECONDARY-SCHOOL-LEARNERS-UNDER-SPONSORSHIP-FOR-2026-CDF-MAZ-CENTRAL.pdf|2026|Mazabuka Central|secondary_school_bursary|420|KULILA AGNESS MAZ/SEC/26/02/505 SIYOWI F 10 MONZE SECONDARY SCHOOL FORM|47|native
SECOND-BATCH-OF-SUCCESSFUL-NAMES-OF-SECONDARY-SCHOOL-LEARNERS-UNDER-SPONSORSHIP-FOR-2026-CDF-MAZ-CENTRAL.pdf|2026|Mazabuka Central|secondary_school_bursary|421|MOONGA JULIET MAZ/SEC/26/02/506 SIYOWI F 1 MONZE SECONDARY SCHOOL MICHELO MUNENGA SECONDARY|47|native
SECOND-BATCH-OF-SUCCESSFUL-NAMES-OF-SECONDARY-SCHOOL-LEARNERS-UNDER-SPONSORSHIP-FOR-2026-CDF-MAZ-CENTRAL.pdf|2026|Mazabuka Central|secondary_school_bursary|422|MOONGA MAZ/SEC/26/02/507 SIYOWI M 10 SCHOOL MULAMBYA FORM MUNENGA SECONDARY|47|native
SECOND-BATCH-OF-SUCCESSFUL-NAMES-OF-SECONDARY-SCHOOL-LEARNERS-UNDER-SPONSORSHIP-FOR-2026-CDF-MAZ-CENTRAL.pdf|2026|Mazabuka Central|secondary_school_bursary|423|TRACY MAZ/SEC/26/02/508 SIYOWI F 1 SCHOOL CHISOMO FORM MUNSANGU SECONDARY|47|native
SECOND-BATCH-OF-SUCCESSFUL-NAMES-OF-SECONDARY-SCHOOL-LEARNERS-UNDER-SPONSORSHIP-FOR-2026-CDF-MAZ-CENTRAL.pdf|2026|Mazabuka Central|secondary_school_bursary|424|BWEMBYA MAZ/SEC/26/02/509 SIYOWI M 1 SCHOOL FORM MUNSANGU SECONDARY|48|native
SECOND-BATCH-OF-SUCCESSFUL-NAMES-OF-SECONDARY-SCHOOL-LEARNERS-UNDER-SPONSORSHIP-FOR-2026-CDF-MAZ-CENTRAL.pdf|2026|Mazabuka Central|secondary_school_bursary|425|CHINTU NAOMI MAZ/SEC/26/02/510 SIYOWI F 1 SCHOOL FORM MUNSANGU SECONDARY|48|native
SECOND-BATCH-OF-SUCCESSFUL-NAMES-OF-SECONDARY-SCHOOL-LEARNERS-UNDER-SPONSORSHIP-FOR-2026-CDF-MAZ-CENTRAL.pdf|2026|Mazabuka Central|secondary_school_bursary|426|MULENGA MERCY MAZ/SEC/26/02/511 SIYOWI F 1 SCHOOL CHOONGO NKONKOLA SECONDARY|48|native
SECOND-BATCH-OF-SUCCESSFUL-NAMES-OF-SECONDARY-SCHOOL-LEARNERS-UNDER-SPONSORSHIP-FOR-2026-CDF-MAZ-CENTRAL.pdf|2026|Mazabuka Central|secondary_school_bursary|427|CHIPEGO MAZ/SEC/26/02/512 SIYOWI M 10 SCHOOL NKONKOLA SECONDARY|48|native
SECOND-BATCH-OF-SUCCESSFUL-NAMES-OF-SECONDARY-SCHOOL-LEARNERS-UNDER-SPONSORSHIP-FOR-2026-CDF-MAZ-CENTRAL.pdf|2026|Mazabuka Central|secondary_school_bursary|428|HIMOONGA LADY MAZ/SEC/26/02/513 SIYOWI F 10 SCHOOL FORM NKONKOLA SECONDARY|48|native
SECOND-BATCH-OF-SUCCESSFUL-NAMES-OF-SECONDARY-SCHOOL-LEARNERS-UNDER-SPONSORSHIP-FOR-2026-CDF-MAZ-CENTRAL.pdf|2026|Mazabuka Central|secondary_school_bursary|429|MUNDIA AUSTIN MAZ/SEC/26/02/514 SIYOWI m 1 SCHOOL|48|native
SECOND-BATCH-OF-SUCCESSFUL-NAMES-OF-SECONDARY-SCHOOL-LEARNERS-UNDER-SPONSORSHIP-FOR-2026-CDF-MAZ-CENTRAL.pdf|2026|Mazabuka Central|secondary_school_bursary|430|MILIMO MAINZA MAZ/SEC/26/02/515 SIYOWI F 10 PEMBA SECONDARY SCHOOL FORM ST MARKS SECONDARY|48|native
SECOND-BATCH-OF-SUCCESSFUL-NAMES-OF-SECONDARY-SCHOOL-LEARNERS-UNDER-SPONSORSHIP-FOR-2026-CDF-MAZ-CENTRAL.pdf|2026|Mazabuka Central|secondary_school_bursary|431|NKHOMA DANIEL MAZ/SEC/26/02/516 SIYOWI M 1 SCHOOL ST. CANISIUS SECONDARY|48|native
SECOND-BATCH-OF-SUCCESSFUL-NAMES-OF-SECONDARY-SCHOOL-LEARNERS-UNDER-SPONSORSHIP-FOR-2026-CDF-MAZ-CENTRAL.pdf|2026|Mazabuka Central|secondary_school_bursary|432|TEMBO JEREMIAH MAZ/SEC/26/02/517 SIYOWI F 10 SCHOOL FORM MUNSANGU SECONDARY|49|native
SECOND-BATCH-OF-SUCCESSFUL-NAMES-OF-SECONDARY-SCHOOL-LEARNERS-UNDER-SPONSORSHIP-FOR-2026-CDF-MAZ-CENTRAL.pdf|2026|Mazabuka Central|secondary_school_bursary|433|ZIYA LUNGO MAZ/SEC/26/02/544 SIYOWI F 1 SCHOOL|49|native
SECOND-BATCH-OF-SUCCESSFUL-NAMES-OF-SECONDARY-SCHOOL-LEARNERS-UNDER-SPONSORSHIP-FOR-2026-CDF-MAZ-CENTRAL.pdf|2026|Mazabuka Central|secondary_school_bursary|434|YAMBO EZRA MAZ/SEC/26/02/518 SIYOWI M 10 MAKOYE SECONDARY SCHOOL HAANYAMA FORM|49|native
SECOND-BATCH-OF-SUCCESSFUL-NAMES-OF-SECONDARY-SCHOOL-LEARNERS-UNDER-SPONSORSHIP-FOR-2026-CDF-MAZ-CENTRAL.pdf|2026|Mazabuka Central|secondary_school_bursary|435|LIBERTY MAZ/SEC/26/02/519 SIYOWI M 1 MASUKU SECONDARY SCHOOL MWAAMBWA|49|native
SECOND-BATCH-OF-SUCCESSFUL-NAMES-OF-SECONDARY-SCHOOL-LEARNERS-UNDER-SPONSORSHIP-FOR-2026-CDF-MAZ-CENTRAL.pdf|2026|Mazabuka Central|secondary_school_bursary|436|ANNETY MAZ/SEC/26/02/520 SIYOWI F 10 MONZE SECONDARY SCHOOL MASOWE|49|native
SECOND-BATCH-OF-SUCCESSFUL-NAMES-OF-SECONDARY-SCHOOL-LEARNERS-UNDER-SPONSORSHIP-FOR-2026-CDF-MAZ-CENTRAL.pdf|2026|Mazabuka Central|secondary_school_bursary|437|BOSTON MAZ/SEC/26/02/521 SIYOWI M 10 MONZE SECONDARY SCHOOL MICHELO|49|native
SECOND-BATCH-OF-SUCCESSFUL-NAMES-OF-SECONDARY-SCHOOL-LEARNERS-UNDER-SPONSORSHIP-FOR-2026-CDF-MAZ-CENTRAL.pdf|2026|Mazabuka Central|secondary_school_bursary|438|GIVENESS MAZ/SEC/26/02/522 SIYOWI F 10 MONZE SECONDARY SCHOOL MUNALULA|49|native
SECOND-BATCH-OF-SUCCESSFUL-NAMES-OF-SECONDARY-SCHOOL-LEARNERS-UNDER-SPONSORSHIP-FOR-2026-CDF-MAZ-CENTRAL.pdf|2026|Mazabuka Central|secondary_school_bursary|439|WISDOM MAZ/SEC/26/02/523 SIYOWI M 10 MONZE SECONDARY SCHOOL FORM|49|native
SECOND-BATCH-OF-SUCCESSFUL-NAMES-OF-SECONDARY-SCHOOL-LEARNERS-UNDER-SPONSORSHIP-FOR-2026-CDF-MAZ-CENTRAL.pdf|2026|Mazabuka Central|secondary_school_bursary|440|CHEELO WESLEY MAZ/SEC/26/02/524 SIYOWI M 1 MONZE SECONDARY SCHOOL NAMALAMBO MUNENGA SECONDARY|49|native
SECOND-BATCH-OF-SUCCESSFUL-NAMES-OF-SECONDARY-SCHOOL-LEARNERS-UNDER-SPONSORSHIP-FOR-2026-CDF-MAZ-CENTRAL.pdf|2026|Mazabuka Central|secondary_school_bursary|441|MUNENGA MAZ/SEC/26/02/525 SIYOWI F 10 SCHOOL FORM MUNENGA SECONDARY|50|native
SECOND-BATCH-OF-SUCCESSFUL-NAMES-OF-SECONDARY-SCHOOL-LEARNERS-UNDER-SPONSORSHIP-FOR-2026-CDF-MAZ-CENTRAL.pdf|2026|Mazabuka Central|secondary_school_bursary|442|MWIINGA WILLY MAZ/SEC/26/02/526 SIYOWI M 1 SCHOOL MALAMBO FORM MUNENGA SECONDARY|50|native
SECOND-BATCH-OF-SUCCESSFUL-NAMES-OF-SECONDARY-SCHOOL-LEARNERS-UNDER-SPONSORSHIP-FOR-2026-CDF-MAZ-CENTRAL.pdf|2026|Mazabuka Central|secondary_school_bursary|443|NANGANDU MAZ/SEC/26/02/527 SIYOWI F 1 SCHOOL FORM MUNSANGU SECONDARY|50|native
SECOND-BATCH-OF-SUCCESSFUL-NAMES-OF-SECONDARY-SCHOOL-LEARNERS-UNDER-SPONSORSHIP-FOR-2026-CDF-MAZ-CENTRAL.pdf|2026|Mazabuka Central|secondary_school_bursary|444|KABEZO TUNJI MAZ/SEC/26/02/528 SIYOWI M 1 SCHOOL FORM NAMWALA SECONDARY|50|native
SECOND-BATCH-OF-SUCCESSFUL-NAMES-OF-SECONDARY-SCHOOL-LEARNERS-UNDER-SPONSORSHIP-FOR-2026-CDF-MAZ-CENTRAL.pdf|2026|Mazabuka Central|secondary_school_bursary|445|CHONA SHARON MAZ/SEC/26/02/529 SIYOWI F 1 SCHOOL CHISANGANO FORM|50|native
SECOND-BATCH-OF-SUCCESSFUL-NAMES-OF-SECONDARY-SCHOOL-LEARNERS-UNDER-SPONSORSHIP-FOR-2026-CDF-MAZ-CENTRAL.pdf|2026|Mazabuka Central|secondary_school_bursary|446|RITA MAZ/SEC/26/02/530 SIYOWI F 1 NANGA SECONDARY SCHOOL MUNYATI NKONKOLA SECONDARY|50|native
SECOND-BATCH-OF-SUCCESSFUL-NAMES-OF-SECONDARY-SCHOOL-LEARNERS-UNDER-SPONSORSHIP-FOR-2026-CDF-MAZ-CENTRAL.pdf|2026|Mazabuka Central|secondary_school_bursary|447|CHARITY MAZ/SEC/26/02/531 SIYOWI F 10 SCHOOL HAMUNJELE NKONKOLA SECONDARY|50|native
SECOND-BATCH-OF-SUCCESSFUL-NAMES-OF-SECONDARY-SCHOOL-LEARNERS-UNDER-SPONSORSHIP-FOR-2026-CDF-MAZ-CENTRAL.pdf|2026|Mazabuka Central|secondary_school_bursary|448|CHIPO MAZ/SEC/26/02/532 SIYOWI M 10 SCHOOL FORM NKONKOLA SECONDARY|50|native
SECOND-BATCH-OF-SUCCESSFUL-NAMES-OF-SECONDARY-SCHOOL-LEARNERS-UNDER-SPONSORSHIP-FOR-2026-CDF-MAZ-CENTRAL.pdf|2026|Mazabuka Central|secondary_school_bursary|449|MWAANGA VERA MAZ/SEC/26/02/533 SIYOWI F 1 SCHOOL HAKALUMBA|50|native
SECOND-BATCH-OF-SUCCESSFUL-NAMES-OF-SECONDARY-SCHOOL-LEARNERS-UNDER-SPONSORSHIP-FOR-2026-CDF-MAZ-CENTRAL.pdf|2026|Mazabuka Central|secondary_school_bursary|450|TAMARA MAZ/SEC/26/02/534 SIYOWI F 10 PEMBA SECONDARY SCHOOL BUPANDA|51|native
SECOND-BATCH-OF-SUCCESSFUL-NAMES-OF-SECONDARY-SCHOOL-LEARNERS-UNDER-SPONSORSHIP-FOR-2026-CDF-MAZ-CENTRAL.pdf|2026|Mazabuka Central|secondary_school_bursary|451|ASTRIDAH MAZ/SEC/26/02/535 SIYOWI F 10 PEMBA SECONDARY SCHOOL SIMUKOMBO FORM ST MARK'S SECONDARY|51|native
SECOND-BATCH-OF-SUCCESSFUL-NAMES-OF-SECONDARY-SCHOOL-LEARNERS-UNDER-SPONSORSHIP-FOR-2026-CDF-MAZ-CENTRAL.pdf|2026|Mazabuka Central|secondary_school_bursary|452|PAUL MAZ/SEC/26/02/536 SIYOWI M 1 SCHOOL SHAWN HAZIBA FORM ST. CANISIOUS SECONDARY|51|native
SECOND-BATCH-OF-SUCCESSFUL-NAMES-OF-SECONDARY-SCHOOL-LEARNERS-UNDER-SPONSORSHIP-FOR-2026-CDF-MAZ-CENTRAL.pdf|2026|Mazabuka Central|secondary_school_bursary|453|HAMUSUNSE MAZ/SEC/26/02/537 SIYOWI M 1 SCHOOL CHINYAMA|51|native
SECOND-BATCH-OF-SUCCESSFUL-NAMES-OF-SECONDARY-SCHOOL-LEARNERS-UNDER-SPONSORSHIP-FOR-2026-CDF-MAZ-CENTRAL.pdf|2026|Mazabuka Central|secondary_school_bursary|454|OPHERIA MAZ/SEC/26/02/545 SIYOWI F 10 MONZE SECONDARY SCHOOL NAMWALA SECONDARY|51|native
SECOND-BATCH-OF-SUCCESSFUL-NAMES-OF-SECONDARY-SCHOOL-LEARNERS-UNDER-SPONSORSHIP-FOR-2026-CDF-MAZ-CENTRAL.pdf|2026|Mazabuka Central|secondary_school_bursary|455|MUUNGO ETHEL MAZ/SEC/26/02/546 SIYOWI F 10 SCHOOL Judith Mukwita Maambo (Mrs)|51|native
SUCCESSFUL-NAMES-OF-SKILLS-DEVELOPMENT-STUDENTS-UNDER-SPONSORSHIP-FOR-2026-CDF-MAZABUKA-CENTRAL-CONSTITUENCY.pdf|2026|Mazabuka Central|skills_development_bursary|1|MAGRET 224164/34/1 MWIINGA F PRODUCTION MONTHS CENTRE AUTO KABWE EELECTRICAL INSTITUTE OF LAKI BENNIE & 36 TECHNOLOG|0|native
SUCCESSFUL-NAMES-OF-SKILLS-DEVELOPMENT-STUDENTS-UNDER-SPONSORSHIP-FOR-2026-CDF-MAZABUKA-CENTRAL-CONSTITUENCY.pdf|2026|Mazabuka Central|skills_development_bursary|2|GLORYSON 525324/74/1 MWIINGA M ELECTRONICS MONTHS Y FUKUNGU BENNIE MECHANICAL 36|0|native
SUCCESSFUL-NAMES-OF-SKILLS-DEVELOPMENT-STUDENTS-UNDER-SPONSORSHIP-FOR-2026-CDF-MAZABUKA-CENTRAL-CONSTITUENCY.pdf|2026|Mazabuka Central|skills_development_bursary|3|KELVIN 485170/74/1 MWIINGA M ENGINEERING MONTHS NORTEC NZAZI BENNIE ELECTRICAL , 36|0|native
SUCCESSFUL-NAMES-OF-SKILLS-DEVELOPMENT-STUDENTS-UNDER-SPONSORSHIP-FOR-2026-CDF-MAZABUKA-CENTRAL-CONSTITUENCY.pdf|2026|Mazabuka Central|skills_development_bursary|4|MICHAEL 534611/74/1 MWIINGA M ENGINEERING MONTHS NORTEC ST MAWAGALI MAZUBA TRADES BLAME BENNIE AUTOMOTIVE 12 TRAINING|0|native
SUCCESSFUL-NAMES-OF-SKILLS-DEVELOPMENT-STUDENTS-UNDER-SPONSORSHIP-FOR-2026-CDF-MAZABUKA-CENTRAL-CONSTITUENCY.pdf|2026|Mazabuka Central|skills_development_bursary|5|JUNIOUR 496562/74/1 MWIINGA M MECHANICS MONTHS INSTITUTE ELECTRICAL ST PAULS MOONGA BENNIE TECHNOLONG 12 TRAINING|0|native
SUCCESSFUL-NAMES-OF-SKILLS-DEVELOPMENT-STUDENTS-UNDER-SPONSORSHIP-FOR-2026-CDF-MAZABUKA-CENTRAL-CONSTITUENCY.pdf|2026|Mazabuka Central|skills_development_bursary|6|CUSTOR 421661/74/1 MWIINGA M Y MONTHS CENTER ZAMBIA COLLEGE OF CHEELO BENNIE GENERAL 36 AGRICULTUR|0|native
SUCCESSFUL-NAMES-OF-SKILLS-DEVELOPMENT-STUDENTS-UNDER-SPONSORSHIP-FOR-2026-CDF-MAZABUKA-CENTRAL-CONSTITUENCY.pdf|2026|Mazabuka Central|skills_development_bursary|7|PRUDENCE 484770/74/1 MWIINGA F AGRICULTURE MONTHS E ST PAULS MALI BENNIE AUTOMOTIVE 12 TRAINING|0|native
SUCCESSFUL-NAMES-OF-SKILLS-DEVELOPMENT-STUDENTS-UNDER-SPONSORSHIP-FOR-2026-CDF-MAZABUKA-CENTRAL-CONSTITUENCY.pdf|2026|Mazabuka Central|skills_development_bursary|8|MAXWELL 509253/74/1 MWIINGA M MECHANICS MONTHS CENTER FASHION, ST PAULS KAMPAMPA BENNIE TEXTILE AND 12 TRAINING|0|native
SUCCESSFUL-NAMES-OF-SKILLS-DEVELOPMENT-STUDENTS-UNDER-SPONSORSHIP-FOR-2026-CDF-MAZABUKA-CENTRAL-CONSTITUENCY.pdf|2026|Mazabuka Central|skills_development_bursary|9|ROSEMARY 471380/74/1 MWIINGA F TAILORING MONTHS CENTER ZAMBIA ANIMAL INSTITUTE OF MWANGALA BENNIE HEALTH AND 36 ANIMAL|1|native
SUCCESSFUL-NAMES-OF-SKILLS-DEVELOPMENT-STUDENTS-UNDER-SPONSORSHIP-FOR-2026-CDF-MAZABUKA-CENTRAL-CONSTITUENCY.pdf|2026|Mazabuka Central|skills_development_bursary|10|RUTH 509508/74/1 MWIINGA F PRODUCTION MONTHS HEALTH ZAMBIA COLLEGE OF MUDENDA BENNIE GENERAL 36 AGRICULTUR|1|native
SUCCESSFUL-NAMES-OF-SKILLS-DEVELOPMENT-STUDENTS-UNDER-SPONSORSHIP-FOR-2026-CDF-MAZABUKA-CENTRAL-CONSTITUENCY.pdf|2026|Mazabuka Central|skills_development_bursary|11|JACQULINE 452458/74/1 MWIINGA F AGRICULTURE MONTHS E LITONGO BENNIE GENERAL 36 GREENFIELD|1|native
SUCCESSFUL-NAMES-OF-SKILLS-DEVELOPMENT-STUDENTS-UNDER-SPONSORSHIP-FOR-2026-CDF-MAZABUKA-CENTRAL-CONSTITUENCY.pdf|2026|Mazabuka Central|skills_development_bursary|12|STEVVEN 279208/71/1 MWIINGA M AGRICULTURE MONTHS COLLEGE LIWOYO HEAVY CHRISTOPHE BENNIE EQUIPMENT 12|1|native
SUCCESSFUL-NAMES-OF-SKILLS-DEVELOPMENT-STUDENTS-UNDER-SPONSORSHIP-FOR-2026-CDF-MAZABUKA-CENTRAL-CONSTITUENCY.pdf|2026|Mazabuka Central|skills_development_bursary|13|R MBANDU 511915/74/1 MWIINGA M ENGINEERING MONTHS LIBES MOONGA BENNIE GENERAL 36|1|native
SUCCESSFUL-NAMES-OF-SKILLS-DEVELOPMENT-STUDENTS-UNDER-SPONSORSHIP-FOR-2026-CDF-MAZABUKA-CENTRAL-CONSTITUENCY.pdf|2026|Mazabuka Central|skills_development_bursary|14|ELLIOT 501673/74/1 MWIINGA M AGRICULTURE MONTHS ZCA LUSAKA BUSINESS AND HAIR TECHNICAL DRESSING & COLLEGE RABECCA BENNIE COSMETOLOG 13 MANAGEMEN|1|native
SUCCESSFUL-NAMES-OF-SKILLS-DEVELOPMENT-STUDENTS-UNDER-SPONSORSHIP-FOR-2026-CDF-MAZABUKA-CENTRAL-CONSTITUENCY.pdf|2026|Mazabuka Central|skills_development_bursary|15|NJOVU 553368/61/1 MWIINGA F Y MONTHS T BOARD BENNIE ELECTRICAL|1|native
SUCCESSFUL-NAMES-OF-SKILLS-DEVELOPMENT-STUDENTS-UNDER-SPONSORSHIP-FOR-2026-CDF-MAZABUKA-CENTRAL-CONSTITUENCY.pdf|2026|Mazabuka Central|skills_development_bursary|38|NYIIMBILI MWIZA 500407/74/1 MWIINGA M ENGINEERING 36 MONTHS NORTEC LUSAKA BUSINESS AND TECHNICAL COLLEGE ALFRED BENNIE ELECTRICAL 39 MANAGEMEN 17 SINTUBUNGU 487865/16/1 MWIINGA M ENGINEERING MONTHS T BOARD POPOTA NAMPAKA GENERAL 24 AGRICALTUR 17 FLORENCE 522093/74/1 CHIZOBO F AGRICULTURE MONTHS E COLLEGE FASHION, ST. PAULS CYNTHIA TEXTILE AND 12 TRAINING 18 SIACHIPULA CHIZOBO F TAILORING MONTHS CENTER KABWE PLUMBING INSTITUTE OF DAPHURA AND SHEET 24 TECHNOLOG 19 MPUKANI 422693/74/1 KAONGA M METAL CRAFT MONTHS Y TERRIBLE GENERAL 12 KASIYA 20 MAINZA 415665/74/1 KAONGA M AGRICULTURE MONTHS COLLEGE MAZABUKA YOUTH PROJECT CATHRINE GENERAL 15 DIOCESE OF 21 MUKOMBA 539955/74/1 KAONGA F HOSPITALITY MONTHS MONZE MAZABUKA YOUTH PROJECT CHISOLA GENERAL 16 DIOCESE OF 22 LIMWETA 466491/74/1 KAONGA F HOSPITALITY MONTHS MONZE MUNALI HILLS VETERINARY COLLEGE OF CHOOLWE TECHNOLOGY 36 BIOTECHNOL 23 BUSIKU 536638/74/1 KAONGA F (VET) MONTHS OGY NATURAL RESOURCES DEVELOPME AGRI- NT JENNALA BUSINESS 36 COLLEGE(NR 24 PHIRI 532944/74/1 KAONGA F MANAGEMENT MONTHS DC) NATURAL RESOURCES DEVELOPME AGRI- NT MWIBA BUSINESS 36 COLLEGE(NR 25 JEMIMAH 504658/74/1 KAONGA F MANAGEMENT MONTHS DC) JOSEPH ANIMAL 36 PALABANA 26 MAPELEKA 474872/74/1 KAONGA M SCIENCE MONTHS UNIVERSITY ST MAWAGALI TRADES RADISON MECHENICAL 12 TRAINING 27 MAMBWE 509081/74/1 KAONGA M FITTING MONTHS INSTITUTE FASHION, ST. PAULS CLEOPATRA TEXTILE AND 12 TRAINING 28 MWEEMBA 200577/77/1 KAONGA F TAILORING MONTHS CENTER ST. PAULS ELECTRICAL 12 TRAININGCE 29 AMOS MWILA 877182/11/1 KAONGA M TECHNOLOGY MONTHS NTER MAZABUKA YOUTH PROJECT HAKAYOBE GENERAL 15 DIOCESE OF 30 CHRISTETAH 384619/73/1 KAONGA F HOSPITALITY MONTHS MONZE COPPERSTON SOLAR E CHIINYA ENGINEERING 6 UNIVERSITY 31 JAMES 280096/75/1 KAONGA M DESIGNING MONTHS COLLEGE LOVENESS GENERAL 12 KASIYA 32 MIYOBA 533354/74/1 LUBOMBO F AGRICULTURE MONTHS COLLEGE BIPANDA GENERAL 12 KASIYA 33 MUSIBI 465268/74/1 LUBOMBO M AGRICULTURE MONTHS COLLEGE CHIKACHI GENERAL 12 KASIYA 34 CHOOLWE 533350/74/1 LUBOMBO F AGRICULTURE MONTHS COLLEGE ELECTRICAL 6 KASIYA 35 PAUL NTIITI 484801/74/1 LUBOMBO M TECHNOLOGY MONTHS COLLEGE ZAMBIA COLLEGE OF MWIYA GENERAL 36 AGRICULTUR 36 SWANIA 467850/74/1 LUBOMBO M AGRICULTURE MONTHS E CHIYOTA YOUTH JULIET FOOD 6 RESOURCE 37 HAUNKOYO 467924/74/1 LUBOMBO F PRODUCTION MONTHS CENTRE CHIYOTA YOUTH BRIAN POWER 6 RESOURCE 38 HAMOONGA 485715/16/1 LUBOMBO M ELECTRICAL MONTHS CENTRE NATURAL RESOURCES CLIVE CROP SCIENCE 36 DEVELOPME|1|native
SUCCESSFUL-NAMES-OF-SKILLS-DEVELOPMENT-STUDENTS-UNDER-SPONSORSHIP-FOR-2026-CDF-MAZABUKA-CENTRAL-CONSTITUENCY.pdf|2026|Mazabuka Central|skills_development_bursary|39|NAMWAZE 502385/74/1 LUBOMBO M MAJOR MONTHS NT COLLEGE FASHON ST PAULS ATRICIA DESIGN AND 12 TRAINING|3|native
SUCCESSFUL-NAMES-OF-SKILLS-DEVELOPMENT-STUDENTS-UNDER-SPONSORSHIP-FOR-2026-CDF-MAZABUKA-CENTRAL-CONSTITUENCY.pdf|2026|Mazabuka Central|skills_development_bursary|40|MIYOBA 474058/74/1 LUBOMBO F TEXTILE MONTHS CENTRE ST PAULS MISHECK AUTOMOTIVE 12 TRAINING|3|native
SUCCESSFUL-NAMES-OF-SKILLS-DEVELOPMENT-STUDENTS-UNDER-SPONSORSHIP-FOR-2026-CDF-MAZABUKA-CENTRAL-CONSTITUENCY.pdf|2026|Mazabuka Central|skills_development_bursary|41|MWALE 873979/10/1 LUBOMBO M MECHANICS MONTHS CENTRE FASHON ST PAULS OLINESS DESIGN AND 12 TRAINING|3|native
SUCCESSFUL-NAMES-OF-SKILLS-DEVELOPMENT-STUDENTS-UNDER-SPONSORSHIP-FOR-2026-CDF-MAZABUKA-CENTRAL-CONSTITUENCY.pdf|2026|Mazabuka Central|skills_development_bursary|42|MOONO 440974/73/1 LUBOMBO F TEXTILE MONTHS CENTRE ST PAULS LONERY METAL 24 TRAINING|3|native
SUCCESSFUL-NAMES-OF-SKILLS-DEVELOPMENT-STUDENTS-UNDER-SPONSORSHIP-FOR-2026-CDF-MAZABUKA-CENTRAL-CONSTITUENCY.pdf|2026|Mazabuka Central|skills_development_bursary|43|SIBINGANA 443437/74/1 LUBOMBO F FABRICATION MONTHS CENTRE ZAMBIA COLLEGE OF SIMALOYA GENERAL 36 AGRICULTUR|4|native
SUCCESSFUL-NAMES-OF-SKILLS-DEVELOPMENT-STUDENTS-UNDER-SPONSORSHIP-FOR-2026-CDF-MAZABUKA-CENTRAL-CONSTITUENCY.pdf|2026|Mazabuka Central|skills_development_bursary|44|SIMASIKU 450088/74/1 LUBOMBO M AGRICULTURE MONTHS E ZAMBIA COLLEGE OF LISA GENERAL 36 AGRICULTUR|4|native
SUCCESSFUL-NAMES-OF-SKILLS-DEVELOPMENT-STUDENTS-UNDER-SPONSORSHIP-FOR-2026-CDF-MAZABUKA-CENTRAL-CONSTITUENCY.pdf|2026|Mazabuka Central|skills_development_bursary|45|MUBESHI 429294/74/1 LUBOMBO F AGRICULTURE MONTHS E LUZYALO MAZABUKA EXCAVATOR 1 MONTH CAMCO|4|native
SUCCESSFUL-NAMES-OF-SKILLS-DEVELOPMENT-STUDENTS-UNDER-SPONSORSHIP-FOR-2026-CDF-MAZABUKA-CENTRAL-CONSTITUENCY.pdf|2026|Mazabuka Central|skills_development_bursary|46|NG'ANDU 468569/74/1 CENTRAL M OPERATOR 1 WEEK COLLEGE BRIAN MAZABUKA EXCAVATOR 1 MONTH CAMCO|4|native
SUCCESSFUL-NAMES-OF-SKILLS-DEVELOPMENT-STUDENTS-UNDER-SPONSORSHIP-FOR-2026-CDF-MAZABUKA-CENTRAL-CONSTITUENCY.pdf|2026|Mazabuka Central|skills_development_bursary|47|KAKUNGU 422710/74/1 CENTRAL M OPERATOR 1 WEEK COLLEGE TRUCK AND MBEWE MAZABUKA TRAILER CAMCO|4|native
SUCCESSFUL-NAMES-OF-SKILLS-DEVELOPMENT-STUDENTS-UNDER-SPONSORSHIP-FOR-2026-CDF-MAZABUKA-CENTRAL-CONSTITUENCY.pdf|2026|Mazabuka Central|skills_development_bursary|48|JAMES 375767/74/1 CENTRAL M PROGRAMME 1 MONTH COLLEGE NATURAL RESOURCE BRIAN MAZABUKA GENERAL 36 DEVELOPME|4|native
SUCCESSFUL-NAMES-OF-SKILLS-DEVELOPMENT-STUDENTS-UNDER-SPONSORSHIP-FOR-2026-CDF-MAZABUKA-CENTRAL-CONSTITUENCY.pdf|2026|Mazabuka Central|skills_development_bursary|49|SINYINZA 50067/71/1 CENTRAL M AGRICULTURE MONTHS NT CENTRE NORICK MAZABUKA GENERAL 36 PALABANA|4|native
SUCCESSFUL-NAMES-OF-SKILLS-DEVELOPMENT-STUDENTS-UNDER-SPONSORSHIP-FOR-2026-CDF-MAZABUKA-CENTRAL-CONSTITUENCY.pdf|2026|Mazabuka Central|skills_development_bursary|50|SIAKABWE 178596/79/1 CENTRAL M AGRICULTURE MONTHS UNIVERISTY ST PAULS CHRISTINE MAZABUKA MECHANICAL 12 TRAINING|4|native
SUCCESSFUL-NAMES-OF-SKILLS-DEVELOPMENT-STUDENTS-UNDER-SPONSORSHIP-FOR-2026-CDF-MAZABUKA-CENTRAL-CONSTITUENCY.pdf|2026|Mazabuka Central|skills_development_bursary|51|MUTINTA 464395/74/1 CENTRAL F FABRICATION MONTHS CENTER ST PAULS GIFT MAZABUKA POWER 6 TRAINING|4|native
SUCCESSFUL-NAMES-OF-SKILLS-DEVELOPMENT-STUDENTS-UNDER-SPONSORSHIP-FOR-2026-CDF-MAZABUKA-CENTRAL-CONSTITUENCY.pdf|2026|Mazabuka Central|skills_development_bursary|52|KAYANGA 483661/74/1 CENTRAL M ELECTRICAL MONTHS CENTER ZAMBIA ANIMAL COLLEGE OF ELSAH MAZABUKA HEALTH AND 36 AGRICULTUR|4|native
SUCCESSFUL-NAMES-OF-SKILLS-DEVELOPMENT-STUDENTS-UNDER-SPONSORSHIP-FOR-2026-CDF-MAZABUKA-CENTRAL-CONSTITUENCY.pdf|2026|Mazabuka Central|skills_development_bursary|53|SIAKATUBA 500336/74/1 CENTRAL F PRODUCTION MONTHS E ZAMBIA COLLEGE OF GIVEN MAZABUKA GENERAL 36 AGRICULTUR|4|native
SUCCESSFUL-NAMES-OF-SKILLS-DEVELOPMENT-STUDENTS-UNDER-SPONSORSHIP-FOR-2026-CDF-MAZABUKA-CENTRAL-CONSTITUENCY.pdf|2026|Mazabuka Central|skills_development_bursary|54|KAYELETI 422646/74/1 CENTRAL M AGRICULTURE MONTHS E ZAMBIA COLLEGE OF CHOOLWE MAZABUKA GENERAL 36 AGRICULTUR|4|native
SUCCESSFUL-NAMES-OF-SKILLS-DEVELOPMENT-STUDENTS-UNDER-SPONSORSHIP-FOR-2026-CDF-MAZABUKA-CENTRAL-CONSTITUENCY.pdf|2026|Mazabuka Central|skills_development_bursary|55|KANYEMU 509411/74/1 CENTRAL F AGRICULTURE MONTHS E ST MAWAGGALI TRADES MULILO MAZACUKA POWER 12 TRAINING|5|native
SUCCESSFUL-NAMES-OF-SKILLS-DEVELOPMENT-STUDENTS-UNDER-SPONSORSHIP-FOR-2026-CDF-MAZABUKA-CENTRAL-CONSTITUENCY.pdf|2026|Mazabuka Central|skills_development_bursary|56|WITINEY 412782/73/1 CENTRAL F ELECTRICAL MONTHS INSTITUTE ZAMBIA INSTITUTE OF MARY MAZACUKA ANIMAL 36 ANIMAL|5|native
SUCCESSFUL-NAMES-OF-SKILLS-DEVELOPMENT-STUDENTS-UNDER-SPONSORSHIP-FOR-2026-CDF-MAZABUKA-CENTRAL-CONSTITUENCY.pdf|2026|Mazabuka Central|skills_development_bursary|57|HAMANGABA 498618/74/1 CENTRAL F HEALTH MONTHS HEALTH NATURAL RESOURCES DEVELOPME NT MUNTHALI MAZACUKA 36 COLLEGE(NR|5|native
SUCCESSFUL-NAMES-OF-SKILLS-DEVELOPMENT-STUDENTS-UNDER-SPONSORSHIP-FOR-2026-CDF-MAZABUKA-CENTRAL-CONSTITUENCY.pdf|2026|Mazabuka Central|skills_development_bursary|58|ANDREW 534217/74/1 CENTRAL M CROP SCIENCE MONTHS DC) ZAMBIA COLLEGE OF O'DELL MAZABUKA GENERAL 36 AGRICULTUR|5|native
SUCCESSFUL-NAMES-OF-SKILLS-DEVELOPMENT-STUDENTS-UNDER-SPONSORSHIP-FOR-2026-CDF-MAZABUKA-CENTRAL-CONSTITUENCY.pdf|2026|Mazabuka Central|skills_development_bursary|59|MUTINTA 497515/74/1 CENTRAL M AGRICULTURE MONTHS E ZAMBIA ANIMAL INSTITUTE OF SELITA MAZABUKA HEALTH AND 36 ANIMAL|5|native
SUCCESSFUL-NAMES-OF-SKILLS-DEVELOPMENT-STUDENTS-UNDER-SPONSORSHIP-FOR-2026-CDF-MAZABUKA-CENTRAL-CONSTITUENCY.pdf|2026|Mazabuka Central|skills_development_bursary|60|CHOOMPA 440876/73/1 CENTRAL F PRODUCTION MONTHS HEALTH CHEELO TIPPER TRUCK CAMCO|5|native
SUCCESSFUL-NAMES-OF-SKILLS-DEVELOPMENT-STUDENTS-UNDER-SPONSORSHIP-FOR-2026-CDF-MAZABUKA-CENTRAL-CONSTITUENCY.pdf|2026|Mazabuka Central|skills_development_bursary|61|OBERT 471441/74/1 MUGOTO M OPERATOR 1 MONTH COLLEGE MALYANGO TIPPER TRUCK CAMCO|5|native
SUCCESSFUL-NAMES-OF-SKILLS-DEVELOPMENT-STUDENTS-UNDER-SPONSORSHIP-FOR-2026-CDF-MAZABUKA-CENTRAL-CONSTITUENCY.pdf|2026|Mazabuka Central|skills_development_bursary|62|TOBBY 443635/74/1 MUGOTO M OPERATOR 1 MONTH COLLEGE MWIINGA TIPPER TRUCK CAMCO|5|native
SUCCESSFUL-NAMES-OF-SKILLS-DEVELOPMENT-STUDENTS-UNDER-SPONSORSHIP-FOR-2026-CDF-MAZABUKA-CENTRAL-CONSTITUENCY.pdf|2026|Mazabuka Central|skills_development_bursary|63|KINGSTONE 490706/74/1 MUGOTO M OPERATOR 1 MONTH COLLEGE KABWE INSTITUTE OF MULENGA GENERAL TECHNOLOG|5|native
SUCCESSFUL-NAMES-OF-SKILLS-DEVELOPMENT-STUDENTS-UNDER-SPONSORSHIP-FOR-2026-CDF-MAZABUKA-CENTRAL-CONSTITUENCY.pdf|2026|Mazabuka Central|skills_development_bursary|64|FORSTINA 488646/74/1 MUGOTO F AGRICULTURE 1 YEAR Y LIVINGSTONE INSTITUTE OF BUSINESS BRICKLAYING AND HABEENZU AND 3 ENGINEERIN|5|native
SUCCESSFUL-NAMES-OF-SKILLS-DEVELOPMENT-STUDENTS-UNDER-SPONSORSHIP-FOR-2026-CDF-MAZABUKA-CENTRAL-CONSTITUENCY.pdf|2026|Mazabuka Central|skills_development_bursary|65|CHOOLWE 234567/18/1 MUGOTO F MANSONARY MONTHS G LIVINGSTONE INSTITUTE OF BUSINESS AND MUNSUNE ELECTRICAL 24 ENGINEERIN|6|native
SUCCESSFUL-NAMES-OF-SKILLS-DEVELOPMENT-STUDENTS-UNDER-SPONSORSHIP-FOR-2026-CDF-MAZABUKA-CENTRAL-CONSTITUENCY.pdf|2026|Mazabuka Central|skills_development_bursary|66|JOHN 475175/74/1 MUGOTO M ENGINEERING MONTHS G LIVINGSTONE INSTITUTE OF BUSINESS AND CHOONGO 3 ENGINEERIN|6|native
SUCCESSFUL-NAMES-OF-SKILLS-DEVELOPMENT-STUDENTS-UNDER-SPONSORSHIP-FOR-2026-CDF-MAZABUKA-CENTRAL-CONSTITUENCY.pdf|2026|Mazabuka Central|skills_development_bursary|67|LISTER 475313/74/1 MUGOTO F CATERING MONTHS G LIVINGSTONE INSTITUTE OF BUSINESS AND CHIIKO 3 ENGINEERIN|6|native
SUCCESSFUL-NAMES-OF-SKILLS-DEVELOPMENT-STUDENTS-UNDER-SPONSORSHIP-FOR-2026-CDF-MAZABUKA-CENTRAL-CONSTITUENCY.pdf|2026|Mazabuka Central|skills_development_bursary|68|BEENE 255610/18/1 MUGOTO F CATERING MONTHS G LIVINGSTONE INSTITUTE OF BUSINESS PLUMBING AND HALUBE AND PIPE 12 ENGINEERIN|6|native
SUCCESSFUL-NAMES-OF-SKILLS-DEVELOPMENT-STUDENTS-UNDER-SPONSORSHIP-FOR-2026-CDF-MAZABUKA-CENTRAL-CONSTITUENCY.pdf|2026|Mazabuka Central|skills_development_bursary|69|CECILIA 488825/74/1 MUGOTO F FITTING MONTHS G LIVINGSTONE INSTITUTE OF BUSINESS PLUMBING AND CHIPUTA AND PIPE 3 ENGINEERIN|6|native
SUCCESSFUL-NAMES-OF-SKILLS-DEVELOPMENT-STUDENTS-UNDER-SPONSORSHIP-FOR-2026-CDF-MAZABUKA-CENTRAL-CONSTITUENCY.pdf|2026|Mazabuka Central|skills_development_bursary|70|LUSYOMO 475749/74/1 MUGOTO M FITTING MONTHS G FRONTEND NIRVANA MWANAPABU LOADER BUSINESS|6|native
SUCCESSFUL-NAMES-OF-SKILLS-DEVELOPMENT-STUDENTS-UNDER-SPONSORSHIP-FOR-2026-CDF-MAZABUKA-CENTRAL-CONSTITUENCY.pdf|2026|Mazabuka Central|skills_development_bursary|71|BORNFACE 460541/74/1 MUGOTO M OPERATOR 1 MONTH SOLUTIONS NIRVANA HAMUCHIMB DUMP TRUCK BUSINESS|7|native
SUCCESSFUL-NAMES-OF-SKILLS-DEVELOPMENT-STUDENTS-UNDER-SPONSORSHIP-FOR-2026-CDF-MAZABUKA-CENTRAL-CONSTITUENCY.pdf|2026|Mazabuka Central|skills_development_bursary|72|A TRUST 400597/74/1 MUGOTO M OPERATOR 1 MONTH SOLUTIONS FRONTEND NIRVANA CHIYOBWA LOADER BUSINESS|7|native
SUCCESSFUL-NAMES-OF-SKILLS-DEVELOPMENT-STUDENTS-UNDER-SPONSORSHIP-FOR-2026-CDF-MAZABUKA-CENTRAL-CONSTITUENCY.pdf|2026|Mazabuka Central|skills_development_bursary|73|WILLIAM 25655/18/1 MUGOTO M OPERATOR 1 MONTH SOLUTIONS ST PAULS MUTINTA COMPUTER 12 TRAINING|7|native
SUCCESSFUL-NAMES-OF-SKILLS-DEVELOPMENT-STUDENTS-UNDER-SPONSORSHIP-FOR-2026-CDF-MAZABUKA-CENTRAL-CONSTITUENCY.pdf|2026|Mazabuka Central|skills_development_bursary|74|HAMAINDA 434827/74/1 NAKAMBALA F STUDIES MONTHS CENTER ST PAULS SILISAPO METAL 12 TRAINING|7|native
SUCCESSFUL-NAMES-OF-SKILLS-DEVELOPMENT-STUDENTS-UNDER-SPONSORSHIP-FOR-2026-CDF-MAZABUKA-CENTRAL-CONSTITUENCY.pdf|2026|Mazabuka Central|skills_development_bursary|75|CHABOTA 428015/74/1 NAKAMBALA M FABRICATION MONTHS CENTER ST. MAWAGALI TRADES REMNANT MECHANICAL 12 &TRAINING|7|native
SUCCESSFUL-NAMES-OF-SKILLS-DEVELOPMENT-STUDENTS-UNDER-SPONSORSHIP-FOR-2026-CDF-MAZABUKA-CENTRAL-CONSTITUENCY.pdf|2026|Mazabuka Central|skills_development_bursary|76|MUKUWA 205868/19/1 NAKAMBALA F FITTING MONTHS INSTITUTE ST. MAWAGALI TRADES BRUCE AUTOMATIVE 12 &TRAINING|7|native
SUCCESSFUL-NAMES-OF-SKILLS-DEVELOPMENT-STUDENTS-UNDER-SPONSORSHIP-FOR-2026-CDF-MAZABUKA-CENTRAL-CONSTITUENCY.pdf|2026|Mazabuka Central|skills_development_bursary|77|HAMALAMBO 292570/74/1 NAKAMBALA M MECHANICS MONTHS INSTITUTE ST. MAWAGALI TRADES MILIMO POWER 12 &TRAINING|7|native
SUCCESSFUL-NAMES-OF-SKILLS-DEVELOPMENT-STUDENTS-UNDER-SPONSORSHIP-FOR-2026-CDF-MAZABUKA-CENTRAL-CONSTITUENCY.pdf|2026|Mazabuka Central|skills_development_bursary|78|HABEENZU 468788/74/1 NAKAMBALA F ELECTRICAL MONTHS INSTITUTE ST. MAWAGALI TRADES PATRICIA FOOD 12 &TRAINING|7|native
SUCCESSFUL-NAMES-OF-SKILLS-DEVELOPMENT-STUDENTS-UNDER-SPONSORSHIP-FOR-2026-CDF-MAZABUKA-CENTRAL-CONSTITUENCY.pdf|2026|Mazabuka Central|skills_development_bursary|79|HAMBALO 405666/73/1 NAKAMBALA M PRODUCTION MONTHS INSTITUTE ZAMBIA ANIMAL INSTITUTE OF MALILWE HEALTH AND 24 ANIMAL|7|native
SUCCESSFUL-NAMES-OF-SKILLS-DEVELOPMENT-STUDENTS-UNDER-SPONSORSHIP-FOR-2026-CDF-MAZABUKA-CENTRAL-CONSTITUENCY.pdf|2026|Mazabuka Central|skills_development_bursary|80|HAKASEBA 484379/74/1 NAKAMBALA M PRODUCTION MONTHS HEALTH ST PAULS RUTH METAL 12 TRAINING|7|native
SUCCESSFUL-NAMES-OF-SKILLS-DEVELOPMENT-STUDENTS-UNDER-SPONSORSHIP-FOR-2026-CDF-MAZABUKA-CENTRAL-CONSTITUENCY.pdf|2026|Mazabuka Central|skills_development_bursary|81|MICHELO 463923/74/1 NAKAMBALA F FABRICATION MONTHS CENTER LUSAKA BUSINESS AND HAIR TECHNICAL DRESSING & COLLEGE MIRRIAM COSMETOLOG 12 MANAGEMEN|8|native
SUCCESSFUL-NAMES-OF-SKILLS-DEVELOPMENT-STUDENTS-UNDER-SPONSORSHIP-FOR-2026-CDF-MAZABUKA-CENTRAL-CONSTITUENCY.pdf|2026|Mazabuka Central|skills_development_bursary|82|NDOVIE 553348/61/1 NAKAMBALA F Y MONTHS T BOARD NYAMBE TIPPER CAMCO|8|native
SUCCESSFUL-NAMES-OF-SKILLS-DEVELOPMENT-STUDENTS-UNDER-SPONSORSHIP-FOR-2026-CDF-MAZABUKA-CENTRAL-CONSTITUENCY.pdf|2026|Mazabuka Central|skills_development_bursary|83|KANYATA 459124/74/1 NAKAMBALA M OPERATOR 5 WEEKS COLLEGE MAZABUKA SCHOOL MWANGE 3 CONTINUING|8|native
SUCCESSFUL-NAMES-OF-SKILLS-DEVELOPMENT-STUDENTS-UNDER-SPONSORSHIP-FOR-2026-CDF-MAZABUKA-CENTRAL-CONSTITUENCY.pdf|2026|Mazabuka Central|skills_development_bursary|84|ROBBINA 359082/74/1 NAKAMBALA F TAILORING MONTHS EDUCATION NATURAL RESOURCES GEOFREY AGRICULTURE 36 DEVELOPME|8|native
SUCCESSFUL-NAMES-OF-SKILLS-DEVELOPMENT-STUDENTS-UNDER-SPONSORSHIP-FOR-2026-CDF-MAZABUKA-CENTRAL-CONSTITUENCY.pdf|2026|Mazabuka Central|skills_development_bursary|85|MPUNDU 498805/74/1 NAKAMBALA M ENGINEERING MONTHS NT COLLEGE NATURAL RESOURCES AGRICULTURE 36 DEVELOPME|8|native
SUCCESSFUL-NAMES-OF-SKILLS-DEVELOPMENT-STUDENTS-UNDER-SPONSORSHIP-FOR-2026-CDF-MAZABUKA-CENTRAL-CONSTITUENCY.pdf|2026|Mazabuka Central|skills_development_bursary|86|LOUIS ZIMBA 500069/74/1 NAKAMBALA M ENGINEERING MONTHS NT COLLEGE ST. MAWAGGALI TRADE JAMES POWER 12 TRAINING|8|native
SUCCESSFUL-NAMES-OF-SKILLS-DEVELOPMENT-STUDENTS-UNDER-SPONSORSHIP-FOR-2026-CDF-MAZABUKA-CENTRAL-CONSTITUENCY.pdf|2026|Mazabuka Central|skills_development_bursary|87|KASAMBILA 496837/74/1 NAKAMBALA M ELECTRICAL MONTHS INSTITUTE ST FRANCIS MAZAI AUTOMOTIVE 3 TRAINING|8|native
SUCCESSFUL-NAMES-OF-SKILLS-DEVELOPMENT-STUDENTS-UNDER-SPONSORSHIP-FOR-2026-CDF-MAZABUKA-CENTRAL-CONSTITUENCY.pdf|2026|Mazabuka Central|skills_development_bursary|88|ENOCK 214153/72/1 NEGA-NEGA M ENGINEERING MONTHS INSTITITE ST MAWAGALI TRADES MUNGULE MECHENICAL 24 TRAINING|8|native
SUCCESSFUL-NAMES-OF-SKILLS-DEVELOPMENT-STUDENTS-UNDER-SPONSORSHIP-FOR-2026-CDF-MAZABUKA-CENTRAL-CONSTITUENCY.pdf|2026|Mazabuka Central|skills_development_bursary|89|STEVEN 109355/38/1 NEGA-NEGA M FITTING MONTHS INSTITUTE ZAMBIA COLLEGE OF MAMBWE GENERAL 36 AGRICULTUR|8|native
SUCCESSFUL-NAMES-OF-SKILLS-DEVELOPMENT-STUDENTS-UNDER-SPONSORSHIP-FOR-2026-CDF-MAZABUKA-CENTRAL-CONSTITUENCY.pdf|2026|Mazabuka Central|skills_development_bursary|90|DAIMON 226513/91/1 NEGA-NEGA M AGRICULTURE MONTHS E (ZCA) ZAMBIA COLLEGE OF NAMUKOKO GENERAL 36 AGRICULTUR|9|native
SUCCESSFUL-NAMES-OF-SKILLS-DEVELOPMENT-STUDENTS-UNDER-SPONSORSHIP-FOR-2026-CDF-MAZABUKA-CENTRAL-CONSTITUENCY.pdf|2026|Mazabuka Central|skills_development_bursary|91|WANKUMBU 502838/74/1 NEGA-NEGA F AGRICULTURE MONTHS E (ZCA) ENERST TIPPER TRUCK CAMCO|9|native
SUCCESSFUL-NAMES-OF-SKILLS-DEVELOPMENT-STUDENTS-UNDER-SPONSORSHIP-FOR-2026-CDF-MAZABUKA-CENTRAL-CONSTITUENCY.pdf|2026|Mazabuka Central|skills_development_bursary|92|HAMANJILA 475985/74/1 NEGA-NEGA M OPERATOR 1 MONTH COLLEGE JUSTINE TIPPER TRUCK CAMCO|9|native
SUCCESSFUL-NAMES-OF-SKILLS-DEVELOPMENT-STUDENTS-UNDER-SPONSORSHIP-FOR-2026-CDF-MAZABUKA-CENTRAL-CONSTITUENCY.pdf|2026|Mazabuka Central|skills_development_bursary|93|CHINYAMA 484292/74/1 NEGA-NEGA M OPERATOR 1 MONTH COLLEGE NATURAL GLENDA RESOURCES MUKAMPAND ANIMAL 36 DEVELOPME|9|native
SUCCESSFUL-NAMES-OF-SKILLS-DEVELOPMENT-STUDENTS-UNDER-SPONSORSHIP-FOR-2026-CDF-MAZABUKA-CENTRAL-CONSTITUENCY.pdf|2026|Mazabuka Central|skills_development_bursary|94|E 484499/74/1 NEGA-NEGA F SCIENCE MONTHS NT COLLEGE SHORTHORN COLLEGE OF APPLIED TAILORING SCIENCES & LWEENDO AND FASHION 6 TECHNOLOG|9|native
SUCCESSFUL-NAMES-OF-SKILLS-DEVELOPMENT-STUDENTS-UNDER-SPONSORSHIP-FOR-2026-CDF-MAZABUKA-CENTRAL-CONSTITUENCY.pdf|2026|Mazabuka Central|skills_development_bursary|95|MATHEWS 495950/74/1 NEGA-NEGA M DESIGN MONTHS Y ST MAWAGALI TRADES CYNTHIA ELECTRICAL 24 TRAINING|9|native
SUCCESSFUL-NAMES-OF-SKILLS-DEVELOPMENT-STUDENTS-UNDER-SPONSORSHIP-FOR-2026-CDF-MAZABUKA-CENTRAL-CONSTITUENCY.pdf|2026|Mazabuka Central|skills_development_bursary|96|CHANSA 456393/74/1 NEGA-NEGA F TECHNOLOGY MONTHS INSTITUTE ST MAWAGALI TREAZER AUTOMOTIVE TRADES SINONGE TECHNOLOGY 24 TRAINING|9|native
SUCCESSFUL-NAMES-OF-SKILLS-DEVELOPMENT-STUDENTS-UNDER-SPONSORSHIP-FOR-2026-CDF-MAZABUKA-CENTRAL-CONSTITUENCY.pdf|2026|Mazabuka Central|skills_development_bursary|97|KASHUMBA 439474/74/1 NEGA-NEGA F CRAFT MONTHS INSTITUTE ZAMBIA COLLEGE OF MIKE GENERAL 36 AGRICULTUR|9|native
SUCCESSFUL-NAMES-OF-SKILLS-DEVELOPMENT-STUDENTS-UNDER-SPONSORSHIP-FOR-2026-CDF-MAZABUKA-CENTRAL-CONSTITUENCY.pdf|2026|Mazabuka Central|skills_development_bursary|98|KANKULI 421751/74/1 NEGA-NEGA M AGRICULTURE MONTHS E ZAMBIA ANIMAL INSTITUTE OF NYAMBE HEALTH AND 24 ANIMAL|9|native
SUCCESSFUL-NAMES-OF-SKILLS-DEVELOPMENT-STUDENTS-UNDER-SPONSORSHIP-FOR-2026-CDF-MAZABUKA-CENTRAL-CONSTITUENCY.pdf|2026|Mazabuka Central|skills_development_bursary|99|MINGOCHI 312092/15/1 NEGA-NEGA F PRODUCTION MONTHS HEALTH TERRENCE TIPPER TRUCK CAMCO|10|native
SUCCESSFUL-NAMES-OF-SKILLS-DEVELOPMENT-STUDENTS-UNDER-SPONSORSHIP-FOR-2026-CDF-MAZABUKA-CENTRAL-CONSTITUENCY.pdf|2026|Mazabuka Central|skills_development_bursary|100|SIANTUMBU 463704/74/1 NEGA-NEGA M OPERATOR 1 MONTH COLLEGE PHIRI ELECTRICAL 6 MAZABUKA|10|native
SUCCESSFUL-NAMES-OF-SKILLS-DEVELOPMENT-STUDENTS-UNDER-SPONSORSHIP-FOR-2026-CDF-MAZABUKA-CENTRAL-CONSTITUENCY.pdf|2026|Mazabuka Central|skills_development_bursary|101|ROMANCE 124319/10/1 SIYOWI F TECHNOLOGY MONTHS SKILLS MUNALI HILLS MULUBE ANNIMAL 36 COLLEGE OF|10|native
SUCCESSFUL-NAMES-OF-SKILLS-DEVELOPMENT-STUDENTS-UNDER-SPONSORSHIP-FOR-2026-CDF-MAZABUKA-CENTRAL-CONSTITUENCY.pdf|2026|Mazabuka Central|skills_development_bursary|102|LIZZY 248799/72/1 SIYOWI F HEALTH MONTHS BIOTECH ZAMBIA COLLEGE OF NANYINDE GENERAL 36 AGRICULTUR|10|native
SUCCESSFUL-NAMES-OF-SKILLS-DEVELOPMENT-STUDENTS-UNDER-SPONSORSHIP-FOR-2026-CDF-MAZABUKA-CENTRAL-CONSTITUENCY.pdf|2026|Mazabuka Central|skills_development_bursary|103|POLITE 488135/74/1 SIYOWI M AGRICULTURE MONTHS E (ZCA) ZAMBIA COLLEGE OF SOLOISO GENERAL AGRICULTUR|10|native
SUCCESSFUL-NAMES-OF-SKILLS-DEVELOPMENT-STUDENTS-UNDER-SPONSORSHIP-FOR-2026-CDF-MAZABUKA-CENTRAL-CONSTITUENCY.pdf|2026|Mazabuka Central|skills_development_bursary|104|SIYUMBWA 461941/74/1 SIYOWI M AGRICULTURE 3YEARS E ZAMBIA INSTITUTE OF ANIMAL ANIMAL MWEENE HEALTH AND 36 HEALTH|10|native
SUCCESSFUL-NAMES-OF-SKILLS-DEVELOPMENT-STUDENTS-UNDER-SPONSORSHIP-FOR-2026-CDF-MAZABUKA-CENTRAL-CONSTITUENCY.pdf|2026|Mazabuka Central|skills_development_bursary|105|COLLINS 500122/74/1 SIYOWI M PRODUCTION MONTHS (ZIAH) ZAMBIA COLLEGE OF NKHOMA GENERAL 24 AGRICULTUR|10|native
SUCCESSFUL-NAMES-OF-SKILLS-DEVELOPMENT-STUDENTS-UNDER-SPONSORSHIP-FOR-2026-CDF-MAZABUKA-CENTRAL-CONSTITUENCY.pdf|2026|Mazabuka Central|skills_development_bursary|106|GLORIA 517743/74/1 SIYOWI F AGRICULTURE MONTHS E ZAMBIA COLLEGE OF MWIIBA GENERAL 36 AGRICULTUR|10|native
SUCCESSFUL-NAMES-OF-SKILLS-DEVELOPMENT-STUDENTS-UNDER-SPONSORSHIP-FOR-2026-CDF-MAZABUKA-CENTRAL-CONSTITUENCY.pdf|2026|Mazabuka Central|skills_development_bursary|107|ASTRIDAH 503406/74/1 SIYOWI F AGRICULTURE MONTHS E ZAMBIA SHANNEL COLLEGE OF MIYOBA GENERAL 24 AGRICULTUR|10|native
SUCCESSFUL-NAMES-OF-SKILLS-DEVELOPMENT-STUDENTS-UNDER-SPONSORSHIP-FOR-2026-CDF-MAZABUKA-CENTRAL-CONSTITUENCY.pdf|2026|Mazabuka Central|skills_development_bursary|108|SYANDEBWE 511970/74/1 SIYOWI F AGRICULTURE MONTHS E ZAMBIA COLLEGE OF MWAMBULA GENERAL 24 AGRICULTUR|10|native
SUCCESSFUL-NAMES-OF-SKILLS-DEVELOPMENT-STUDENTS-UNDER-SPONSORSHIP-FOR-2026-CDF-MAZABUKA-CENTRAL-CONSTITUENCY.pdf|2026|Mazabuka Central|skills_development_bursary|109|JONAH 436180/74/1 SIYOWI M AGRICULTURE MONTHS E (ZCA) ZAMBIA ANIMAL INSTITUTE OF MUNYATI HEALTH AND 36 ANIMAL|11|native
SUCCESSFUL-NAMES-OF-SKILLS-DEVELOPMENT-STUDENTS-UNDER-SPONSORSHIP-FOR-2026-CDF-MAZABUKA-CENTRAL-CONSTITUENCY.pdf|2026|Mazabuka Central|skills_development_bursary|110|LUSHOMO 362498/73/1 SIYOWI F PRODUCTION MONTHS HEALTH ZAMBIA INSTITUTE OF ANIMAL ANIMAL MOONGA HEALTH AND 24 HEALTH|11|native
SUCCESSFUL-NAMES-OF-SKILLS-DEVELOPMENT-STUDENTS-UNDER-SPONSORSHIP-FOR-2026-CDF-MAZABUKA-CENTRAL-CONSTITUENCY.pdf|2026|Mazabuka Central|skills_development_bursary|111|RODESTER 388916/74/1 SIYOWI F PRODUCTION MONTHS (ZIAH) ZAMBIA INSTITUTE OF ANIMAL ANIMAL NYIRENDA HEALTH AND 36 HEALTH|11|native
SUCCESSFUL-NAMES-OF-SKILLS-DEVELOPMENT-STUDENTS-UNDER-SPONSORSHIP-FOR-2026-CDF-MAZABUKA-CENTRAL-CONSTITUENCY.pdf|2026|Mazabuka Central|skills_development_bursary|112|JACOB 519173/74/1 SIYOWI M PRODUCTION MONTHS (ZIAH) ZAMBIA INSTITUTE OF ANIMAL ANIMAL NGOMA HEALTH AND 24 HEALTH|11|native
SUCCESSFUL-NAMES-OF-SKILLS-DEVELOPMENT-STUDENTS-UNDER-SPONSORSHIP-FOR-2026-CDF-MAZABUKA-CENTRAL-CONSTITUENCY.pdf|2026|Mazabuka Central|skills_development_bursary|113|GETRUDE 418968/64/1 SIYOWI F PRODUCTION MONTHS (ZIAH) ZAMBIA INSTITUTE OF ANIMAL MOYO GENERAL 36 HEALTH|11|native
SUCCESSFUL-NAMES-OF-SKILLS-DEVELOPMENT-STUDENTS-UNDER-SPONSORSHIP-FOR-2026-CDF-MAZABUKA-CENTRAL-CONSTITUENCY.pdf|2026|Mazabuka Central|skills_development_bursary|114|NOSIKU 496441/74/1 SIYOWI F AGRICULTURE MONTHS (ZIAH) ZAMBIA INSTITUTE OF ANIMAL ANIMAL MAAMBO HEALTH AND 36 HEALTH|11|native
SUCCESSFUL-NAMES-OF-SKILLS-DEVELOPMENT-STUDENTS-UNDER-SPONSORSHIP-FOR-2026-CDF-MAZABUKA-CENTRAL-CONSTITUENCY.pdf|2026|Mazabuka Central|skills_development_bursary|115|MAINZA 511983/74/1 SIYOWI M PRODUCTION MONTHS (ZIAH) Judith Mukwita Maambo (Mrs)|11|native
CDF-2026-SUCCESSFUL-APPLICANTS-FOR-YOUTH-WOMEN-AND-COMMUNITY-GRANTS-MAZABUKA-CENTRAL.pdf|2026|Mazabuka Central|youth_women_community_grant|1|SINGLE MOTHERS BENNIE MWIINGA MUNTOLILO POULTRY|0|native
CDF-2026-SUCCESSFUL-APPLICANTS-FOR-YOUTH-WOMEN-AND-COMMUNITY-GRANTS-MAZABUKA-CENTRAL.pdf|2026|Mazabuka Central|youth_women_community_grant|2|SIMULANGU BENNIE MWIINGA MAZABUKA GIRLS POULTRY|0|native
CDF-2026-SUCCESSFUL-APPLICANTS-FOR-YOUTH-WOMEN-AND-COMMUNITY-GRANTS-MAZABUKA-CENTRAL.pdf|2026|Mazabuka Central|youth_women_community_grant|3|ONE GENERATION BENNIE MWIINGA MAZABUKA GIRLS POULTRY ENROUTE MULTI PURPOSE|0|native
CDF-2026-SUCCESSFUL-APPLICANTS-FOR-YOUTH-WOMEN-AND-COMMUNITY-GRANTS-MAZABUKA-CENTRAL.pdf|2026|Mazabuka Central|youth_women_community_grant|4|COOPERATIVE BENNIE MWIINGA HILLSIDE POULTRY MWINDILILA KOBUZYA VILLAGE|0|native
CDF-2026-SUCCESSFUL-APPLICANTS-FOR-YOUTH-WOMEN-AND-COMMUNITY-GRANTS-MAZABUKA-CENTRAL.pdf|2026|Mazabuka Central|youth_women_community_grant|5|NOKULIKWANU BENNIE MWIINGA MAZABUKA GIRLS BANKING TUIINWE MULTI-|0|native
CDF-2026-SUCCESSFUL-APPLICANTS-FOR-YOUTH-WOMEN-AND-COMMUNITY-GRANTS-MAZABUKA-CENTRAL.pdf|2026|Mazabuka Central|youth_women_community_grant|6|PURPOSE BENNIE MWIINGA CDC LIBRARY POULTRY CHIZULE|0|native
CDF-2026-SUCCESSFUL-APPLICANTS-FOR-YOUTH-WOMEN-AND-COMMUNITY-GRANTS-MAZABUKA-CENTRAL.pdf|2026|Mazabuka Central|youth_women_community_grant|7|COOPERATIVE BENNIE MWIINGA HILLSIDE POULTRY LUKAFUMA|0|native
CDF-2026-SUCCESSFUL-APPLICANTS-FOR-YOUTH-WOMEN-AND-COMMUNITY-GRANTS-MAZABUKA-CENTRAL.pdf|2026|Mazabuka Central|youth_women_community_grant|8|WOMEN CLUB BENNIE MWIINGA MAZABUKA GIRLS POULTRY EVERGREEN|0|native
CDF-2026-SUCCESSFUL-APPLICANTS-FOR-YOUTH-WOMEN-AND-COMMUNITY-GRANTS-MAZABUKA-CENTRAL.pdf|2026|Mazabuka Central|youth_women_community_grant|9|WOMEN BENNIE MWIINGA HILLSIDE POULTRY TUNNEL|0|native
CDF-2026-SUCCESSFUL-APPLICANTS-FOR-YOUTH-WOMEN-AND-COMMUNITY-GRANTS-MAZABUKA-CENTRAL.pdf|2026|Mazabuka Central|youth_women_community_grant|10|ASSOCIATION BENNIE MWIINGA HILLSIDE POULTRY SQUARE MULTI|0|native
CDF-2026-SUCCESSFUL-APPLICANTS-FOR-YOUTH-WOMEN-AND-COMMUNITY-GRANTS-MAZABUKA-CENTRAL.pdf|2026|Mazabuka Central|youth_women_community_grant|11|PURPOSE BENNIE MWIINGA KALEYA EAST POULTRY MY DESIRE|0|native
CDF-2026-SUCCESSFUL-APPLICANTS-FOR-YOUTH-WOMEN-AND-COMMUNITY-GRANTS-MAZABUKA-CENTRAL.pdf|2026|Mazabuka Central|youth_women_community_grant|12|WOMEN CLUB BENNIE MWIINGA MUNTOLILO POULTRY BUSONGO YOUTH VILLAGE|0|native
CDF-2026-SUCCESSFUL-APPLICANTS-FOR-YOUTH-WOMEN-AND-COMMUNITY-GRANTS-MAZABUKA-CENTRAL.pdf|2026|Mazabuka Central|youth_women_community_grant|13|CLUB BENNIE MWIINGA MAZABUKA GIRLS BANKING NGUZU YESU|0|native
CDF-2026-SUCCESSFUL-APPLICANTS-FOR-YOUTH-WOMEN-AND-COMMUNITY-GRANTS-MAZABUKA-CENTRAL.pdf|2026|Mazabuka Central|youth_women_community_grant|14|WOMEN'S CLUB BENNIE MWIINGA MUNTOLILO HARMERMEAL HEART BIRD CHICKEN|0|native
CDF-2026-SUCCESSFUL-APPLICANTS-FOR-YOUTH-WOMEN-AND-COMMUNITY-GRANTS-MAZABUKA-CENTRAL.pdf|2026|Mazabuka Central|youth_women_community_grant|15|MAZABUKA CLUB BENNIE MWIINGA MAZABUKA GIRLS REARING DEVELOPING THE MIND YOUTH CHICKEN|0|native
CDF-2026-SUCCESSFUL-APPLICANTS-FOR-YOUTH-WOMEN-AND-COMMUNITY-GRANTS-MAZABUKA-CENTRAL.pdf|2026|Mazabuka Central|youth_women_community_grant|16|CLUB BENNIE MWIINGA MUNTOLILO REARING CHICKEN|0|native
CDF-2026-SUCCESSFUL-APPLICANTS-FOR-YOUTH-WOMEN-AND-COMMUNITY-GRANTS-MAZABUKA-CENTRAL.pdf|2026|Mazabuka Central|youth_women_community_grant|17|CHIZULE CLUB BENNIE MWIINGA HILLSIDE REARING BEAUTIFUL CHICKEN|1|native
CDF-2026-SUCCESSFUL-APPLICANTS-FOR-YOUTH-WOMEN-AND-COMMUNITY-GRANTS-MAZABUKA-CENTRAL.pdf|2026|Mazabuka Central|youth_women_community_grant|18|MINDS CLUB BENNIE MWIINGA MAZABUKA GIRLS REARING BUSONGO VILLAGE|1|native
CDF-2026-SUCCESSFUL-APPLICANTS-FOR-YOUTH-WOMEN-AND-COMMUNITY-GRANTS-MAZABUKA-CENTRAL.pdf|2026|Mazabuka Central|youth_women_community_grant|19|KUMBELE BENNIE MWIINGA MAZABUKA GIRLS BANKING LIKANDO|1|native
CDF-2026-SUCCESSFUL-APPLICANTS-FOR-YOUTH-WOMEN-AND-COMMUNITY-GRANTS-MAZABUKA-CENTRAL.pdf|2026|Mazabuka Central|youth_women_community_grant|20|COOPERATIVE BENNIE MWIINGA KALEYA DEPT POULTRY PROGRESSIVE CHICKEN|1|native
CDF-2026-SUCCESSFUL-APPLICANTS-FOR-YOUTH-WOMEN-AND-COMMUNITY-GRANTS-MAZABUKA-CENTRAL.pdf|2026|Mazabuka Central|youth_women_community_grant|21|CLUB BENNIE MWIINGA HILLSIDE REARING VILLAGE|1|native
CDF-2026-SUCCESSFUL-APPLICANTS-FOR-YOUTH-WOMEN-AND-COMMUNITY-GRANTS-MAZABUKA-CENTRAL.pdf|2026|Mazabuka Central|youth_women_community_grant|22|POWER YOUTH BENNIE MWIINGA MAZABUKA GIRLS BANKING BWACHA VILLAGE|1|native
CDF-2026-SUCCESSFUL-APPLICANTS-FOR-YOUTH-WOMEN-AND-COMMUNITY-GRANTS-MAZABUKA-CENTRAL.pdf|2026|Mazabuka Central|youth_women_community_grant|23|MBWAMILIMO CHIZOBO SIKALOZIA BANKING NOBLE BUSINESS VILLAGE|1|native
CDF-2026-SUCCESSFUL-APPLICANTS-FOR-YOUTH-WOMEN-AND-COMMUNITY-GRANTS-MAZABUKA-CENTRAL.pdf|2026|Mazabuka Central|youth_women_community_grant|24|BRANDS CHIZOBO KUNDALILA BANKING CHILANGWA GOAT|1|native
CDF-2026-SUCCESSFUL-APPLICANTS-FOR-YOUTH-WOMEN-AND-COMMUNITY-GRANTS-MAZABUKA-CENTRAL.pdf|2026|Mazabuka Central|youth_women_community_grant|25|CLUB CHIZOBO DIMBA REARING ASPRO VENTURES VILLAGE|1|native
CDF-2026-SUCCESSFUL-APPLICANTS-FOR-YOUTH-WOMEN-AND-COMMUNITY-GRANTS-MAZABUKA-CENTRAL.pdf|2026|Mazabuka Central|youth_women_community_grant|26|CLUB CHIZOBO KANGILA BANKING TAP THE CHICKEN|1|native
CDF-2026-SUCCESSFUL-APPLICANTS-FOR-YOUTH-WOMEN-AND-COMMUNITY-GRANTS-MAZABUKA-CENTRAL.pdf|2026|Mazabuka Central|youth_women_community_grant|27|GRACECLUB CHIZOBO DIMBA REARING VILLAGE|1|native
CDF-2026-SUCCESSFUL-APPLICANTS-FOR-YOUTH-WOMEN-AND-COMMUNITY-GRANTS-MAZABUKA-CENTRAL.pdf|2026|Mazabuka Central|youth_women_community_grant|28|LUKATA CLUB CHIZOBO SIKALOZIA BANKING MULONGWE CHICKEN|1|native
CDF-2026-SUCCESSFUL-APPLICANTS-FOR-YOUTH-WOMEN-AND-COMMUNITY-GRANTS-MAZABUKA-CENTRAL.pdf|2026|Mazabuka Central|youth_women_community_grant|29|MUBOTU CHIZOBO SIKALOZIA REARING KUNDALILA VILLAGE|1|native
CDF-2026-SUCCESSFUL-APPLICANTS-FOR-YOUTH-WOMEN-AND-COMMUNITY-GRANTS-MAZABUKA-CENTRAL.pdf|2026|Mazabuka Central|youth_women_community_grant|30|WOMEN'S CLUB CHIZOBO KANGILA BANKING MANABUCETE VILLAGE|1|native
CDF-2026-SUCCESSFUL-APPLICANTS-FOR-YOUTH-WOMEN-AND-COMMUNITY-GRANTS-MAZABUKA-CENTRAL.pdf|2026|Mazabuka Central|youth_women_community_grant|31|WOMEN'S CLUB KAONGA KAONGA BANKING LUKOMANO VILLAGE|1|native
CDF-2026-SUCCESSFUL-APPLICANTS-FOR-YOUTH-WOMEN-AND-COMMUNITY-GRANTS-MAZABUKA-CENTRAL.pdf|2026|Mazabuka Central|youth_women_community_grant|32|WOMEN'S CLUB KAONGA KAONGA BANKING LISIMBA MUKANGALA GOAT|1|native
CDF-2026-SUCCESSFUL-APPLICANTS-FOR-YOUTH-WOMEN-AND-COMMUNITY-GRANTS-MAZABUKA-CENTRAL.pdf|2026|Mazabuka Central|youth_women_community_grant|33|CLUB KAONGA BEAN KEEPING COLLABORATIVE MULTI-PURPOSE|1|native
CDF-2026-SUCCESSFUL-APPLICANTS-FOR-YOUTH-WOMEN-AND-COMMUNITY-GRANTS-MAZABUKA-CENTRAL.pdf|2026|Mazabuka Central|youth_women_community_grant|34|COOPERATIVE KAONGA BEAN FARMING VILLAGE|1|native
CDF-2026-SUCCESSFUL-APPLICANTS-FOR-YOUTH-WOMEN-AND-COMMUNITY-GRANTS-MAZABUKA-CENTRAL.pdf|2026|Mazabuka Central|youth_women_community_grant|35|POWER LOVERS KAONGA KAONGA BANKING TUZUNDE PEANUT WOMEN BUTTER|1|native
CDF-2026-SUCCESSFUL-APPLICANTS-FOR-YOUTH-WOMEN-AND-COMMUNITY-GRANTS-MAZABUKA-CENTRAL.pdf|2026|Mazabuka Central|youth_women_community_grant|36|EMPOWERMENT KAONGA CHILALA MAKING|1|native
CDF-2026-SUCCESSFUL-APPLICANTS-FOR-YOUTH-WOMEN-AND-COMMUNITY-GRANTS-MAZABUKA-CENTRAL.pdf|2026|Mazabuka Central|youth_women_community_grant|37|WORLD TOP CLUB KAONGA NJANJI POULTRY KAMIZA MIXED|1|native
CDF-2026-SUCCESSFUL-APPLICANTS-FOR-YOUTH-WOMEN-AND-COMMUNITY-GRANTS-MAZABUKA-CENTRAL.pdf|2026|Mazabuka Central|youth_women_community_grant|38|SUNSHINE LUBOMBO KALIKANA FARMING KINGDOM MINDED WOMENS VILLAGE|1|native
CDF-2026-SUCCESSFUL-APPLICANTS-FOR-YOUTH-WOMEN-AND-COMMUNITY-GRANTS-MAZABUKA-CENTRAL.pdf|2026|Mazabuka Central|youth_women_community_grant|39|CLUB LUBOMBO KUSHIYA BANKING GOAT|1|native
CDF-2026-SUCCESSFUL-APPLICANTS-FOR-YOUTH-WOMEN-AND-COMMUNITY-GRANTS-MAZABUKA-CENTRAL.pdf|2026|Mazabuka Central|youth_women_community_grant|40|KALUNDU CLUB LUBOMBO MAGOBBO KEEPING VILLAGE|2|native
CDF-2026-SUCCESSFUL-APPLICANTS-FOR-YOUTH-WOMEN-AND-COMMUNITY-GRANTS-MAZABUKA-CENTRAL.pdf|2026|Mazabuka Central|youth_women_community_grant|41|KASIIKA CLUB LUBOMBO LUBOMBO BANKING MOVER ONE VILLAGE|2|native
CDF-2026-SUCCESSFUL-APPLICANTS-FOR-YOUTH-WOMEN-AND-COMMUNITY-GRANTS-MAZABUKA-CENTRAL.pdf|2026|Mazabuka Central|youth_women_community_grant|42|CLUB LUBOMBO MAGOBBO BANKING MAGOBBO VILLAGE|2|native
CDF-2026-SUCCESSFUL-APPLICANTS-FOR-YOUTH-WOMEN-AND-COMMUNITY-GRANTS-MAZABUKA-CENTRAL.pdf|2026|Mazabuka Central|youth_women_community_grant|43|DISABILTY CLUB LUBOMBO MAGOBBO BANKING MAPENZI APA CROP|2|native
CDF-2026-SUCCESSFUL-APPLICANTS-FOR-YOUTH-WOMEN-AND-COMMUNITY-GRANTS-MAZABUKA-CENTRAL.pdf|2026|Mazabuka Central|youth_women_community_grant|44|MAANO LUBOMBO LUBOMBO FARMING TWAPENGA CHICKEN|2|native
CDF-2026-SUCCESSFUL-APPLICANTS-FOR-YOUTH-WOMEN-AND-COMMUNITY-GRANTS-MAZABUKA-CENTRAL.pdf|2026|Mazabuka Central|youth_women_community_grant|45|WOMENS CLUB LUBOMBO LUBOMBO REARING LUBOMBO COMBINED CHICKEN|2|native
CDF-2026-SUCCESSFUL-APPLICANTS-FOR-YOUTH-WOMEN-AND-COMMUNITY-GRANTS-MAZABUKA-CENTRAL.pdf|2026|Mazabuka Central|youth_women_community_grant|46|DORCUS CLUB LUBOMBO LUBOMBO REARING OUR GOAL CHICKEN|2|native
CDF-2026-SUCCESSFUL-APPLICANTS-FOR-YOUTH-WOMEN-AND-COMMUNITY-GRANTS-MAZABUKA-CENTRAL.pdf|2026|Mazabuka Central|youth_women_community_grant|47|WOMENS CLUB LUBOMBO LUBOMBO REARING TUJATANE WOMENS EMPOWERED VILLAGE|2|native
CDF-2026-SUCCESSFUL-APPLICANTS-FOR-YOUTH-WOMEN-AND-COMMUNITY-GRANTS-MAZABUKA-CENTRAL.pdf|2026|Mazabuka Central|youth_women_community_grant|48|CLUB LUBOMBO LUBOMBO BANKING LUBOMBO YOUNG FARMERS CROP|2|native
CDF-2026-SUCCESSFUL-APPLICANTS-FOR-YOUTH-WOMEN-AND-COMMUNITY-GRANTS-MAZABUKA-CENTRAL.pdf|2026|Mazabuka Central|youth_women_community_grant|49|CLUB LUBOMBO LUBOMBO FARMING LUTUSANE|2|native
CDF-2026-SUCCESSFUL-APPLICANTS-FOR-YOUTH-WOMEN-AND-COMMUNITY-GRANTS-MAZABUKA-CENTRAL.pdf|2026|Mazabuka Central|youth_women_community_grant|50|WOMENS CLUB LUBOMBO LUBOMBO TAILORING GOAT|2|native
CDF-2026-SUCCESSFUL-APPLICANTS-FOR-YOUTH-WOMEN-AND-COMMUNITY-GRANTS-MAZABUKA-CENTRAL.pdf|2026|Mazabuka Central|youth_women_community_grant|51|MPONGO CLUB LUBOMBO MAGOBBO KEEPING VILLAGE|2|native
CDF-2026-SUCCESSFUL-APPLICANTS-FOR-YOUTH-WOMEN-AND-COMMUNITY-GRANTS-MAZABUKA-CENTRAL.pdf|2026|Mazabuka Central|youth_women_community_grant|52|YOUNG MINDS LUBOMBO HAMAPULA BANKING SYEVEKA HAYA MAZABUKA|2|native
CDF-2026-SUCCESSFUL-APPLICANTS-FOR-YOUTH-WOMEN-AND-COMMUNITY-GRANTS-MAZABUKA-CENTRAL.pdf|2026|Mazabuka Central|youth_women_community_grant|53|MULTI PURPOSE CENTRAL HOSPITAL POUTRY ROSEBE YOUTH MAZABUKA|2|native
CDF-2026-SUCCESSFUL-APPLICANTS-FOR-YOUTH-WOMEN-AND-COMMUNITY-GRANTS-MAZABUKA-CENTRAL.pdf|2026|Mazabuka Central|youth_women_community_grant|54|CLUB CENTRAL NAKAMBALA EAST POUTRY TUSOLE 670 MAZABUKA VILLAGE|2|native
CDF-2026-SUCCESSFUL-APPLICANTS-FOR-YOUTH-WOMEN-AND-COMMUNITY-GRANTS-MAZABUKA-CENTRAL.pdf|2026|Mazabuka Central|youth_women_community_grant|55|YOUTH CLUB CENTRAL NDEKE B BANKING MAZABUKA GOAT|2|native
CDF-2026-SUCCESSFUL-APPLICANTS-FOR-YOUTH-WOMEN-AND-COMMUNITY-GRANTS-MAZABUKA-CENTRAL.pdf|2026|Mazabuka Central|youth_women_community_grant|56|NAMSIS CLUB CENTRAL KABOBOLA REARING HAPPY ENGEL MAZABUKA|2|native
CDF-2026-SUCCESSFUL-APPLICANTS-FOR-YOUTH-WOMEN-AND-COMMUNITY-GRANTS-MAZABUKA-CENTRAL.pdf|2026|Mazabuka Central|youth_women_community_grant|57|WOMEN CLUB CENTRAL HOSPITAL POUTRY FOCUS YOUTH MAZABUKA|2|native
CDF-2026-SUCCESSFUL-APPLICANTS-FOR-YOUTH-WOMEN-AND-COMMUNITY-GRANTS-MAZABUKA-CENTRAL.pdf|2026|Mazabuka Central|youth_women_community_grant|58|CLUB CENTRAL MASCO POUTRY MAZOKA YOUTH MAZABUKA GOAT|2|native
CDF-2026-SUCCESSFUL-APPLICANTS-FOR-YOUTH-WOMEN-AND-COMMUNITY-GRANTS-MAZABUKA-CENTRAL.pdf|2026|Mazabuka Central|youth_women_community_grant|59|CLUB CENTRAL HOSPITAL REARING CHIPAKALISHA MAZABUKA|2|native
CDF-2026-SUCCESSFUL-APPLICANTS-FOR-YOUTH-WOMEN-AND-COMMUNITY-GRANTS-MAZABUKA-CENTRAL.pdf|2026|Mazabuka Central|youth_women_community_grant|60|YOUTH CLUB CENTRAL NDEKE B POUTRY TRIMLAND MULTI PURPOSE MAZABUKA|2|native
CDF-2026-SUCCESSFUL-APPLICANTS-FOR-YOUTH-WOMEN-AND-COMMUNITY-GRANTS-MAZABUKA-CENTRAL.pdf|2026|Mazabuka Central|youth_women_community_grant|61|COOPERATIVE CENTRAL OLD BOMA POUTRY MORINGA CHICKS MAZABUKA|2|native
CDF-2026-SUCCESSFUL-APPLICANTS-FOR-YOUTH-WOMEN-AND-COMMUNITY-GRANTS-MAZABUKA-CENTRAL.pdf|2026|Mazabuka Central|youth_women_community_grant|62|CLUB CENTRAL HOSPITAL POUTRY PHAMODZI MAZABUKA|3|native
CDF-2026-SUCCESSFUL-APPLICANTS-FOR-YOUTH-WOMEN-AND-COMMUNITY-GRANTS-MAZABUKA-CENTRAL.pdf|2026|Mazabuka Central|youth_women_community_grant|63|DISABLED CLUB CENTRAL NJANJI POUTRY WATAZUMA MAZABUKA|3|native
CDF-2026-SUCCESSFUL-APPLICANTS-FOR-YOUTH-WOMEN-AND-COMMUNITY-GRANTS-MAZABUKA-CENTRAL.pdf|2026|Mazabuka Central|youth_women_community_grant|64|WOMEN CLUB CENTRAL NAKAMBALA EAST POUTRY NCANCOBENI MAZABUKA VILLAGE|3|native
CDF-2026-SUCCESSFUL-APPLICANTS-FOR-YOUTH-WOMEN-AND-COMMUNITY-GRANTS-MAZABUKA-CENTRAL.pdf|2026|Mazabuka Central|youth_women_community_grant|65|WOMEN CLUB CENTRAL NJANJI BANKING COLLECTION TWAASOLA MAZABUKA OF WASTE|3|native
CDF-2026-SUCCESSFUL-APPLICANTS-FOR-YOUTH-WOMEN-AND-COMMUNITY-GRANTS-MAZABUKA-CENTRAL.pdf|2026|Mazabuka Central|youth_women_community_grant|66|DISABLED CLUB CENTRAL NAKAMBALA EAST MATERIALS MICA MULTI MAZABUKA|3|native
CDF-2026-SUCCESSFUL-APPLICANTS-FOR-YOUTH-WOMEN-AND-COMMUNITY-GRANTS-MAZABUKA-CENTRAL.pdf|2026|Mazabuka Central|youth_women_community_grant|67|PURPOSE YOUTH CENTRAL OLD BOMA POUTRY OWN PURSHER MAZABUKA|3|native
CDF-2026-SUCCESSFUL-APPLICANTS-FOR-YOUTH-WOMEN-AND-COMMUNITY-GRANTS-MAZABUKA-CENTRAL.pdf|2026|Mazabuka Central|youth_women_community_grant|68|MULTI PURPOSE CENTRAL LUYOBOBOLA POUTRY MAZABUKA TUYUME OSAWE MAZABUKA GOAT|3|native
CDF-2026-SUCCESSFUL-APPLICANTS-FOR-YOUTH-WOMEN-AND-COMMUNITY-GRANTS-MAZABUKA-CENTRAL.pdf|2026|Mazabuka Central|youth_women_community_grant|69|CLUB CENTRAL MASCO REARING ST PATRICK MAZABUKA|3|native
CDF-2026-SUCCESSFUL-APPLICANTS-FOR-YOUTH-WOMEN-AND-COMMUNITY-GRANTS-MAZABUKA-CENTRAL.pdf|2026|Mazabuka Central|youth_women_community_grant|70|CHRISTIAN CLUB CENTRAL NAKAMBALA EAST POUTRY KABOBOLA SHAROM YOUTH MAZABUKA|3|native
CDF-2026-SUCCESSFUL-APPLICANTS-FOR-YOUTH-WOMEN-AND-COMMUNITY-GRANTS-MAZABUKA-CENTRAL.pdf|2026|Mazabuka Central|youth_women_community_grant|71|CLUB CENTRAL KABOBOLA POUTRY NDEKE COMMUNITY HOME BASED MAZABUKA|3|native
CDF-2026-SUCCESSFUL-APPLICANTS-FOR-YOUTH-WOMEN-AND-COMMUNITY-GRANTS-MAZABUKA-CENTRAL.pdf|2026|Mazabuka Central|youth_women_community_grant|72|CARE CENTRAL NDEKE B POUTRY SOKO MAZABUKA|3|native
CDF-2026-SUCCESSFUL-APPLICANTS-FOR-YOUTH-WOMEN-AND-COMMUNITY-GRANTS-MAZABUKA-CENTRAL.pdf|2026|Mazabuka Central|youth_women_community_grant|73|COOPERATIVE CENTRAL HOSPITAL POULTRY JORDAN PENTECOATAL HOLINESS MAZABUKA CHICKEN|3|native
CDF-2026-SUCCESSFUL-APPLICANTS-FOR-YOUTH-WOMEN-AND-COMMUNITY-GRANTS-MAZABUKA-CENTRAL.pdf|2026|Mazabuka Central|youth_women_community_grant|74|CHURCH CENTRAL KABOBOLA REARING PAKAYIPAYI VILLAGE|3|native
CDF-2026-SUCCESSFUL-APPLICANTS-FOR-YOUTH-WOMEN-AND-COMMUNITY-GRANTS-MAZABUKA-CENTRAL.pdf|2026|Mazabuka Central|youth_women_community_grant|75|WOMEN'S CLUB MUGOTO MAFWELE BANKING BUSONGO MUVWU GOAT|3|native
CDF-2026-SUCCESSFUL-APPLICANTS-FOR-YOUTH-WOMEN-AND-COMMUNITY-GRANTS-MAZABUKA-CENTRAL.pdf|2026|Mazabuka Central|youth_women_community_grant|76|WOMEN'S CLUB MUGOTO KACHEMBELE REARING MWANAMUCHELE CHICKEN|3|native
CDF-2026-SUCCESSFUL-APPLICANTS-FOR-YOUTH-WOMEN-AND-COMMUNITY-GRANTS-MAZABUKA-CENTRAL.pdf|2026|Mazabuka Central|youth_women_community_grant|77|WOMEN'S CLUB MUGOTO MUNSANGU REARING WAPENGA GOAT|3|native
CDF-2026-SUCCESSFUL-APPLICANTS-FOR-YOUTH-WOMEN-AND-COMMUNITY-GRANTS-MAZABUKA-CENTRAL.pdf|2026|Mazabuka Central|youth_women_community_grant|78|OMUNENE CLUB MUGOTO MUNSANGU KEEPING MAGOTO AGRICULTURAL COOPERATIVE COOKING OIL|3|native
CDF-2026-SUCCESSFUL-APPLICANTS-FOR-YOUTH-WOMEN-AND-COMMUNITY-GRANTS-MAZABUKA-CENTRAL.pdf|2026|Mazabuka Central|youth_women_community_grant|79|SOCIETY MUGOTO MUGOTO PROCESSING ZII MANINGI MULTI-PURPOSE COOPERATIVE|3|native
CDF-2026-SUCCESSFUL-APPLICANTS-FOR-YOUTH-WOMEN-AND-COMMUNITY-GRANTS-MAZABUKA-CENTRAL.pdf|2026|Mazabuka Central|youth_women_community_grant|80|SOCIETY MUGOTO MUGOTO FARMING UNITY TUZUNDE GOAT|3|native
CDF-2026-SUCCESSFUL-APPLICANTS-FOR-YOUTH-WOMEN-AND-COMMUNITY-GRANTS-MAZABUKA-CENTRAL.pdf|2026|Mazabuka Central|youth_women_community_grant|81|WOMEN'S M.P.C MUGOTO MUGOTO REARING MASANGU MULTI PURPOSE COOPERATIVE CHICKEN|4|native
CDF-2026-SUCCESSFUL-APPLICANTS-FOR-YOUTH-WOMEN-AND-COMMUNITY-GRANTS-MAZABUKA-CENTRAL.pdf|2026|Mazabuka Central|youth_women_community_grant|82|SOCIETY MUGOTO MUSANGU REARING MUGOTO DAIRY & GOAT|4|native
CDF-2026-SUCCESSFUL-APPLICANTS-FOR-YOUTH-WOMEN-AND-COMMUNITY-GRANTS-MAZABUKA-CENTRAL.pdf|2026|Mazabuka Central|youth_women_community_grant|83|IRRIGATION MUGOTO MAFWELE REARING CHAKOLA M.C. GOAT|4|native
CDF-2026-SUCCESSFUL-APPLICANTS-FOR-YOUTH-WOMEN-AND-COMMUNITY-GRANTS-MAZABUKA-CENTRAL.pdf|2026|Mazabuka Central|youth_women_community_grant|84|SOCIETY MUGOTO CHAKOLA REARING NEW KAMULANGA GOAT|4|native
CDF-2026-SUCCESSFUL-APPLICANTS-FOR-YOUTH-WOMEN-AND-COMMUNITY-GRANTS-MAZABUKA-CENTRAL.pdf|2026|Mazabuka Central|youth_women_community_grant|85|YOUTH CLUB MUGOTO CHAKOLA REARING MUCENJE MULTIPURPOSE COOPERATIVE VILLAGE|4|native
CDF-2026-SUCCESSFUL-APPLICANTS-FOR-YOUTH-WOMEN-AND-COMMUNITY-GRANTS-MAZABUKA-CENTRAL.pdf|2026|Mazabuka Central|youth_women_community_grant|86|SOCIETY MUGOTO MUGOTO BANKING CHIKOLA BRANCH VILLAGE|4|native
CDF-2026-SUCCESSFUL-APPLICANTS-FOR-YOUTH-WOMEN-AND-COMMUNITY-GRANTS-MAZABUKA-CENTRAL.pdf|2026|Mazabuka Central|youth_women_community_grant|87|COOPERATIVE MUGOTO MUGOTO BANKING TUGWASHANE VILLAGE|4|native
CDF-2026-SUCCESSFUL-APPLICANTS-FOR-YOUTH-WOMEN-AND-COMMUNITY-GRANTS-MAZABUKA-CENTRAL.pdf|2026|Mazabuka Central|youth_women_community_grant|88|WOMEN`S CLUB MUGOTO MUNSANGU BANKING INTRERESTED VILLAGE|4|native
CDF-2026-SUCCESSFUL-APPLICANTS-FOR-YOUTH-WOMEN-AND-COMMUNITY-GRANTS-MAZABUKA-CENTRAL.pdf|2026|Mazabuka Central|youth_women_community_grant|89|YOUTH CLUB MUGOTO MUNSANGU BANKING BUKA WOMEN'S GOAT|4|native
CDF-2026-SUCCESSFUL-APPLICANTS-FOR-YOUTH-WOMEN-AND-COMMUNITY-GRANTS-MAZABUKA-CENTRAL.pdf|2026|Mazabuka Central|youth_women_community_grant|90|CLUB MUGOTO MAFWELE KEEPING WEBNJO COOPERATIVE TAXI|4|native
CDF-2026-SUCCESSFUL-APPLICANTS-FOR-YOUTH-WOMEN-AND-COMMUNITY-GRANTS-MAZABUKA-CENTRAL.pdf|2026|Mazabuka Central|youth_women_community_grant|91|CLUB NAKAMBALA NJOMONA A BUSINESS IZUZEWE MULTIPURPOSE CHICKEN|4|native
CDF-2026-SUCCESSFUL-APPLICANTS-FOR-YOUTH-WOMEN-AND-COMMUNITY-GRANTS-MAZABUKA-CENTRAL.pdf|2026|Mazabuka Central|youth_women_community_grant|92|CLUB NAKAMBALA NKABIKA B REARING CHICKEN|4|native
CDF-2026-SUCCESSFUL-APPLICANTS-FOR-YOUTH-WOMEN-AND-COMMUNITY-GRANTS-MAZABUKA-CENTRAL.pdf|2026|Mazabuka Central|youth_women_community_grant|93|LWANZA CLUB NAKAMBALA KABANJE REARING CHICKEN|4|native
CDF-2026-SUCCESSFUL-APPLICANTS-FOR-YOUTH-WOMEN-AND-COMMUNITY-GRANTS-MAZABUKA-CENTRAL.pdf|2026|Mazabuka Central|youth_women_community_grant|94|ZAMDELI CLUB NAKAMBALA KABANJE REARING VILLAGE|4|native
CDF-2026-SUCCESSFUL-APPLICANTS-FOR-YOUTH-WOMEN-AND-COMMUNITY-GRANTS-MAZABUKA-CENTRAL.pdf|2026|Mazabuka Central|youth_women_community_grant|95|NYENYEZI CLUB NAKAMBALA BANKING BRIGHT VISION CHICKEN|4|native
CDF-2026-SUCCESSFUL-APPLICANTS-FOR-YOUTH-WOMEN-AND-COMMUNITY-GRANTS-MAZABUKA-CENTRAL.pdf|2026|Mazabuka Central|youth_women_community_grant|96|YOUTH CLUB NAKAMBALA KABANJE REARING DRIVE RACE CHICKEN|4|native
CDF-2026-SUCCESSFUL-APPLICANTS-FOR-YOUTH-WOMEN-AND-COMMUNITY-GRANTS-MAZABUKA-CENTRAL.pdf|2026|Mazabuka Central|youth_women_community_grant|97|CLUB NAKAMBALA KABANJE REARING CHICKEN|4|native
CDF-2026-SUCCESSFUL-APPLICANTS-FOR-YOUTH-WOMEN-AND-COMMUNITY-GRANTS-MAZABUKA-CENTRAL.pdf|2026|Mazabuka Central|youth_women_community_grant|98|JOAN JOMO CLUB NAKAMBALA NJOMONA A REARING CHICKEN|4|native
CDF-2026-SUCCESSFUL-APPLICANTS-FOR-YOUTH-WOMEN-AND-COMMUNITY-GRANTS-MAZABUKA-CENTRAL.pdf|2026|Mazabuka Central|youth_women_community_grant|99|DAMIWE CLUB NAKAMBALA KABANJE REARING TWAPENGA VILLAGE|4|native
CDF-2026-SUCCESSFUL-APPLICANTS-FOR-YOUTH-WOMEN-AND-COMMUNITY-GRANTS-MAZABUKA-CENTRAL.pdf|2026|Mazabuka Central|youth_women_community_grant|100|WOMENS CLUB NAKAMBALA NJOMONA BANKING SHAKAANO VILLAGE|4|native
CDF-2026-SUCCESSFUL-APPLICANTS-FOR-YOUTH-WOMEN-AND-COMMUNITY-GRANTS-MAZABUKA-CENTRAL.pdf|2026|Mazabuka Central|youth_women_community_grant|101|VILLAGE NAKAMBALA NJOMONA A BANKING|5|native
CDF-2026-SUCCESSFUL-APPLICANTS-FOR-YOUTH-WOMEN-AND-COMMUNITY-GRANTS-MAZABUKA-CENTRAL.pdf|2026|Mazabuka Central|youth_women_community_grant|102|NJOMONA TSOMO NAKAMBALA NJOMONA POULTRY MUKOWA VILLAGE VILLAGE|5|native
CDF-2026-SUCCESSFUL-APPLICANTS-FOR-YOUTH-WOMEN-AND-COMMUNITY-GRANTS-MAZABUKA-CENTRAL.pdf|2026|Mazabuka Central|youth_women_community_grant|103|BANKING NAKAMBALA NJOMONA A BANKING KALONGA YOUTH VILLAGE|5|native
CDF-2026-SUCCESSFUL-APPLICANTS-FOR-YOUTH-WOMEN-AND-COMMUNITY-GRANTS-MAZABUKA-CENTRAL.pdf|2026|Mazabuka Central|youth_women_community_grant|104|CLUB NAKAMBALA NJOMONA BANKING|5|native
CDF-2026-SUCCESSFUL-APPLICANTS-FOR-YOUTH-WOMEN-AND-COMMUNITY-GRANTS-MAZABUKA-CENTRAL.pdf|2026|Mazabuka Central|youth_women_community_grant|105|WHITE CLUB NAKAMBALA MISALE POULTRY MARVELOUS|5|native
CDF-2026-SUCCESSFUL-APPLICANTS-FOR-YOUTH-WOMEN-AND-COMMUNITY-GRANTS-MAZABUKA-CENTRAL.pdf|2026|Mazabuka Central|youth_women_community_grant|106|CLUB NAKAMBALA NJOMONA POULTRY BUSONGO YOUTH VILLAGE|5|native
CDF-2026-SUCCESSFUL-APPLICANTS-FOR-YOUTH-WOMEN-AND-COMMUNITY-GRANTS-MAZABUKA-CENTRAL.pdf|2026|Mazabuka Central|youth_women_community_grant|107|CLUB NAKAMBALA KABANJE BANKING GRACEMA POULTRY|5|native
CDF-2026-SUCCESSFUL-APPLICANTS-FOR-YOUTH-WOMEN-AND-COMMUNITY-GRANTS-MAZABUKA-CENTRAL.pdf|2026|Mazabuka Central|youth_women_community_grant|108|SUCCESS CLUB NEGA-NEGA NANGA FARMING VILLAGE|5|native
CDF-2026-SUCCESSFUL-APPLICANTS-FOR-YOUTH-WOMEN-AND-COMMUNITY-GRANTS-MAZABUKA-CENTRAL.pdf|2026|Mazabuka Central|youth_women_community_grant|109|MUNALI CLUB NEGA-NEGA NANGA BANKING GOAT|5|native
CDF-2026-SUCCESSFUL-APPLICANTS-FOR-YOUTH-WOMEN-AND-COMMUNITY-GRANTS-MAZABUKA-CENTRAL.pdf|2026|Mazabuka Central|youth_women_community_grant|110|NANGA CLUB NEGA-NEGA NANGA REARING NYAKALALO|5|native
CDF-2026-SUCCESSFUL-APPLICANTS-FOR-YOUTH-WOMEN-AND-COMMUNITY-GRANTS-MAZABUKA-CENTRAL.pdf|2026|Mazabuka Central|youth_women_community_grant|111|CLUB NEGA-NEGA NANGA PIGGERY GOAT|5|native
CDF-2026-SUCCESSFUL-APPLICANTS-FOR-YOUTH-WOMEN-AND-COMMUNITY-GRANTS-MAZABUKA-CENTRAL.pdf|2026|Mazabuka Central|youth_women_community_grant|112|MWEKESHA CLUB NEGA-NEGA NANGA REARING TUBELEKE VILLAGE|5|native
CDF-2026-SUCCESSFUL-APPLICANTS-FOR-YOUTH-WOMEN-AND-COMMUNITY-GRANTS-MAZABUKA-CENTRAL.pdf|2026|Mazabuka Central|youth_women_community_grant|113|WOMEN'S CLUB NEGA-NEGA MALUBALE ZONE 4 BANKING CARBLACK VILLAGE|5|native
CDF-2026-SUCCESSFUL-APPLICANTS-FOR-YOUTH-WOMEN-AND-COMMUNITY-GRANTS-MAZABUKA-CENTRAL.pdf|2026|Mazabuka Central|youth_women_community_grant|114|GROUP NEGA-NEGA ZONE 4 BANKING KAMUCHEBA VILLAGE|5|native
CDF-2026-SUCCESSFUL-APPLICANTS-FOR-YOUTH-WOMEN-AND-COMMUNITY-GRANTS-MAZABUKA-CENTRAL.pdf|2026|Mazabuka Central|youth_women_community_grant|115|MUSNSI NEGA-NEGA MALUBALE BANKING VILLAGE|5|native
CDF-2026-SUCCESSFUL-APPLICANTS-FOR-YOUTH-WOMEN-AND-COMMUNITY-GRANTS-MAZABUKA-CENTRAL.pdf|2026|Mazabuka Central|youth_women_community_grant|116|BOOLA UBONE NEGA-NEGA MALUBALE BANKING VILLAGE|5|native
CDF-2026-SUCCESSFUL-APPLICANTS-FOR-YOUTH-WOMEN-AND-COMMUNITY-GRANTS-MAZABUKA-CENTRAL.pdf|2026|Mazabuka Central|youth_women_community_grant|117|BUCE BUCE NEGA-NEGA NANGA BANKING POULTRY|5|native
CDF-2026-SUCCESSFUL-APPLICANTS-FOR-YOUTH-WOMEN-AND-COMMUNITY-GRANTS-MAZABUKA-CENTRAL.pdf|2026|Mazabuka Central|youth_women_community_grant|118|TWEELELE NEGA-NEGA NEGA-NEGA FARMING MILIMO VILLAGE|5|native
CDF-2026-SUCCESSFUL-APPLICANTS-FOR-YOUTH-WOMEN-AND-COMMUNITY-GRANTS-MAZABUKA-CENTRAL.pdf|2026|Mazabuka Central|youth_women_community_grant|119|KUMBELE CLUB NEGA-NEGA N BANKING CHICKEN|5|native
CDF-2026-SUCCESSFUL-APPLICANTS-FOR-YOUTH-WOMEN-AND-COMMUNITY-GRANTS-MAZABUKA-CENTRAL.pdf|2026|Mazabuka Central|youth_women_community_grant|120|MBUYOTI CLUB NEGA-NEGA NANGA REARING LULANGILO MUTIPURPOSE GOAT CLUB|5|native
CDF-2026-SUCCESSFUL-APPLICANTS-FOR-YOUTH-WOMEN-AND-COMMUNITY-GRANTS-MAZABUKA-CENTRAL.pdf|2026|Mazabuka Central|youth_women_community_grant|121|SIYOWI KALAMBABAKALI REARING ALUMBWE|5|native
CDF-2026-SUCCESSFUL-APPLICANTS-FOR-YOUTH-WOMEN-AND-COMMUNITY-GRANTS-MAZABUKA-CENTRAL.pdf|2026|Mazabuka Central|youth_women_community_grant|122|YOUTH CLUB SIYOWI RESEARCH POULTRY KAWAMA YOUTH|5|native
CDF-2026-SUCCESSFUL-APPLICANTS-FOR-YOUTH-WOMEN-AND-COMMUNITY-GRANTS-MAZABUKA-CENTRAL.pdf|2026|Mazabuka Central|youth_women_community_grant|123|CLUB SIYOWI RESEARCH POULTRY MATALIKO VILLAGE|5|native
CDF-2026-SUCCESSFUL-APPLICANTS-FOR-YOUTH-WOMEN-AND-COMMUNITY-GRANTS-MAZABUKA-CENTRAL.pdf|2026|Mazabuka Central|youth_women_community_grant|124|YOUTH CLUB SIYOWI ZIAH RESERCH BANKING MUNGAUNYA GOAT|5|native
CDF-2026-SUCCESSFUL-APPLICANTS-FOR-YOUTH-WOMEN-AND-COMMUNITY-GRANTS-MAZABUKA-CENTRAL.pdf|2026|Mazabuka Central|youth_women_community_grant|125|WAMEN'S CLUB SIYOWI KALAMBAKALI REARING PENZI MBOONA GOAT|5|native
CDF-2026-SUCCESSFUL-APPLICANTS-FOR-YOUTH-WOMEN-AND-COMMUNITY-GRANTS-MAZABUKA-CENTRAL.pdf|2026|Mazabuka Central|youth_women_community_grant|126|COOPERATIVE SIYOWI KALAMBAKALI REARING CHENGELO POULTRY|6|native
CDF-2026-SUCCESSFUL-APPLICANTS-FOR-YOUTH-WOMEN-AND-COMMUNITY-GRANTS-MAZABUKA-CENTRAL.pdf|2026|Mazabuka Central|youth_women_community_grant|127|COOPERATIVE SIYOWI NGOMA FARMING WALUSUNGU POULTRY|6|native
CDF-2026-SUCCESSFUL-APPLICANTS-FOR-YOUTH-WOMEN-AND-COMMUNITY-GRANTS-MAZABUKA-CENTRAL.pdf|2026|Mazabuka Central|youth_women_community_grant|128|WOMEN'S CLUB SIYOWI RESEARCH FARMING CAABA WOMEN'S GOAT|6|native
CDF-2026-SUCCESSFUL-APPLICANTS-FOR-YOUTH-WOMEN-AND-COMMUNITY-GRANTS-MAZABUKA-CENTRAL.pdf|2026|Mazabuka Central|youth_women_community_grant|129|CLUB SIYOWI SIYOWI REARING BBOMBA GOAT|6|native
CDF-2026-SUCCESSFUL-APPLICANTS-FOR-YOUTH-WOMEN-AND-COMMUNITY-GRANTS-MAZABUKA-CENTRAL.pdf|2026|Mazabuka Central|youth_women_community_grant|130|WOMEN'S CLUB SIYOWI KALAMBAKALI REARING UPPER MULILO MAINTAINING|6|native
CDF-2026-SUCCESSFUL-APPLICANTS-FOR-YOUTH-WOMEN-AND-COMMUNITY-GRANTS-MAZABUKA-CENTRAL.pdf|2026|Mazabuka Central|youth_women_community_grant|131|MULTI PURPOSE SIYOWI KALAMBAKALI DIP TANKL OOLI CHOOLWE GOAT|6|native
CDF-2026-SUCCESSFUL-APPLICANTS-FOR-YOUTH-WOMEN-AND-COMMUNITY-GRANTS-MAZABUKA-CENTRAL.pdf|2026|Mazabuka Central|youth_women_community_grant|132|WOMEN'S CLUB SIYOWI NGOMA REARING SIYOWI YOUTH|6|native
CDF-2026-SUCCESSFUL-APPLICANTS-FOR-YOUTH-WOMEN-AND-COMMUNITY-GRANTS-MAZABUKA-CENTRAL.pdf|2026|Mazabuka Central|youth_women_community_grant|133|CLUB SIYOWI SIYOWI GARDENING KAWAMA S.D.S|6|native
CDF-2026-SUCCESSFUL-APPLICANTS-FOR-YOUTH-WOMEN-AND-COMMUNITY-GRANTS-MAZABUKA-CENTRAL.pdf|2026|Mazabuka Central|youth_women_community_grant|134|YOUTH CLUB SIYOWI RESEARCH BRASS BAND BACHEMU GOAT|6|native
CDF-2026-SUCCESSFUL-APPLICANTS-FOR-YOUTH-WOMEN-AND-COMMUNITY-GRANTS-MAZABUKA-CENTRAL.pdf|2026|Mazabuka Central|youth_women_community_grant|135|COOPERATIVE SIYOWI KALAMBAKALI REARING NGUZU HIV/AIDS POULTRY|6|native
CDF-2026-SUCCESSFUL-APPLICANTS-FOR-YOUTH-WOMEN-AND-COMMUNITY-GRANTS-MAZABUKA-CENTRAL.pdf|2026|Mazabuka Central|youth_women_community_grant|136|SUPPORT GROUP SIYOWI RESEARCH FARMING Judith Mukwita Maambo (Mrs)|6|native
